umap_1,umap_2,cardio
13.114207,-0.18514207,1
-0.8052388,-2.99763,0
14.059398,9.65148,1
-1.7631565,-2.317167,0
-3.6168633,10.928584,1
-4.356135,3.9129353,0
0.14340664,-2.9247627,0
10.410988,11.706107,1
3.277837,12.562508,1
-0.15841466,0.17194197,0
-1.3670791,-1.8998212,1
1.2266259,-1.5145307,0
11.2907295,12.30508,0
14.812783,4.01695,1
10.285232,11.492527,0
-1.4564053,10.553051,1
7.3729925,6.6179338,1
0.25596184,-1.9418488,1
1.8836031,7.0456095,1
11.705344,-3.2750165,1
8.100329,5.852737,0
-1.2825761,1.4527528,1
1.2251158,14.059505,0
13.512636,-0.66532207,0
4.4860353,13.327158,0
3.5552263,12.172736,0
-3.9974484,13.159712,1
11.085808,11.9047165,0
9.904668,7.4996247,1
-4.9389853,2.0996084,1
12.924246,-3.3660083,0
7.59236,6.526079,0
-6.450976,3.5417159,0
-6.4469576,2.7179122,0
0.3556724,-0.9394776,0
-3.7528956,12.984534,0
-4.561553,2.869803,1
13.313507,-0.32967415,1
10.892234,13.380718,0
14.003457,9.361201,1
-0.9667657,2.3066535,1
13.585998,-0.46802172,0
-3.0855982,-0.92376006,0
10.563573,1.4615574,1
-1.5982523,10.742554,1
-4.9895873,1.997672,1
-5.8537917,9.489443,0
-1.0119246,-0.022900045,0
12.681587,-2.119674,1
10.52197,1.4613343,1
-0.27522781,-0.1775563,0
-1.8725089,-1.6875464,0
-5.499137,11.175946,0
-0.5152874,1.8176826,1
7.411264,6.4219284,1
1.9184116,6.8889937,0
0.10019332,-0.93991554,0
1.266841,-0.91907495,1
15.30705,4.1607475,1
4.1681304,12.953536,1
13.935933,10.218236,1
-3.55788,12.14429,0
-0.8377067,-1.3958493,0
-0.8351733,-0.46934396,0
10.267473,11.539812,1
13.839255,9.46243,1
9.241462,0.7267631,1
-4.317016,13.410567,0
10.898778,13.126981,1
-3.7648773,13.416958,0
-3.631075,10.7962055,1
-5.653103,8.817685,0
13.526079,9.340354,1
8.292227,2.5165544,1
-6.2224593,3.2882082,1
9.016739,12.61797,0
14.489518,9.642184,0
2.0024557,6.909162,0
7.1607738,6.74861,1
2.9870222,12.405692,1
13.16307,-3.4676383,1
-5.401668,11.907038,0
14.559769,9.864125,1
4.176762,14.926124,0
-0.5792696,1.8337715,1
12.925848,4.1847277,0
9.045595,12.281828,0
8.107729,2.5154135,1
-0.7902368,1.2548225,1
-2.1008399,10.534827,1
-4.6665406,11.0541725,0
10.897906,13.540724,0
2.5236976,11.37356,0
1.5715206,7.007828,1
0.8253436,6.2046447,1
4.600556,13.2892685,0
0.20629355,-0.50542873,0
1.1150782,5.872834,1
-0.010613477,6.363222,1
12.001894,-3.018706,1
-5.012404,12.742664,0
13.365949,4.0714264,1
-5.9491863,2.4363422,0
8.455778,5.9494257,0
9.09423,12.629048,1
14.190672,9.214454,1
1.2766926,13.352315,0
14.162449,9.774326,1
-5.9588695,11.948714,0
-4.19163,12.408619,0
8.022656,6.789389,0
9.896952,13.022096,1
13.28067,-0.40113914,1
-3.2379212,12.782201,1
-3.8285868,10.6171875,1
15.501484,4.170346,1
-5.1357207,11.498541,0
-0.65890473,-3.3131056,0
13.404635,4.191012,0
-0.69997627,1.7111337,1
14.490402,10.282254,1
10.851174,13.456029,1
-0.5979218,-3.301545,1
-2.9327197,-0.82653475,0
13.884634,10.179345,0
-1.782363,2.4120834,1
14.193055,9.595986,1
9.100278,12.261201,1
0.95798683,-0.37054878,1
9.870537,12.040774,1
0.2655622,5.7552443,1
11.846606,-3.0223157,1
-2.380732,-2.022336,1
-1.3019377,9.676964,1
0.27588174,-2.3048592,1
1.3791218,13.752964,1
0.4857399,-3.2807114,0
4.466593,15.135251,0
7.3825064,6.092565,0
14.561889,10.288775,1
1.0931205,-0.9350488,1
-5.7268443,8.46085,0
-4.872578,4.2107353,0
3.2381554,12.756981,0
-1.1480399,10.099076,0
1.6011674,-2.765747,0
7.9227324,6.002133,0
-6.0879498,2.46094,0
1.5254316,-1.7636944,0
-4.1825614,3.3826966,0
6.996035,2.3673398,0
9.727549,1.0365059,0
1.6569563,5.668823,1
11.972316,-3.0217388,1
13.526726,10.252603,1
14.281553,3.5802085,0
-3.2929375,12.358883,1
9.316095,7.4267726,1
-3.3551888,13.130255,1
1.3120003,4.472834,0
9.538323,0.8207452,1
11.173107,13.182946,0
-1.346927,-1.9482715,0
7.5617433,2.2446826,1
13.047048,-3.4840977,0
13.615801,9.697814,1
1.4908092,13.2128105,1
-0.23938775,-1.9410495,0
3.9848907,12.327166,0
3.9027736,12.11642,1
-4.642729,12.9678135,0
7.319505,6.0836716,1
0.5616113,-2.0545099,1
-6.7809496,3.6146946,0
14.652648,10.178117,0
-7.0082636,3.437974,1
-3.3714604,12.902998,0
1.393675,-2.323226,0
13.095078,-3.7617893,1
-1.3119061,9.453853,1
15.257485,3.9506168,0
1.3638508,13.235963,0
10.630386,1.5963705,1
10.673282,11.651765,1
-4.9951653,11.401906,1
-4.9521937,11.464617,0
3.4396453,12.586959,1
1.3598104,13.742883,1
9.591204,1.5596575,1
-1.2390043,-1.8940539,0
-4.927723,4.462801,0
-4.724287,3.662855,1
11.313564,12.371589,0
-3.817889,12.968279,0
3.7762413,12.362218,0
9.838107,12.355871,0
-6.1660643,8.378262,0
-1.947291,-2.3794367,1
3.7694416,12.075347,1
9.6083555,1.5618521,1
3.7213023,14.050321,0
-4.148276,3.3531015,0
4.869157,12.5896225,0
8.470437,5.826055,0
9.854877,1.4301897,1
-1.5592139,1.1138994,0
-1.000221,0.25787514,0
7.7118464,5.9705715,0
9.9079895,1.4671762,1
1.8849884,14.742012,0
1.0647428,6.1893153,0
9.215087,7.002332,1
11.410626,12.782059,0
1.086659,7.10365,1
4.113497,14.831864,0
-1.7587984,-1.6942545,1
15.705099,4.3306665,0
8.428042,3.3701155,1
11.357703,13.131861,0
-4.7010317,2.53911,0
-4.6432376,11.238808,0
7.7799215,5.6341443,1
0.81959647,7.8524075,1
4.469853,12.82588,0
1.7278515,5.589001,0
-6.0450897,11.501447,1
1.6102277,14.625132,1
-1.1879131,1.6012996,0
-4.078643,11.788039,0
4.8237624,12.502683,0
15.225787,3.9491043,1
-1.3675358,9.6520815,1
1.6656562,4.76552,1
12.991733,-3.4852214,1
12.900137,-3.3278608,1
14.054304,10.631835,0
-1.664465,-0.59217477,0
-1.622457,9.994476,1
-1.7373164,10.159232,1
13.90373,10.745757,1
12.813127,4.124895,0
0.51591474,6.9340644,0
0.079305924,5.749028,1
4.910653,12.246054,1
8.003452,6.8449583,1
2.9769754,12.4725,1
4.542819,14.794148,0
-7.038663,3.435357,0
-4.4239864,3.1224566,0
-1.2246767,9.748648,1
3.8802013,13.94449,0
1.1822648,7.0299287,1
9.013611,12.963284,1
-5.4549413,11.092704,1
-4.382896,10.762903,0
10.128369,12.848799,0
9.130397,0.5217523,0
14.015231,9.663318,1
12.723823,-3.316105,1
1.1681838,14.09044,0
-1.9030131,1.8935325,1
9.951431,13.366967,0
-1.7887186,2.0194602,1
1.3196365,5.8418317,1
12.965343,4.3221326,0
13.487279,10.372591,1
0.61058325,5.9528766,1
9.873073,1.1273593,1
14.894155,4.002246,1
7.522582,5.7928233,0
9.294333,7.252203,1
14.469328,9.9517565,1
12.498737,-2.9800549,1
1.304669,-1.8470464,0
10.439723,12.112751,1
-5.7502346,2.9491484,0
-4.7959027,11.039363,1
12.343208,-2.9756236,0
0.19797048,6.0949626,1
0.6727488,14.163726,0
2.5132432,11.406572,1
4.5915747,14.578493,0
14.486084,4.218284,1
1.564498,14.876027,0
0.255018,5.8754325,1
2.567688,12.261181,0
1.0343568,-0.71620035,0
-4.022808,2.6797292,0
1.1416761,6.1971,1
-0.6538293,-0.8152216,0
1.4342166,-2.8310082,0
-1.8055769,-1.0661328,1
1.7190412,13.552478,1
2.6469183,12.114013,0
8.468912,5.917655,0
7.3416457,5.984499,0
-0.9209121,2.0846736,1
2.652367,11.956032,1
15.317652,4.123498,0
0.9113343,7.095322,1
-0.637778,9.243682,1
-1.4152602,10.520294,1
11.255526,13.070272,0
-5.832705,3.313349,0
0.72086686,5.7196293,1
-5.7751822,2.207164,1
-0.9361376,0.13288897,0
-1.1995511,10.61904,1
0.41047266,-1.0275017,0
-3.4534078,12.81332,0
-4.086421,2.6722863,0
-3.1150935,-1.0875521,0
15.013991,4.077638,0
10.810407,13.436917,0
-2.1923685,-2.0307105,0
-0.99015397,-2.9104717,0
7.2314672,2.3079104,0
-5.0584292,2.7943485,0
-5.847837,11.336557,1
1.4966934,13.48755,1
13.828094,10.686525,1
11.268338,12.848494,0
13.34462,-3.3067214,0
7.2034936,6.5899796,0
-5.7033033,3.2936125,0
0.9694416,7.2264485,0
14.492724,10.310699,1
12.328235,-3.5409405,1
-1.3911737,0.017947614,0
-5.0250425,4.2503333,0
10.7712345,12.047713,0
-5.534287,2.102351,0
-0.46485806,-3.2155912,0
7.73267,6.557338,1
4.0420456,12.964911,0
0.7736196,-1.8106034,1
-1.1338856,-0.84903353,0
1.0920702,6.6497583,1
-6.039368,8.233008,0
9.523857,0.954175,1
-2.8298552,-1.5616539,0
14.201496,3.7998507,1
11.2092,12.560355,0
1.6143334,-2.3340707,1
7.321247,5.995099,1
15.637808,4.1922655,0
-1.2794304,2.1316338,1
8.487712,5.85354,0
1.4561875,14.687832,0
9.646084,1.4886792,1
1.2071774,-3.011701,0
1.3824158,-1.3429846,1
-1.0746801,10.0121155,1
13.220621,-3.6971629,0
13.033966,-0.29626703,1
7.986843,6.833013,0
1.3314656,-1.5973144,0
12.979018,4.0224195,0
13.654927,9.647784,1
0.77577984,5.1994305,1
-3.058352,-1.2109228,0
-2.3006408,10.676824,0
13.285317,-0.25582153,0
-1.65062,-2.6178792,0
9.246828,0.8378768,0
7.9378495,2.4496305,1
-2.038525,10.4544525,0
0.20287135,-0.21340285,0
13.305364,10.170298,1
7.7060676,6.0412455,0
8.327568,6.6227465,0
1.4949476,6.2347426,0
1.3815482,4.543102,1
8.131622,2.4808683,1
12.781494,4.0528984,0
10.683649,13.754339,0
-2.2853947,-2.0803707,1
12.001456,-3.527384,0
-6.4500437,2.8840344,0
15.018435,4.052719,1
-0.14517304,-1.044946,0
-1.1833485,1.5408456,0
14.395251,10.240544,1
-4.919105,4.5444927,0
12.458454,-3.195803,1
-4.186308,12.503403,0
-3.3324513,13.054158,0
15.590545,4.197099,0
4.3200626,13.480032,0
0.8916086,6.536342,1
1.6533422,-2.367507,0
-5.076604,12.726797,0
7.6491823,6.464763,1
-4.940148,12.121754,1
7.595279,2.6984344,0
13.405048,-0.19648595,1
4.6356196,14.997024,0
-2.0121171,10.030185,1
14.93442,4.045677,1
-0.9878447,1.7009271,0
-3.873938,2.9375064,0
2.166667,6.743458,0
10.865394,13.266644,0
-5.8980036,3.00907,0
-3.3276577,2.7637882,1
-2.7517135,-1.210019,0
9.245668,0.6048136,1
0.80379415,-2.5760846,0
12.94075,-3.1680584,0
-1.4302108,9.6911,1
3.7322805,13.416789,0
-1.1389999,1.4873788,0
-5.4684067,3.316373,1
15.576125,4.2893443,0
0.27109462,-0.57390517,0
-5.2021728,2.116611,0
10.583088,12.099628,0
2.9707143,12.369361,1
-2.2873447,10.626063,1
10.393176,11.676582,1
9.5750475,0.48174846,1
10.972569,13.713572,1
0.777555,0.14927895,1
-0.8197717,-3.0084558,0
-3.0705698,-1.0829877,0
0.57907695,6.5977106,1
2.7268317,11.800556,1
10.567369,1.4532866,1
10.611953,11.908999,1
-5.997442,2.2327378,0
15.61764,4.2123504,0
-5.680778,8.882527,1
3.649665,12.944577,1
-2.0524197,-0.9658855,0
-5.672835,2.7161555,0
8.479715,5.8519135,0
4.592143,15.066207,0
1.016664,-1.4988263,0
11.132043,12.907782,0
7.6870623,6.7988605,1
15.062171,4.102728,1
9.726427,7.3486137,0
4.401444,12.147827,0
9.6151705,1.1738263,0
0.15908594,1.0208952,0
1.0011979,14.4866705,0
0.8739196,5.563687,1
-6.4208646,3.4762325,0
0.5466367,6.804795,1
3.38212,11.778643,1
7.598474,6.032121,1
12.702486,-4.168537,1
0.8822129,7.1820326,1
14.361758,9.324969,1
13.702207,9.199036,1
7.7950253,5.5955453,1
-1.8012348,2.0163007,1
7.861276,5.950611,0
-6.1524796,8.902805,0
12.163035,-3.1464732,0
9.544846,11.814074,1
0.2938324,4.9957714,1
-1.6425037,10.11989,1
-5.8792396,8.8022175,0
9.132132,12.189743,0
1.1620625,6.6937194,1
0.86145526,-3.2882867,1
1.4071863,4.685972,1
-4.4374948,4.026862,0
10.482613,1.281877,1
-1.7968959,10.06851,1
-2.0142734,-2.7946453,0
4.3880177,14.448209,1
0.50801414,6.037877,1
0.73012865,6.1335783,0
-5.796964,8.927555,1
4.349808,13.086567,0
-0.035173334,6.164904,1
0.8868463,4.852977,0
-1.4455415,-0.13350315,0
10.104941,13.538205,0
13.453031,4.22884,1
13.119295,-0.039577045,1
1.4741248,-1.2398252,0
0.9014147,7.3247495,1
-5.917593,12.023367,0
7.1604815,2.3847365,0
4.900309,14.509978,1
12.137694,-3.7292235,1
-2.1888807,-1.7418778,0
10.8002205,13.318011,0
6.91537,2.3695676,0
7.375959,6.0940742,0
-6.361282,3.4054525,0
-1.554251,9.699464,1
14.6058855,4.0471687,0
-1.2815403,-2.7746341,0
-3.4843085,3.7126744,0
12.741866,3.8837726,0
10.775916,13.059777,0
-6.303847,8.48646,0
11.731995,-3.0923138,1
10.180709,13.541815,0
-2.3076737,-1.6179392,0
-3.3285398,13.191976,0
-0.07045716,-2.8408372,1
-6.7058344,2.8726747,0
-5.720997,2.2126076,0
-0.77742505,9.564186,1
-1.2910674,1.5081499,1
12.416986,-3.877688,0
-0.18600123,-1.9064955,1
9.149218,12.283566,1
-3.5598023,13.5610285,0
4.0466814,15.023588,0
-5.449032,2.861261,0
12.319611,-3.5308418,1
0.41942132,7.2431607,0
1.4642723,12.518415,1
9.6284485,11.684671,1
12.921669,4.078572,0
-2.6743684,-1.9225628,0
-0.35654655,1.2302905,0
7.346328,6.6098795,1
1.7491336,-2.0648265,1
13.241662,10.401522,1
0.66158545,5.5904956,1
0.10250198,-0.09438182,0
0.68938494,7.0449944,1
14.061217,9.72838,1
14.194512,9.802807,0
7.7572155,2.3215468,0
1.093123,-1.1543455,1
-1.4041753,10.137669,1
-5.724701,9.566,0
3.7972898,12.471126,1
9.268262,7.2274866,1
1.1963191,7.326868,1
-6.226328,3.4428332,0
0.86281943,4.9627037,1
1.6598608,6.7632403,1
-2.652466,-1.911464,0
-4.5425224,11.268077,1
7.572312,2.4880307,0
-0.22311847,1.7945896,1
4.0402293,14.978341,0
4.401353,15.117979,0
2.9072526,12.310422,1
-1.2498025,10.276814,0
1.8697138,14.644725,1
13.44746,9.547948,1
1.2134235,14.224954,1
-2.0029075,-2.5425766,0
7.770766,2.3097475,0
12.740259,-3.322225,1
14.261647,3.555005,0
1.4621724,-1.1485591,1
1.3726139,14.614969,0
13.182778,-0.10301994,1
-1.081811,1.6829636,0
0.25933442,-2.5077817,0
-1.3001909,1.1436328,1
7.1778884,2.657936,0
13.350459,-0.5363492,0
12.872038,3.9907858,0
1.7046504,-1.7988242,1
-2.4128757,11.096196,1
-5.9079237,8.50006,0
-3.8077524,11.001541,0
10.669453,12.970896,1
8.169302,6.778657,0
-2.0324159,0.076598,1
1.4470137,-1.8943052,1
1.783815,4.7710466,1
1.3919816,7.030148,1
7.9114766,6.8005433,1
9.866911,11.640516,0
1.3780246,14.437615,0
-1.3302332,-1.1136479,0
-4.1553173,2.712671,0
-2.1061594,10.085161,1
14.251417,9.913473,1
-1.8791484,1.8266562,0
-5.1192274,4.428199,0
12.244866,-3.5068934,1
1.4640336,12.77077,1
3.95323,14.617232,0
0.89625704,7.3728867,1
-5.2516108,12.77216,0
14.795231,3.9396253,1
7.1714373,2.250591,0
-5.881476,2.3117323,0
-0.8328504,-2.8315833,0
-2.3358915,-2.1776617,0
13.177354,-3.5994325,1
-4.93092,4.644154,0
-5.394535,11.742078,1
4.0264635,12.396443,1
-4.8592587,12.693607,0
0.18933211,0.8628648,1
4.2381473,12.696368,1
1.274882,13.604102,1
-5.3543935,2.504717,0
13.106058,4.3958826,1
-3.08726,-1.0307032,1
12.555749,-3.305727,1
-3.7428124,2.7635665,1
-3.486759,12.709756,0
13.295937,4.1449347,0
8.471886,2.2452254,1
3.782038,13.466544,0
9.204262,0.67528594,0
-1.3275384,9.660488,1
13.79429,4.3496375,1
-2.7209587,-0.9371199,1
0.72894835,-2.5685003,0
11.693047,-2.8297336,1
10.777128,11.719115,1
-1.744525,-0.008874439,0
-1.3354764,-2.7777812,0
7.505554,6.471425,1
9.556887,1.4084703,1
1.3165398,14.536081,0
14.100147,9.7484865,1
7.406517,5.9424243,1
-5.098175,4.683308,0
9.708667,1.6394111,0
9.714368,0.7332258,0
-5.9789157,11.759188,1
7.140581,2.3567266,0
-3.4082196,12.331709,0
0.3070501,5.0507073,1
-3.95904,13.429383,0
-0.059824377,6.289154,1
-0.77087635,-0.7558977,0
11.760886,-3.0335207,1
10.862774,13.669493,0
-5.79093,9.367765,0
1.0309612,14.387586,0
7.486333,5.8106127,0
-0.003431193,-2.8275695,0
-5.959558,8.986232,0
13.334432,9.81427,1
1.2357051,-2.2355433,0
-4.93965,4.0422444,0
-4.953419,12.961085,0
-1.3072095,-3.1988025,0
9.985861,11.355932,1
13.369442,9.712894,1
14.684211,4.2409487,1
3.9366398,13.503498,0
-1.652592,-2.291938,0
0.5289648,-0.065130554,0
12.864527,4.0252066,0
1.5025551,-2.8167481,1
0.43090314,5.1587534,1
-3.5926685,11.874703,1
-1.8261604,10.504436,0
-6.1061773,9.068711,1
9.895941,7.4858956,1
13.58946,-0.47578427,0
-0.6466105,-0.24126165,0
10.545403,12.489108,1
-4.5990887,11.958419,0
-1.1556162,1.6020813,1
0.34679276,-1.1421136,0
13.437139,0.04523635,0
9.867119,1.1609459,1
-6.0553665,8.277299,0
1.25793,4.628805,0
12.159856,-2.968482,1
-1.082453,2.162728,1
1.7536519,-2.1511905,0
8.026957,5.8494635,0
-4.3754816,10.615248,1
11.336587,12.357086,1
9.197228,7.1161036,1
2.4892063,11.845909,1
1.7671489,7.049384,1
0.1214058,5.4648595,1
10.436539,1.315565,1
-5.8864946,8.318014,0
-3.9626179,11.449063,0
-5.7373085,11.1985,0
0.3958821,6.764737,1
1.3888165,-1.5289024,0
1.8157485,6.712584,0
-4.2266917,11.082824,1
-2.0362248,-1.0550557,0
-3.7894356,10.956447,1
1.8209304,14.865021,0
10.606841,13.927647,0
-1.6206492,-0.58680385,0
10.931031,13.688082,0
-1.5578072,2.2020307,0
7.2326865,2.2148535,1
1.5710657,12.702554,0
1.5778108,-2.0750594,0
-6.5412927,3.6095715,0
0.3620394,-0.38155514,0
-2.602945,-1.0898893,0
12.466374,-3.2697635,1
10.968906,13.010916,1
4.4457054,12.821344,0
-5.662936,2.7554574,0
12.270278,-2.3408492,1
14.0750885,10.102036,1
4.4404316,12.25536,0
7.639129,2.3622367,1
-2.0234072,10.080269,0
11.851175,-3.2912688,1
-0.0100190155,-1.2410343,1
-6.8673816,3.2899613,0
-4.992179,1.9729162,0
12.39931,-2.9486804,1
-4.8117185,11.288747,0
-3.0854988,-1.268141,0
12.909156,-3.211306,1
0.38628948,7.0395436,1
-0.16392039,1.1973116,1
15.055936,3.8872154,1
12.733367,3.8653307,1
15.769605,4.3966093,1
-3.6016123,13.35678,0
-6.081744,8.342531,0
3.7950375,12.335592,0
11.310796,12.713314,1
10.556186,1.4466779,1
-1.15759,10.203453,1
14.076059,9.813646,1
9.848221,7.449648,1
-5.3925953,11.697343,1
-4.2610273,13.1525345,0
4.2282267,13.590155,0
-3.7770026,13.642861,0
4.5637817,14.516818,1
-4.3248005,3.800692,0
2.7337184,12.346517,1
9.182695,0.9050821,0
3.5907784,11.860735,1
13.539262,9.870886,0
4.313934,13.614436,0
-6.2014265,3.1743069,1
-6.1880727,2.5431256,0
1.0577173,14.557822,1
-1.0122399,0.041389294,0
-5.6895213,12.38923,0
9.097816,7.2584095,0
-6.068011,9.158244,0
1.6992486,7.0578117,1
9.783369,12.236917,1
-1.3237685,9.866154,0
1.230194,-2.2205644,0
7.358153,6.6422524,1
8.2225895,5.761347,0
9.827964,1.4957855,1
12.547169,-3.3781064,1
8.087484,2.4273403,0
-5.1483803,2.124478,0
15.116754,3.9338882,0
-4.8380404,11.35858,0
-1.121124,10.02393,1
4.9123926,12.985045,0
-6.116711,9.278394,0
0.28061077,4.951231,1
13.431387,0.10956032,1
13.444797,9.718163,0
-1.4592816,10.286289,1
-1.7053362,2.5019917,1
1.1812702,4.3668556,0
-2.7908232,-0.6890204,0
3.850475,13.952422,0
-1.4048418,1.3976598,0
1.3395488,6.1448345,1
14.525304,4.0997825,1
-5.7357774,9.543979,1
-2.1927006,10.3509035,0
4.9207726,12.573689,1
-0.72288334,1.6043524,1
9.394492,1.2891423,1
-4.395755,10.5958805,1
0.61750305,4.494969,0
-1.2624184,10.047525,1
4.1965356,12.147568,1
1.6612356,5.3450756,1
3.8143013,13.305203,1
-4.368962,13.050484,1
3.6172264,12.402255,1
-3.306061,13.084118,0
0.63271594,7.366265,1
12.840735,4.1151657,0
-1.1872,-2.650236,0
0.4694062,0.7804953,0
4.40066,12.470666,1
11.716142,-2.734485,1
11.665209,-2.8345432,1
0.89811444,-1.18664,1
-5.8865447,8.34106,0
0.8985249,-1.4687123,0
-3.8561885,10.868702,1
-5.0413795,2.2348304,1
9.704891,1.0890356,1
3.836577,12.501443,1
14.436566,9.27519,1
0.37018844,-2.9284203,0
1.539448,12.833058,1
9.11743,6.9558606,0
4.0950522,12.544168,0
-6.4092216,2.5458899,0
7.4162827,2.7598853,1
14.564686,9.405263,1
0.8004274,6.1395297,1
13.519779,10.065145,1
-0.04187392,5.926187,0
12.923519,4.0286474,0
11.339126,13.153366,1
0.2572849,0.8924276,1
0.34521452,4.856997,0
-0.62406224,-1.4612652,1
12.784029,-3.359936,1
9.301718,12.653525,0
0.8997461,14.246521,1
-1.5889634,10.381054,0
0.80976033,-1.8094656,0
7.3143,6.113359,0
7.3663287,2.2639947,1
13.258575,10.296987,1
-2.1768715,10.131371,1
-5.4401097,12.322927,0
13.853162,4.5749817,1
-0.65596485,-0.73771006,1
1.5766106,13.721173,0
9.345122,12.035606,1
-3.634885,13.583807,0
-4.4394183,11.59906,1
9.425346,1.626272,0
12.432401,-3.6238089,1
4.59643,13.223846,0
4.159537,13.309515,0
0.043004517,6.4601684,1
-4.3737726,3.6500728,0
1.478259,6.2150064,0
-3.5769417,12.133835,0
14.667956,9.579195,1
-1.947739,9.944508,1
-1.7042485,10.052221,1
1.3751202,4.77256,1
-4.349682,12.726689,0
10.546647,1.4584384,0
-6.7670245,2.9622798,0
-0.20992379,-0.39879972,0
1.6078537,6.464256,1
-4.792145,2.3479881,0
0.9483056,14.537882,0
12.039207,-3.169149,1
-4.7781315,13.054301,0
1.1341554,-0.779544,0
7.91578,2.312249,1
10.000229,11.366007,1
-2.672869,-0.7261248,0
-5.576139,11.902615,1
3.873969,13.544114,0
-1.9446502,11.0958,1
9.014033,12.373369,1
2.7704148,11.783569,1
0.8517846,6.790625,1
9.863598,7.46814,1
-3.9192219,10.7291355,1
-5.9672394,11.945828,1
12.839189,-3.5047934,0
1.1156392,14.627219,0
7.5359077,6.1919856,1
-5.2035975,2.1422646,0
4.2005987,12.977022,1
1.748222,14.547128,0
4.3941584,12.353237,0
9.910673,13.304205,0
-4.503425,11.338136,1
-1.483851,2.1907551,1
1.133088,-0.53533196,1
9.981694,11.235085,1
2.1398008,6.790247,0
13.330928,3.8038085,0
-1.1529809,9.551992,1
9.969106,13.230396,0
-0.7730337,-2.8811128,0
-0.5826289,-1.5286494,0
-0.84882265,-1.2043916,1
13.878044,9.526414,1
13.153658,-0.34574416,0
12.836958,4.1719027,0
8.236912,5.5086174,0
0.48682752,6.025336,1
9.827342,13.094441,1
4.224237,13.544168,0
13.530763,10.089628,1
15.634868,4.2876906,0
9.4631605,0.8942806,0
9.870727,11.966823,1
1.2890874,-1.8031889,0
9.70976,7.33187,0
-0.06543711,0.09168992,0
0.8837385,6.646265,1
-0.71602726,-0.764964,0
-4.2145195,3.5073104,1
-1.3259182,-2.9440663,0
9.594109,1.6846473,1
-6.045787,2.272954,0
8.458085,5.918954,0
-5.986512,11.473437,1
-0.8982867,2.4574847,1
-5.9295144,8.682422,0
-3.72142,12.979394,0
-1.4926684,-0.47343096,1
-5.767376,9.459494,0
9.710835,7.383388,1
8.913148,12.809703,0
-5.382741,12.135808,0
1.7832286,4.993124,1
0.4449396,7.364748,1
0.34524834,6.2892213,1
-4.1672797,12.977787,0
-0.71616834,-1.8645948,0
4.5448933,14.6994705,1
-6.154624,9.245166,0
-4.2006345,11.567935,0
-6.720087,3.3847733,0
14.57822,9.967535,1
-5.2791576,12.733531,1
1.3287095,4.6066275,0
0.72812873,13.827346,1
4.0145974,14.814926,1
-2.8519247,-1.2814716,1
-0.7466943,-2.885194,0
9.776657,1.1725777,1
6.9224925,2.4196756,0
14.724231,4.212488,0
4.442141,15.00258,0
15.324798,3.9971244,0
12.739133,-3.1808941,1
-6.3833175,3.0259361,1
10.9361105,13.294609,1
1.5377387,12.738586,1
-1.1687218,-1.2881093,0
0.4294695,-1.4350319,1
-3.6498582,13.60371,0
-0.7126182,0.5991333,0
0.8886256,-0.8661031,0
8.471109,3.3504825,1
-0.7417016,-3.1621184,0
-4.840581,12.52566,0
4.5613704,15.095734,0
-5.640764,12.436214,0
0.5472885,-0.48832914,0
7.1822567,6.7096524,1
-1.6945853,-0.966438,0
9.86926,12.68829,1
-5.195207,2.5291176,0
-1.9210174,10.370367,0
-1.6455853,9.89471,1
-2.2870414,10.653413,0
4.518661,12.310587,0
13.15993,4.487461,1
7.52169,6.5257573,0
-1.5300993,9.964671,1
-3.358049,13.197169,0
-5.1279573,4.856288,0
9.621852,0.64807504,1
-2.0517597,-2.9447167,0
0.36647967,6.7203226,1
9.478791,1.2850227,1
14.252669,3.5640903,1
-2.189065,10.17369,0
-6.0576935,11.83841,1
14.824009,3.970275,1
1.1105307,-2.1073372,0
-1.7052363,10.131785,1
0.27345815,5.7865906,0
0.7848775,14.316131,1
7.374223,6.06709,0
13.2940855,-3.517453,0
0.45866454,6.9856615,1
0.8751485,-3.2847073,0
-1.8939226,-2.9716117,0
-5.145376,4.239786,0
14.099769,9.64715,1
-4.506292,12.015005,0
9.984818,12.70588,1
1.5766591,4.487152,1
-6.422383,2.5082703,0
-1.4032304,1.3952684,0
9.754457,1.6013693,1
-4.119183,11.033539,0
4.861311,14.648516,0
-2.015256,11.031811,1
-5.997697,2.3405826,1
1.6605414,12.916782,1
1.1187788,-3.198948,0
8.204965,5.9718604,0
4.0606604,15.158339,0
-0.5336693,-1.6214247,0
-6.709587,3.2911916,0
0.8200117,13.771889,0
7.4009776,6.381605,1
13.535263,4.3263745,1
-3.588428,12.173821,0
10.663999,14.030062,0
7.9646225,5.723708,0
9.21382,7.2094674,1
13.578806,-0.31695685,0
7.4308305,6.2427864,0
7.4744463,5.8798265,0
9.872748,12.350999,1
-5.3325458,2.335687,0
7.9207454,5.622458,0
-1.3040035,-0.90020025,0
1.1461018,14.093388,0
-5.4397564,3.3177629,0
14.820905,4.039236,1
11.074128,11.877414,1
0.8164374,14.067854,0
13.268234,-3.636073,0
8.455349,5.8237085,0
-5.099733,2.006545,0
-1.7585633,-2.6953497,1
-3.6678212,13.289787,1
-1.8056214,-2.813399,0
12.661365,-3.3967142,1
12.585376,-3.478216,1
8.194369,6.1201787,0
0.32321337,-0.6458677,0
13.0257,4.384835,1
4.9952745,12.395735,1
-1.9909449,10.402885,1
4.1423454,13.55382,1
-1.9831879,10.742661,1
-5.211832,11.197353,1
1.1730757,5.9267116,1
12.362284,-3.9510586,1
1.6660415,-2.1005163,1
12.685046,-2.8191423,0
12.969934,-0.05303298,1
1.0928798,4.721904,0
-0.5970213,-0.52449495,0
-0.8814832,-2.7741787,0
1.1251949,-2.1628544,1
7.55063,2.2524831,0
1.1776158,14.001733,0
-5.1911783,2.3090737,0
-2.479745,-1.4963063,1
-5.125074,2.091602,0
-4.1529856,13.202389,0
0.27252436,5.7486587,1
-3.3104093,13.1509905,0
4.079044,12.476208,1
0.9501934,7.610545,1
9.778658,1.2269747,1
-4.8247905,12.874831,0
0.96644264,7.6158977,0
-1.6817307,2.3653128,1
10.052754,11.205854,1
8.137792,5.773335,1
9.4141,0.75569195,1
-5.2654786,12.590591,0
7.8186455,6.7485003,0
0.2532389,0.5199195,1
12.915545,-3.9996605,0
-5.946335,2.9009895,0
0.9108381,7.774351,1
-2.2309046,2.4250197,1
4.3857718,14.802457,0
-1.9762055,9.983773,0
-4.4575944,10.882816,1
0.21573995,6.014448,1
13.303088,-0.44176382,1
13.647402,9.235536,1
1.3662891,14.632531,1
-5.6337366,11.233327,1
-1.7414726,10.957755,1
14.045382,9.351576,1
11.038771,13.094054,0
14.345604,9.7962475,1
2.5812278,11.714132,1
3.88615,13.685507,0
10.977028,13.733942,0
9.742659,7.363972,1
-1.0431169,-1.0694585,0
11.655764,-2.8535702,1
-1.3767719,10.545605,1
-2.4787993,-0.8365644,0
-1.469324,-3.065692,0
-4.644974,11.467748,1
-1.8731554,-1.8196896,0
1.4490087,4.951062,0
2.1554258,6.796826,1
1.233314,-2.9627554,1
13.2617855,10.338854,1
10.032765,13.179662,0
3.8942473,13.615374,0
14.594398,9.968138,1
-6.673841,3.5503187,0
1.4563466,-2.9481647,1
3.7358449,13.956889,0
14.130398,9.942848,1
9.211349,7.344424,1
0.019499023,-2.8363066,0
-0.108955495,0.11972932,0
12.706514,-2.098815,1
-4.6102166,2.4028003,0
15.147439,4.1111507,0
1.458602,7.141135,0
4.23073,15.378705,0
0.73334086,-2.8143048,0
14.242473,9.160539,1
12.466664,-3.2711368,1
-3.6050744,11.004946,1
11.005017,13.197172,0
12.858863,4.15948,0
-5.357148,2.8323162,0
4.0973687,12.325679,0
8.379793,6.5031376,0
14.388249,10.429304,1
10.768854,12.19315,1
-5.7733693,8.407119,0
-1.926209,2.905905,1
10.660874,11.890953,1
2.7132766,12.315813,1
9.953212,12.743059,1
12.992351,4.061673,1
-3.8055587,10.649971,1
10.004792,11.46884,1
9.015376,0.45895687,0
-5.080658,4.8127327,0
-4.9207025,2.3609238,0
9.317826,0.5201719,0
0.63230485,14.079847,1
10.380973,11.668554,1
1.5639893,13.172138,1
13.595877,-0.10397755,0
0.8750025,5.981895,1
1.6534492,4.941391,1
-1.2637379,9.595239,1
-1.0772178,1.3621902,0
1.7804488,-2.1210852,1
0.6882174,6.7206535,0
-5.858055,2.901586,0
-1.5931275,1.6144874,1
10.616447,13.989678,0
0.61117566,-3.1620266,0
-2.1018364,10.358319,0
9.153997,7.062284,0
-3.8647113,10.561363,1
-2.8465483,-1.525963,0
-4.876778,12.882403,0
7.4815702,2.385784,0
13.252993,10.40953,0
11.695242,-3.0266032,1
15.577159,4.1739764,1
0.097414926,-3.3153539,1
-4.3903556,10.596741,1
-0.004695986,1.7700602,1
4.381226,13.46215,0
10.49076,11.788413,1
-1.612465,9.76917,1
10.748871,13.941333,1
-4.4235315,3.0673862,0
0.18410833,6.202548,0
-2.2232425,-2.723813,0
4.809317,12.971451,0
13.318742,9.881938,1
-2.5304766,-0.7320741,1
-0.26603177,1.9255811,1
-1.7140603,-0.116761416,0
-0.9205561,2.4852576,1
11.322261,13.10983,0
7.1282067,2.4173589,0
3.5525813,11.917928,0
-1.245315,-0.95901823,1
-2.784776,-1.1589639,0
0.25592273,5.664763,1
-2.527732,-0.7944943,0
7.2453732,6.7033706,1
-3.614915,13.5906105,1
-5.032723,11.306007,1
12.52874,-4.160945,0
0.23530895,1.1313775,1
-4.4468784,12.417419,0
-1.8035485,-2.9192348,0
0.76686174,13.772488,1
13.373685,9.748149,1
9.164514,0.9504273,0
0.17054698,-3.225357,0
4.7448373,15.087516,0
13.9233465,9.483061,1
-5.8558135,11.341545,1
4.0477242,15.203508,0
9.872948,12.000756,1
-3.7699256,13.654591,0
8.378668,6.358896,0
-4.788416,2.2771883,1
-5.198919,11.437767,1
14.703497,4.236736,0
8.151125,5.6004343,0
1.6938187,6.005687,1
3.886074,12.564633,1
-6.0362334,8.5249405,0
13.162968,-0.17364477,0
0.07251518,-2.2646797,0
7.8857684,2.7458768,1
-0.85408217,1.7434219,1
-4.4450703,3.7515104,0
-0.3434789,-0.7027782,1
-5.9956403,11.415613,0
-1.5985837,2.3448865,1
-1.4098146,-2.0353367,0
1.7782952,-2.085753,1
-6.955031,3.5077827,0
0.25994742,6.7308135,1
1.5548867,6.328939,0
9.891633,1.6875472,1
7.8851175,2.77467,0
9.288383,7.3249936,1
1.2731028,-2.125515,0
10.186488,13.581838,0
10.458334,11.889119,0
-2.595815,-0.4927011,0
-1.9558871,-2.2243752,0
0.46514538,5.2866592,1
11.701877,-2.8550935,1
7.6763215,5.6609883,0
15.167597,3.8721638,0
-0.2861163,0.55562973,0
-3.5371454,3.6781971,1
-2.4668775,-0.44394967,0
10.776887,13.52465,0
8.252498,5.570645,0
-0.9883858,9.784398,1
14.449812,10.314109,1
-2.9197886,-1.5110277,0
10.005572,11.458937,1
13.993494,10.544252,0
12.870663,4.198314,0
12.882681,4.2922215,0
14.114986,9.673611,1
1.2111144,13.897433,1
11.905947,-2.7753882,1
1.5420196,-1.27437,1
-4.0867777,2.6795971,0
13.521367,0.0562596,0
-5.4032493,11.798754,0
7.961685,2.7543526,1
8.496564,5.9641933,0
4.834009,14.589502,0
-1.7082766,-0.19232272,1
9.166494,7.097107,0
4.312658,12.764635,1
7.066638,2.4144485,0
10.622334,12.194649,1
12.864103,4.150069,0
-0.12474987,-0.95089567,0
-0.3233321,-2.7906585,0
1.0520058,6.2853327,1
12.439006,-2.8500938,1
7.3622694,5.922915,0
-6.060745,8.636965,0
10.915775,12.554738,1
0.068206474,1.2316663,1
1.1347897,-3.1953604,0
12.927892,-0.25097585,0
0.91018915,7.3352175,0
-1.4191858,2.545855,1
-1.2875108,-1.2716597,0
13.521639,-0.6362002,0
10.959092,12.844298,0
8.177454,5.582912,0
11.152554,11.989654,0
-6.1094117,11.4300785,1
12.656502,-3.0715096,1
11.923805,-2.8170583,1
0.31719974,6.778261,1
-1.2979491,10.142415,1
-5.208331,11.470266,1
8.15643,5.734322,0
7.8393874,2.7096653,1
-1.7183676,10.4577875,1
-1.164895,1.4603612,0
9.352058,1.038461,1
0.5878662,-2.7611458,1
14.544399,4.0631423,1
11.073778,13.556242,0
7.5994754,2.6979609,1
-3.3635375,3.684099,1
1.413575,14.269218,0
15.491609,4.149593,0
-4.3301225,3.5823267,0
-1.492399,-3.1162734,0
1.6280177,6.433268,1
-5.7641096,9.526209,1
9.2097845,0.9043771,0
0.29093644,1.3117906,1
7.0750237,2.427452,0
-3.2803724,12.57413,0
-0.43486676,1.1758665,0
-4.8961277,4.169278,1
-4.076179,10.560964,1
-3.3576465,13.116566,0
-4.911379,4.156637,0
1.4689357,4.4453535,0
-5.1152635,3.7843568,0
0.98628694,-2.0553076,0
11.886447,-3.0461524,0
14.314958,9.289773,1
-1.8217865,-1.6332728,1
1.6614293,14.7191925,0
1.2237978,-2.2433896,0
14.282487,9.612061,1
13.54729,-0.7339497,0
12.541131,-2.2160172,1
13.133195,4.1314425,0
-1.256017,-2.6814942,1
-1.8541026,10.916424,0
8.8872385,12.835433,1
1.7000815,-1.6432759,1
10.431799,11.367772,1
9.956435,13.361203,1
1.1404343,14.480327,1
12.940368,4.055531,1
-1.530437,1.2424802,0
14.11405,9.738172,1
-4.8355985,12.687951,0
-5.5957336,11.9469185,1
12.939076,4.0802617,1
-6.1429605,9.1839695,1
14.260272,3.9018748,1
-1.0005078,1.7376069,1
-1.5192099,-1.1165663,0
-1.8581315,2.6414998,1
14.612631,10.291633,1
0.49256474,5.1715856,1
-2.4234111,-0.993463,1
1.6546451,-1.7745101,0
4.9322,12.473415,1
-3.552579,12.86347,0
7.7765274,6.071742,0
1.4944799,7.178635,1
-1.7692991,9.993069,0
9.708459,7.333095,0
8.052831,6.0403595,0
0.8178795,13.844298,0
15.2283945,3.9263391,0
12.831956,-3.4170218,1
4.8661666,14.611724,1
13.562621,-0.47371045,1
-1.1510168,-0.74480605,0
10.710065,13.908149,0
-6.4682984,3.4539561,0
11.693235,-2.9713748,0
-0.6394971,-3.3017206,1
2.4802434,11.929221,1
9.650601,0.513793,1
10.121626,11.350481,1
0.6629846,14.227084,1
0.9464155,4.738434,0
-1.7052358,1.1069609,1
-4.379239,3.1139183,1
1.0902655,5.394931,0
9.302707,7.173105,0
11.935964,-3.0421534,1
9.298787,12.0123205,1
0.11888013,-1.196273,0
-1.7978997,10.3486185,1
3.3705602,11.701202,1
9.222745,7.2118974,1
11.669196,-2.8835702,1
11.85142,-2.137484,0
0.026843831,0.42174056,0
-1.2285297,-2.8333724,1
-5.834055,9.482869,1
0.14153527,-2.4068472,0
12.0664625,-3.486581,1
3.7564416,13.460959,1
7.293439,2.8159962,0
-0.97689056,-1.3440135,0
-6.344821,3.507018,0
-0.8350345,-0.038346253,0
13.266658,-3.4243848,0
8.133107,2.402252,1
13.397985,-0.5170855,1
-1.5787687,-0.94302666,0
12.419997,-2.8797853,1
1.4185759,4.612754,0
0.5822441,5.526883,1
-4.7022815,12.245127,1
14.196896,10.063526,1
-0.5925713,-0.113748625,0
-1.4239466,1.1558973,1
13.865536,9.999643,1
13.388683,10.198122,1
7.954957,2.7437792,1
12.68734,-3.2015052,1
9.939263,12.733795,1
-6.726619,3.1958377,0
13.092773,-0.09852007,1
4.9927073,12.42032,1
14.634111,10.130099,1
-3.1113842,-0.9140173,0
11.866902,-2.170252,0
9.907483,12.63561,1
13.000941,-0.12250889,1
13.916222,9.385562,0
3.8218613,13.807729,1
12.597821,-2.2158349,1
1.2627643,4.7769723,0
-6.0627465,11.709373,0
14.131253,9.963335,1
14.704458,9.536852,1
2.832019,11.467113,1
0.15136799,6.454719,1
11.315826,12.510038,1
13.42885,-0.062349074,1
8.909222,12.599846,1
-5.577887,11.860014,0
4.815776,12.97162,1
9.044216,12.493498,1
1.8980955,14.667765,1
9.868724,12.627476,0
-2.1284692,-1.9283829,0
7.6761374,2.324625,1
-3.8534899,10.654048,1
13.391052,-0.53751576,0
2.6397603,11.814874,1
10.542166,1.323982,1
9.254084,12.520966,0
-2.0685894,10.076924,1
10.771946,13.416745,0
14.772919,9.796937,0
-6.0881524,8.648107,0
0.031558912,-3.1244164,0
0.17684203,-2.4131482,0
4.3427844,14.298262,0
12.965194,-0.14002606,1
0.4196065,6.9830317,1
-6.1522717,8.810074,1
7.6061487,5.6845884,0
7.800001,2.3701231,0
15.703552,4.3117843,0
1.601862,4.5535655,1
1.3970851,4.6587763,1
11.285351,12.906216,1
8.431074,5.9006276,0
0.21983045,-2.4992328,1
-1.7328943,2.093221,1
8.708278,6.3435307,1
14.530503,10.216358,1
-4.6200795,13.266303,0
1.0760487,6.8166137,1
9.114222,12.277184,0
4.576333,13.371064,0
4.2757883,13.61663,0
2.4283235,11.682732,1
5.004907,12.632473,0
1.9126217,14.681679,0
13.390937,-0.42316228,1
0.67746806,14.142561,0
0.7559192,-2.7283924,1
-1.7843851,10.593145,0
0.14671874,1.0807773,1
-2.314511,10.865541,1
13.338031,9.652887,0
3.6356413,12.927876,1
-4.755798,12.216071,0
1.7008884,13.7099085,1
7.5986214,2.3200743,1
13.588228,-0.03989707,1
1.3059652,-1.9586254,1
13.487989,3.759504,0
11.782146,-3.1207886,1
14.435295,9.230047,1
-0.36900634,1.1744896,0
9.125948,12.778115,1
-4.069027,2.9413073,1
7.158186,2.276726,1
4.8910494,12.576004,1
11.251431,12.123936,0
-6.24847,3.3543355,0
0.30612066,6.7001667,1
-4.7227454,11.152948,0
9.9362755,12.792217,0
10.839786,12.88025,1
-0.78246874,-2.995282,0
14.413247,10.090061,1
-4.7636228,11.858313,0
-6.0689716,8.606375,0
-5.4303493,12.009293,0
4.6062098,13.27605,1
-0.65461856,-3.2778084,0
15.298101,3.9307191,0
1.3533943,13.060296,1
-5.69906,2.8154862,0
0.42682427,0.844313,0
9.397867,1.15699,1
7.254742,6.6166573,1
-1.1525934,-2.890306,1
-5.116751,2.3533998,0
-1.4415588,9.782568,0
15.147575,3.9384246,0
-4.330608,12.414676,0
-1.0009786,-1.9595426,0
10.007143,1.648882,1
14.202743,3.8130374,1
-1.3401971,1.7031692,1
12.378103,-3.6730583,1
14.337637,10.427733,1
7.6875954,2.7052474,1
13.867755,4.5011845,1
15.777175,4.4125156,0
9.876516,1.4978405,1
9.749728,1.011546,1
12.435989,-3.902958,1
13.357667,4.1120543,0
7.469402,2.297345,1
-1.2289512,-3.22063,1
-3.509922,13.328942,0
-1.6632153,10.004413,1
-5.315907,2.917837,0
13.312396,10.290491,0
4.750698,13.074624,0
14.133697,9.74553,1
-0.75726336,1.7454132,0
-5.231877,12.731364,0
-2.0570493,-0.7763876,0
-4.824706,12.964005,0
13.932732,9.233985,1
11.041346,12.83546,0
9.278465,1.8222322,0
-5.9827676,11.633526,1
-4.383021,12.485793,0
0.50130874,5.858424,1
7.3342338,2.3754842,0
0.92122406,-2.103461,0
-0.96470404,-1.2211294,0
3.7876315,14.06818,0
-4.7406077,2.6789398,0
-5.052486,12.926221,1
-1.5862591,-0.99003094,1
-1.7721941,2.0440285,0
-1.6747634,2.4082873,1
13.445097,9.623323,1
7.4127045,2.2827022,1
1.1357642,-0.80818766,1
-2.5986307,-1.4285192,0
8.025006,2.7414963,1
-1.4199044,-1.052899,0
-2.70512,-0.7283795,0
2.9183433,12.217522,0
13.49257,-0.22040318,1
7.7479515,6.043148,0
1.0562382,6.01785,1
-1.6257353,-0.28766334,0
1.5336754,12.646155,1
0.034095842,-3.2209084,1
-6.1159716,8.818616,1
-2.7710426,-1.0990442,0
9.2225685,7.124397,1
-5.1621146,2.167803,1
-5.7868876,9.394075,0
8.474203,6.3714986,1
10.549362,1.4324888,0
-3.865705,3.2513947,1
0.5893766,-2.7431142,0
1.0673965,-1.3860302,1
1.0898844,13.754029,0
2.4886727,11.679411,1
-4.9312744,2.17014,0
-5.840463,3.2940397,0
3.7958713,14.098425,0
1.6842505,4.7835536,1
-0.1344167,-2.0927606,0
13.786459,9.752084,1
0.6866711,-2.6837993,0
-4.611258,12.808275,0
-0.45235208,-0.21619226,0
13.320105,3.7992873,0
0.711409,7.4567437,0
-5.009983,4.7706475,0
-0.20238599,-0.0030441834,0
9.698541,0.784472,1
-1.2065527,1.5477921,0
-4.3520255,4.1966267,0
0.9743877,7.2549,1
9.2434225,0.90951747,0
8.106582,6.1198263,0
0.8569875,7.0754585,1
10.58312,12.110223,0
2.6939816,12.317192,1
0.80270624,13.730318,1
-0.25841957,1.8717726,1
12.254378,-3.481059,0
-4.5877686,12.917236,1
8.372482,2.6017964,1
-6.116592,11.539698,0
4.2806225,13.015698,0
7.876015,2.7655933,1
-5.752041,11.28944,0
2.71474,11.981579,1
13.956169,10.308499,1
13.576738,-0.4870703,0
9.234949,7.045891,0
-1.9038417,1.8845946,1
1.704965,5.886733,0
-5.764076,9.357572,1
13.48883,-0.3577083,1
-1.3027498,-3.0909996,0
-5.8157115,12.252767,1
10.497101,12.27801,1
0.97293955,5.32753,0
10.518372,1.4423949,0
-4.2016068,10.505067,1
10.0738945,13.235005,0
7.887634,5.615462,0
1.1394598,-0.7966266,1
-6.9374456,3.560071,0
11.205587,12.030019,1
-5.863737,2.7146726,1
1.0376709,13.659943,1
-4.843799,4.318005,0
1.7011801,13.858966,0
8.36058,6.5640173,0
2.9065511,12.199301,1
-5.0768576,2.2032187,0
2.9429824,12.240536,0
-0.6528983,-1.7681199,1
0.8324529,-0.26983577,0
1.1292313,5.9800243,0
-6.295121,2.5881472,0
0.69833815,13.837113,0
13.337194,4.3812423,1
9.72157,1.0193235,0
9.369122,1.274135,1
-5.0800605,2.853697,0
0.096931055,-3.2937946,0
1.7032534,4.621269,0
0.45506206,7.294236,1
9.858093,1.1778682,1
10.667342,12.396859,1
-3.8518693,12.873882,1
-6.00702,8.841502,0
-2.0720234,-1.053292,0
14.5751095,9.497601,1
-5.236932,2.1607206,0
-1.8985783,-1.1695931,0
1.8761477,14.666659,0
3.7328312,13.722678,1
9.030705,12.508001,0
-5.1371627,12.679287,1
-4.692633,3.8122065,1
-5.237089,12.903063,0
8.470729,5.865509,0
0.14800349,-3.2465038,0
-4.636607,2.526834,0
13.739784,9.171918,0
1.3122858,13.521978,0
-1.5110118,2.0955796,1
13.156676,4.280659,0
-3.6618986,13.342076,0
0.7575593,-3.285813,0
9.877349,11.440845,1
7.4156218,5.9957657,1
4.4892993,12.187577,0
14.297102,4.295865,1
-5.6825433,11.432453,0
7.4939885,6.059292,0
13.801082,9.752588,1
-0.30422807,-3.0083084,0
4.0541,12.069898,0
9.241959,7.2409887,1
11.395039,13.193541,1
-5.6789904,9.592648,1
9.844354,1.1192348,0
-4.410573,12.872698,0
9.999732,12.184586,1
12.858197,4.109836,0
1.1086404,13.436417,1
-4.214508,10.938996,0
-1.0321316,-1.1887957,0
1.2119281,6.2262607,1
15.481379,4.1165786,0
-4.2561135,3.5699496,0
7.3385673,2.240698,1
-5.8844275,3.616208,0
0.16990872,-3.282768,0
-1.7767,2.0310671,1
13.253178,4.520914,1
9.535694,1.6328844,1
1.0158587,6.9061074,1
9.323965,0.73859775,0
1.2562159,6.1451097,1
-2.0359187,-0.85619205,0
-4.3983345,12.594068,0
7.0493293,2.553196,0
9.991269,11.536555,1
-1.8219239,10.965469,0
1.653598,14.590724,0
-6.0152893,8.361334,0
12.48506,-3.3381171,1
1.4764473,-2.908344,1
0.7100496,13.883419,1
-2.2096734,-2.7736828,0
-5.0312357,4.3410797,0
15.727249,4.36507,0
-6.075815,11.847486,1
0.59852624,0.20247743,0
-1.5772326,10.747984,1
7.579947,6.9014845,1
-2.5688467,-1.2505023,0
-1.9867064,11.012951,0
15.629229,4.2081375,0
9.028401,12.879175,0
-0.70598936,1.6691486,1
0.74291617,13.961404,1
10.532781,1.4123898,0
13.245356,-3.5289211,0
-5.731415,2.3691845,1
8.407964,6.4900784,0
9.105329,0.5382909,0
0.20608781,-2.2187982,0
-5.2519026,12.499315,0
1.4017023,13.672746,0
-1.2807447,9.66558,1
-1.2839767,-2.7972152,0
10.644593,11.554564,1
8.465429,5.6768794,0
0.81132686,4.761208,1
9.171575,0.60886955,1
0.7930569,-1.937689,1
-5.9808645,3.6867032,1
-5.6410484,11.465555,1
11.635094,-2.920499,1
-1.6376694,2.1633248,1
-1.4009476,-1.858891,0
0.91166615,6.2221355,1
-5.7397304,11.21317,0
4.017129,12.727415,1
4.3207855,12.228995,1
-0.0077823745,6.0385327,1
-1.1452487,-0.88488305,0
13.927274,9.790913,1
13.214939,-0.34870002,0
-6.003543,9.417358,0
-0.9828239,-2.9551523,1
-1.4566963,0.011745284,0
2.6316087,12.079317,1
11.78619,-3.0645328,1
3.804185,13.575081,1
2.7668805,12.061584,1
13.574875,-0.14297023,0
11.977912,-3.0950456,0
-1.5616785,10.814334,1
9.840847,12.26818,1
1.190353,5.7955437,1
14.89734,3.9290056,1
8.277576,5.8727555,0
-4.1524477,13.096882,1
-5.951971,8.293226,0
-6.9651384,3.4565802,0
-2.0119512,10.3272085,1
1.4782741,7.1698303,1
4.649068,14.633215,1
-1.5157758,10.052388,1
7.8948975,2.4217315,1
-3.753482,13.086209,1
-1.2921153,-2.7211418,1
-4.9612975,11.742613,1
13.443536,4.123663,1
-1.8853266,-2.7134383,0
-1.066646,-1.4793727,0
0.8178169,-0.0053755674,0
-5.051063,4.6884046,0
4.838959,14.523736,0
10.599821,11.892554,1
-6.009138,11.7130375,0
14.23075,3.8338823,1
9.201269,12.074747,1
-2.176124,-0.44584164,0
9.357787,0.48547828,0
1.2243891,-0.7556571,0
0.152923,-2.9340262,1
13.949354,10.271984,1
10.568498,11.378507,1
1.321821,13.351363,1
1.2749319,-1.6077577,0
0.3684651,5.791712,0
4.494722,13.220727,0
0.691659,4.4932246,0
10.6629,11.845745,1
4.240288,14.76498,0
11.607661,-2.9438343,1
9.466133,7.1188874,1
-6.0038424,8.228564,0
8.301721,2.360339,1
7.9719644,2.4563453,0
-0.6930704,-0.09877825,0
13.303747,-3.324811,0
13.377778,-0.40909714,0
-0.92241406,-0.8105137,0
1.3699331,-1.726183,1
-5.7219396,8.595471,0
-0.9478376,-2.743529,0
11.329994,12.9984045,1
0.920347,4.455865,0
-1.2595419,-2.5033014,0
1.7312133,5.95033,0
-4.8278556,12.064858,0
-1.475012,10.631096,1
-4.2300215,3.104399,1
-0.8060153,-2.977244,0
-4.381836,2.6577508,1
4.0191083,14.942256,0
8.419911,3.2771068,0
-4.263186,2.5653014,1
1.4918175,13.189426,1
-0.42690653,-0.67738694,0
13.494665,-0.028691772,1
1.6050014,5.5391216,1
-3.0010793,2.7006104,1
1.0675402,-1.2264308,0
-1.2216429,-3.227885,0
-2.2726355,11.365321,0
-6.9957438,3.448942,0
7.5740156,6.355465,1
-4.2533965,10.61875,1
12.38007,-3.563535,1
-5.265891,2.75568,1
-5.006069,12.072196,1
2.9841206,12.52758,0
-5.077141,12.452133,1
1.3285116,5.507948,1
-4.057298,2.9583173,0
-3.0544918,-0.9064531,0
9.801334,1.20133,1
10.996323,12.116422,1
-2.2623413,-1.6993479,1
15.323767,4.0233645,0
-1.8083447,10.922208,1
10.506743,1.4673525,1
-1.3776697,-2.5443268,0
1.1256655,14.049617,1
-6.1944275,2.5313835,0
-1.9821545,-1.0950629,0
10.707813,11.935429,1
4.236694,13.333203,1
7.9172893,2.387736,1
6.9728394,2.3465445,1
14.028865,10.425158,1
1.2526314,-2.22922,1
-4.683004,3.2189834,1
0.24599019,-2.7812507,0
1.2815325,14.061228,1
1.8047421,-2.2162182,0
-0.95379806,1.9240465,1
2.984786,12.7512665,0
2.5858352,11.761229,1
13.331412,-0.52253187,0
10.254097,11.583776,1
0.97973424,6.5311584,1
8.2241745,6.7459927,0
9.101906,0.45516843,0
14.359536,9.923246,1
8.060911,6.1146655,0
-0.050378855,0.6648602,0
-6.057093,8.1993,0
-1.2401547,2.0457659,1
10.752747,12.477893,0
3.890027,12.311899,1
-5.4731746,12.078068,0
1.3695304,4.5207253,1
1.719347,4.8003683,1
12.876152,4.228492,0
6.974422,2.34781,1
9.509371,1.2875335,1
10.551956,1.3563095,1
4.0853863,15.082325,0
-4.040949,11.428868,0
4.8066945,14.803219,0
10.382848,11.771217,1
-0.261239,9.216327,1
0.29950678,5.029101,1
-2.8358333,-0.68201804,0
7.7061534,2.3532531,1
3.7973294,14.12772,1
2.7949398,12.103685,1
12.833165,-3.2217321,1
-2.2593753,-0.5433677,0
0.6120749,14.120416,1
13.122361,4.4400144,1
-2.8269494,-0.9544497,0
15.558612,4.2361236,0
13.260571,-3.5569603,0
-4.1143584,2.919565,1
-3.906881,10.557819,1
7.267023,6.458327,1
-1.4137791,-0.39192683,1
-0.3545494,1.611639,0
13.415694,10.136683,1
9.770253,1.0812316,1
9.610983,1.6775352,1
-4.8684235,12.6241045,1
-1.8724273,-2.8879542,1
4.9075723,14.631261,1
0.6354929,5.7786098,1
0.80679756,7.382464,1
8.203336,5.5781183,0
0.50687164,6.6684575,1
12.565779,-3.332802,1
0.9405563,13.542649,1
10.938166,13.742871,0
10.122691,12.187995,1
4.8822746,14.591869,1
0.41971105,0.86283135,1
-6.2617397,8.4028635,0
10.552807,1.4858347,1
12.281415,-3.1314888,1
-4.701106,2.4173634,1
14.101343,10.495524,1
10.821036,13.12093,1
-1.3952632,10.3629675,1
14.543976,4.182696,1
-5.278974,3.0048974,0
9.500108,0.8210708,1
9.316492,12.391082,1
-0.004458118,-3.2777998,0
-1.2018757,1.4746048,1
9.410159,0.8361983,0
0.8832208,13.596648,0
10.042903,12.416251,1
-1.786378,2.487778,1
4.3824673,15.276216,0
-1.6799316,-2.686746,0
-1.1594666,9.503531,1
-4.932346,4.0103064,0
-6.1050105,8.224221,0
-2.1760361,-1.9753543,0
-1.5082134,1.6830853,1
13.996313,10.298678,1
14.16888,10.131674,1
-4.880139,11.004976,1
1.2490295,13.788078,0
1.7310108,14.504459,0
2.8497326,12.170639,1
7.9877796,2.3247015,1
4.6339955,12.692306,0
-2.205035,10.164395,0
-4.362436,4.234216,0
4.723712,14.691244,0
0.07286882,5.7650437,0
-6.463264,3.4764512,0
14.9166765,4.050432,1
15.07951,4.11919,0
-4.619906,2.6042652,0
-6.567064,3.5281646,0
-3.0276964,-0.83035254,0
-1.9728359,11.076014,1
14.734981,9.805628,0
-3.536411,13.446938,0
-1.5611439,-1.523411,0
9.597314,0.5047637,1
7.348501,5.9227057,0
-4.4526353,13.266887,0
-3.6527293,12.250356,0
-0.6032268,-0.17749773,0
7.6411753,5.894048,0
9.913484,1.11372,1
14.214446,9.7027,0
14.942609,4.061469,1
8.558164,5.7678847,0
2.629481,11.997329,1
-0.8795698,2.2726057,0
-1.6966066,1.0055319,0
-4.9260297,11.886697,0
10.45263,11.625486,1
-4.7056766,13.198525,0
13.47022,10.097304,1
3.8739338,14.116107,0
1.2645489,5.0858727,1
-0.646055,-3.2979617,0
9.227232,7.038137,1
-4.585352,4.221657,1
-1.195335,9.8560915,1
-2.5036032,-0.44354364,0
-5.0808654,4.49658,0
1.3464564,6.46119,1
-2.1013608,10.551357,1
0.77421534,-2.981279,0
1.4944888,13.107425,1
13.566786,-0.086643904,0
-5.0316195,1.9951605,0
-4.570281,4.38651,0
-5.398934,12.380643,0
0.6134835,14.074593,0
-0.39442778,-2.314084,1
13.247829,-0.3407176,1
4.3794613,14.39678,0
-1.7084296,-2.4191046,1
-1.9055359,1.892939,1
4.7167797,13.143986,1
-5.933739,3.6704721,1
0.6928164,14.140394,0
-6.099076,8.966598,0
-5.192701,12.703624,0
-2.363255,-0.7370975,0
3.1789222,12.516589,1
12.625131,-2.1526623,0
15.776589,4.4003005,0
-4.589282,13.112315,1
4.958198,12.395627,1
1.0079535,7.2673535,1
0.51750016,-3.0145037,1
13.542598,-0.5605801,1
5.013474,12.348637,1
0.47102168,0.11284535,1
3.3569217,11.739959,1
12.552504,-3.259272,1
15.675915,4.315379,0
0.66374314,0.3477463,1
7.6425204,6.826528,1
-5.0930424,13.030088,1
-1.73973,-1.7451594,0
0.029030742,6.3171062,1
14.565759,10.308788,1
4.7646365,13.132508,1
0.5408864,6.46043,1
12.80946,4.225649,1
2.4620154,12.023496,1
-5.667468,12.344226,0
-4.469661,10.693494,1
-4.3530564,2.5199661,0
7.1289716,2.3893185,0
12.893403,3.9405358,0
-6.031172,3.7171898,0
-5.9626803,3.3766706,0
3.6646595,12.2063675,0
7.494697,6.073583,0
3.7571225,14.010042,1
9.875375,1.1785772,1
10.099052,13.545811,1
10.720513,13.960519,0
2.9639573,12.753068,0
-5.79704,9.329493,0
4.1276236,12.4828415,1
12.766208,-2.0723822,0
-0.79944485,1.3852255,0
14.389419,10.110427,1
0.4305867,0.28165808,1
13.225113,-0.45584795,0
-2.4406717,-1.7982966,0
-0.6906787,-2.8352911,0
4.0560594,13.165563,0
-1.6889054,2.317415,1
0.861779,-2.4564698,0
8.020108,5.603766,0
12.757412,-3.408101,0
13.316502,9.999142,1
-4.7668395,11.275307,0
9.917939,11.949168,1
-2.3166683,-1.747136,0
1.2092013,5.709864,0
0.41954243,5.6038613,1
-1.7934092,-0.3016536,1
3.2653067,11.80721,1
1.7018957,5.839337,1
0.8753733,5.413641,1
4.655108,13.154052,0
15.535638,4.140522,1
2.6488874,12.066635,1
8.010183,5.5834556,1
1.023595,13.737441,1
-4.6519494,2.5873265,0
-1.4545422,0.0063266023,0
-1.9084171,-1.3216463,0
-5.9274583,9.429188,0
10.914596,12.52567,1
-1.6715324,9.778038,0
4.025215,13.697522,0
-0.97122306,1.2448046,0
1.4191108,4.809496,0
-6.378582,3.4462955,0
7.6169305,6.739842,1
-1.2413574,2.7130122,1
-4.6092086,2.8398345,1
-2.2029576,11.163994,1
13.446129,9.469055,1
4.9728317,12.666617,0
-0.6379015,-0.86803514,0
0.41784108,0.22711986,1
13.566267,4.3189545,0
10.860222,13.867334,1
9.148551,0.5177206,0
12.837867,-3.3365152,1
-1.4009172,9.8952465,1
0.8807396,13.712968,0
-4.7923837,11.196119,0
-1.9185319,-0.4791057,0
2.574433,11.290849,1
13.30432,3.760192,0
0.7299839,-0.03528321,1
-0.8220576,-0.09695824,1
13.175042,-3.7896876,0
10.026355,1.7422905,1
-0.30280492,-2.5128043,1
7.61072,2.4766417,1
11.308038,12.3544035,1
-0.3405605,0.14915285,1
13.047058,-0.15742578,1
8.857475,6.5838733,0
10.471533,11.9885235,1
0.98639536,-2.441218,1
-1.6906989,9.806008,1
-0.5655538,0.67687845,0
-3.7130146,11.890997,0
11.857668,-2.1361272,0
0.6146438,-0.33921137,1
8.407905,6.045671,1
13.129417,-0.10153341,1
12.738854,-2.0699584,0
-0.56819403,-2.5238163,1
-1.6005008,10.777129,0
-5.58586,3.4005783,0
9.386144,0.79481494,1
12.350026,-3.3709743,1
11.411536,13.108596,0
-1.3830636,-1.0982177,0
9.254455,12.27893,1
9.174349,6.8525023,0
-0.7457273,-0.7651025,0
3.7470615,13.431227,0
-2.0105348,-2.7870998,0
14.768059,9.974034,1
-3.3504786,13.188522,0
14.464855,9.541458,1
-5.086522,11.567932,0
-0.7548746,9.6103325,1
4.9764075,12.680272,1
-3.9690127,13.17475,0
-1.8026992,10.01939,1
7.44351,5.844924,1
13.219833,10.435092,1
14.107409,9.989987,1
13.442171,-0.43191272,0
11.154012,11.948214,1
13.395306,4.4922357,1
10.985098,12.48662,1
-4.8094273,11.1561775,0
-3.4875867,13.445837,0
8.210627,6.6479692,0
-1.8403647,-2.9148164,0
-5.2178435,2.6333215,0
4.065441,15.148916,0
13.094923,-0.091691606,1
7.615542,2.330613,1
1.7484837,7.115156,1
0.2349902,5.914455,0
8.400981,6.3596025,0
7.4649725,6.5938463,1
-2.196515,-2.7068715,0
-1.4475766,9.976353,0
0.104717374,-2.7186003,0
11.095596,11.971281,0
13.491846,9.460826,1
8.966562,12.84312,0
0.31945455,5.9659514,1
2.8975134,12.301334,0
-6.092769,11.539195,1
-4.22699,11.242828,1
1.1227102,6.7307606,1
-0.4587461,1.7422874,1
-2.6782024,-1.318277,0
1.5184162,14.691847,0
14.659262,10.079697,1
-0.6274976,-1.1829014,0
-3.8088548,2.728013,1
10.626381,12.333527,1
-0.011133844,-3.0494804,0
4.5904512,14.76674,0
8.52223,6.0759706,0
-6.039831,2.5857964,0
3.762458,14.074835,0
12.9295,4.1773143,1
4.2627215,13.345693,0
-1.9575353,-0.8253278,1
-1.3263642,-3.2102718,1
1.5196614,-2.6384795,1
-5.1031322,3.9773197,0
1.6320474,-2.7451031,0
10.179466,13.50153,1
9.264092,12.252802,1
15.384841,4.1809015,0
0.7492052,0.04361552,0
0.65058213,-1.4888932,0
12.618125,-3.4680858,1
-6.3771873,3.6009598,0
-0.5562525,-1.4451257,0
-0.5963602,-2.7396414,0
3.817768,13.742948,0
8.490323,5.687737,0
-3.4229045,12.694093,1
-1.4890251,-0.12077487,0
9.027909,12.5507145,1
10.583347,12.096629,1
9.886669,13.06109,1
8.98445,6.9816136,0
-5.932066,11.716143,0
-5.4346395,2.441922,0
-3.0023568,2.7201495,0
7.6080446,6.3801246,1
13.643209,4.2520103,1
9.202078,0.69997144,0
-6.3137164,3.3902462,0
-4.3010664,12.380256,0
13.924084,9.18274,1
13.318663,10.182881,1
-6.082891,11.411091,1
7.8791122,5.940143,0
13.19887,4.5066032,0
-6.5163946,3.5790899,0
0.50701725,6.0269833,1
-5.327054,11.761055,0
1.8739697,14.549659,1
11.307194,13.148627,1
4.598927,14.931295,1
0.7621348,5.513094,1
8.915778,12.654372,1
11.850587,-2.267466,1
-6.15943,8.641274,0
4.642815,14.634126,0
-1.6092592,10.187638,1
10.761533,12.355202,1
1.6729835,6.782274,1
9.257368,7.170057,0
-1.2991258,1.1494147,0
7.553901,6.8370914,1
14.168485,9.130417,1
7.0975924,2.2835035,0
-3.770493,13.061405,0
-1.0351117,-2.5189798,1
0.03155312,-2.8028412,0
3.4628227,12.449422,1
-5.0947614,4.2746444,0
9.145214,0.53879595,1
11.394576,13.130349,0
-4.768699,12.561109,1
-5.122065,12.438611,0
13.272877,-0.41854715,0
1.1363673,14.545175,0
4.872893,14.810661,0
7.9871097,2.4423485,1
1.5788304,14.714634,1
11.343881,12.696489,1
1.847845,14.707573,0
-4.6413727,12.940254,1
-0.57152855,-1.8270105,1
-0.6885719,-1.3093979,0
12.890032,4.183865,0
14.925267,4.002258,1
5.003923,12.715258,1
12.993731,4.0377655,0
0.018531758,5.81467,1
1.2068948,14.087726,0
13.98829,9.563029,0
3.5269496,12.5918,0
-5.9026423,9.487844,1
9.48887,1.7519032,1
1.56062,-2.7560945,0
-0.617874,-1.9402375,0
14.878896,3.9223387,1
10.471582,1.5453098,1
-1.068646,-0.25598824,0
1.2179517,14.339132,0
-0.9203925,1.5351522,1
0.42719606,-1.0012733,1
0.56538963,5.998525,0
1.4430577,4.8084946,0
0.9174616,6.4407706,1
0.76590705,5.4138904,0
1.6661222,-1.9317932,0
13.4406595,-0.56184566,1
12.59782,-3.3444157,1
14.650537,10.146995,1
-4.22498,3.7678006,0
1.3573341,6.357976,1
1.3107283,6.1116896,1
-0.35142195,-0.95838344,1
13.497749,9.819728,1
-4.6435227,11.9498625,1
7.4988074,6.3717356,1
4.6609316,14.749588,0
1.1243305,6.0908756,1
10.527933,11.790214,1
13.383043,-0.54610646,0
-0.9056613,0.39587605,1
-1.3723352,-0.6717254,0
-3.173488,12.986172,0
3.0492563,12.437966,1
0.49617597,7.489751,1
0.747607,13.8081455,1
3.9702466,13.651691,0
-1.9769242,-2.3593395,0
-3.7907588,11.783704,0
12.243059,-3.4398055,1
8.379678,2.59355,1
3.8809862,13.94251,0
-3.0013268,-1.1414086,0
7.778718,6.0892806,0
10.474349,11.8703,1
0.71557325,6.669866,1
1.3098768,-2.918523,0
7.4989443,2.259053,0
9.9776325,13.367842,0
-3.9041002,13.104869,0
13.185697,4.4711723,0
-0.5777211,9.2534075,1
-1.6215787,9.700318,0
-4.2491684,11.058232,1
12.402916,-3.1948826,0
-5.904575,9.208989,1
0.702217,6.619944,1
8.254571,2.5199282,1
0.68960536,8.198045,1
1.5018913,-1.5188917,1
10.034146,13.043382,0
1.0445503,13.528418,0
-2.3613918,-2.2443247,0
9.279219,1.0142846,0
10.540076,1.4425334,1
-1.4040546,-2.7619677,1
-4.87618,4.633812,0
14.509773,10.324484,1
2.6617172,11.927412,1
2.7671776,12.319609,1
1.242019,14.280736,0
0.9556081,14.576475,0
-2.2130373,2.9546793,1
10.447361,12.181071,1
1.3607624,4.284997,0
14.00783,10.259115,1
-5.8699684,2.2663882,1
14.620526,10.010453,1
8.975385,0.4581408,0
3.9361188,12.255236,1
-1.7769675,10.075041,0
1.2785575,6.1617494,1
9.147867,7.0717764,1
3.8252788,13.348677,1
4.413954,12.905813,0
-6.033365,8.229827,1
-1.4869776,9.719345,1
-4.6200805,12.40854,1
-5.6577077,3.3275738,0
0.33234638,4.959784,1
11.894907,-2.86586,1
1.7575775,6.4524765,0
-5.946229,2.287119,0
-2.016759,-1.9319706,1
10.961537,13.8095255,1
8.273991,5.531233,0
11.383651,12.879565,0
0.33975756,6.583247,1
7.501658,5.9122596,1
-6.0019417,11.76684,0
7.4596114,5.827518,0
0.709961,14.09985,1
10.12011,11.316088,1
-6.193279,8.458487,0
11.162412,13.269116,0
7.6837897,5.6206307,0
-3.9554088,12.387889,0
-2.1781857,-1.3149039,1
9.04559,12.917944,1
3.763809,13.793995,0
3.7544613,12.0759325,1
-4.5079427,12.307185,0
1.813263,14.087643,1
9.184649,12.307836,1
-4.735153,2.3559196,1
-1.7534679,-1.0862564,1
13.293964,9.88117,0
0.35208696,5.5356827,1
10.074638,11.39726,1
1.055846,13.538252,1
-1.6110238,1.1970445,1
0.77950096,4.9693084,1
-4.7346096,12.332477,0
-1.3648195,9.64198,0
-4.439713,13.251382,0
4.702061,14.906541,0
-5.559168,11.9161215,0
0.4514858,0.8755778,0
9.528731,0.52219635,1
-4.8746543,4.6345654,0
-5.930009,2.3315504,0
1.4089217,-1.6997136,0
-5.4900737,11.739054,0
9.722543,0.91386545,1
-3.622186,13.301045,0
0.22288588,-2.639987,1
14.411115,10.335852,1
13.885979,9.21084,1
-5.2388043,11.794185,1
13.356151,4.1589317,0
-0.12469931,-1.5093302,1
5.013455,12.536228,0
-2.188242,-2.5730474,1
5.018119,12.429481,1
-1.433495,9.944379,1
7.472383,6.3466306,1
-1.8357327,10.734463,1
9.859098,13.126865,0
9.425881,0.8096692,0
0.17796032,-0.26065582,0
-1.2871939,-1.0944711,0
10.650358,12.166839,1
1.4975704,7.119869,1
-3.5294862,12.903703,0
4.82018,14.828097,0
15.401832,4.0687366,0
15.699647,4.3265076,0
1.4129092,4.4952283,1
12.942398,3.986072,0
-3.847605,13.611344,0
-6.4577518,3.4786615,0
-2.357912,-1.7629632,0
-0.42723686,1.3483558,1
1.0270011,-0.3349907,0
-1.074281,1.1369883,1
-4.322897,2.4584394,1
13.277362,-3.3875933,1
9.292134,1.9632242,0
-1.4422011,10.037409,1
0.83920294,7.9204373,1
-4.680199,11.392144,0
11.229141,13.3896675,0
1.5914502,4.693799,1
4.358519,12.336254,0
12.534399,-3.3438823,1
0.4265233,7.17479,1
-1.540535,-2.0616903,0
1.1808257,5.9163656,1
4.1143513,12.482031,1
-5.6926703,2.215061,0
-0.6224404,1.655678,1
-4.891742,12.8423815,1
7.1345525,2.6621628,1
7.6260314,5.6800213,1
4.396068,15.289943,0
-4.5757937,4.4132495,0
-5.2312446,2.1900728,0
8.258248,6.746386,0
1.3515613,13.252407,1
0.85591483,-2.4046195,0
0.4747994,6.4567275,1
-5.839704,3.04685,0
-5.5326867,2.8999062,1
8.640674,6.52532,1
10.836126,12.2992735,1
-5.3213873,2.0480635,1
-0.48728433,0.75962955,1
-5.1694994,12.940607,0
7.1845884,6.6230273,1
7.340126,6.267422,0
-1.5013264,-3.048097,1
14.620181,4.2040586,0
9.114036,12.302389,0
1.3032101,-1.2624108,1
8.164898,2.4090018,1
-1.947954,-0.25046274,1
13.300847,10.204434,1
10.273108,11.406885,1
-0.02924046,0.020900093,1
1.6856598,5.3118315,1
-0.30228913,-2.0477996,0
7.43499,5.9351406,0
15.239227,4.0043116,0
9.721132,7.36423,0
9.898429,13.268147,1
1.1221725,14.033842,0
-5.2960196,12.51332,0
1.8872882,14.649083,0
-6.7811766,3.5802135,0
9.932175,11.479862,1
7.8309045,6.890349,1
-5.1062355,12.847919,1
9.926658,12.586917,1
-4.366786,13.069907,0
9.819251,1.152925,1
-0.025323257,5.837614,1
8.4892,6.124247,0
-5.3426876,2.587201,0
9.006377,12.728321,0
4.569302,14.781574,1
-0.9516705,9.827504,1
11.83719,-2.3195045,1
13.3904,-0.4985169,1
4.1763005,15.331578,0
-4.672025,2.5398152,0
11.20528,12.732343,1
3.8477054,14.073324,0
9.025648,0.49327722,0
-4.3197803,11.160605,0
-4.3176184,3.0149233,0
13.322424,-3.4248462,0
12.557367,-2.1815112,1
10.791419,13.987624,0
5.05102,12.382514,0
9.227479,12.231422,1
-5.182712,2.00556,0
-5.53044,11.189939,1
-1.9512671,-1.7646127,1
-1.615481,9.715543,1
4.100199,14.973096,0
12.125403,-3.7946877,1
10.448292,11.768149,1
1.6210659,4.700988,0
-0.6839503,-1.6052899,0
-3.3759356,13.210161,1
-2.180333,-0.394029,0
-1.101243,10.114714,1
1.6515951,6.0234013,1
1.1993518,-2.5382752,1
13.459728,10.174701,1
12.127747,-3.5167007,1
-1.9538937,-2.955051,0
0.4158892,1.1163981,1
1.520941,14.558455,0
1.2392932,-2.2464805,1
15.489154,4.1203766,0
-2.6290853,-1.0856332,1
7.780027,2.3142114,0
-1.2074369,-2.6506746,0
-1.2728925,2.2846901,1
-4.795578,12.553959,0
-0.8468146,0.38797498,1
-6.161509,9.143453,1
15.738905,4.33843,0
1.6760485,6.225376,0
-0.35414118,-2.4268131,1
4.7826123,14.6514015,0
-5.3620358,2.2641115,0
1.2633959,4.40706,1
12.05038,-3.2514272,1
12.632348,-3.164021,1
13.467875,10.098975,1
14.214654,10.086586,1
12.303862,-3.4893453,1
13.438232,4.158463,0
12.80202,-4.072172,0
4.4220734,13.416847,1
0.66029316,5.595597,1
-4.904155,2.7914982,0
9.908879,11.170195,0
12.561092,-2.887801,1
0.17345764,5.543651,1
14.10304,9.591434,0
-1.888103,1.9132127,1
0.7288335,0.16833913,0
-3.0762856,-0.9797154,0
13.325747,10.316524,1
-1.8695123,10.197409,1
9.596723,1.1254537,0
-2.0864787,-2.6197648,0
1.5715283,4.4568586,1
1.7522775,6.5397134,0
-6.3624806,2.5832765,0
8.16488,6.069876,0
1.1774755,4.5104384,1
-5.622689,3.41336,0
7.7585244,6.007723,1
13.552582,-0.5230976,1
8.225035,6.774122,0
-1.2958785,-3.2080994,0
-5.51642,3.3329875,0
14.279054,10.059164,0
0.1751719,5.784169,1
1.1551133,13.368949,1
0.31542948,5.75543,1
8.266034,6.0671077,0
-1.6822085,-1.2540551,1
9.508722,1.3668088,1
12.552336,-4.1612554,0
9.940482,12.592739,1
10.169896,11.830824,0
8.216228,2.5058682,1
0.16841397,-2.8906703,0
1.4785286,-1.9569209,0
-1.6303581,-1.1343553,1
-0.59105605,-2.3399434,0
-1.2386858,-2.6872256,0
1.1307325,-2.1301627,1
4.011624,15.240318,0
0.95245653,14.146575,0
-1.6930716,9.94308,1
8.421675,3.2588878,1
-5.8124647,9.152942,0
-5.075879,2.839733,0
0.43308833,-2.6689446,0
0.03541945,-0.6378574,0
0.6310921,-0.9821755,0
1.7062467,-2.3634298,1
-1.3091683,2.2871525,0
-0.62529945,1.7323699,1
1.5840629,6.812175,1
1.2586918,6.57992,1
13.2089615,-0.4506016,0
-5.330375,11.961291,0
1.1021103,14.240146,0
-0.98021775,-2.1433148,0
10.500488,1.2681223,1
-1.9069763,-1.7808384,1
0.5701061,0.17169593,1
1.1047513,5.437307,0
12.78649,3.8832338,0
10.216564,11.469702,1
-4.820143,10.894096,1
4.3461914,13.6552,0
10.042195,12.279499,1
-6.010947,8.544659,0
9.934813,12.415859,1
6.9388156,2.3627696,0
-0.74763817,1.5678401,1
15.617183,4.225805,1
-0.46618935,2.1961107,1
0.8382656,14.273102,0
0.5762683,0.6258164,0
-0.86976326,0.08887774,1
7.788742,5.623795,0
9.750786,0.74317676,1
-6.9587083,3.4798083,0
-5.9314346,2.2543066,0
7.5375323,2.7547038,1
-1.4911785,10.428155,0
0.47649848,5.30324,1
-1.8846124,11.063128,1
11.402188,12.693623,0
-5.756554,11.5914135,1
0.6400996,6.5059333,0
-3.5056,13.418954,0
-5.9088345,8.976937,0
-2.2927253,10.46719,0
11.348381,13.123833,0
8.336822,6.6024327,0
1.5289557,-2.7948668,1
9.824665,1.5141742,1
14.132964,3.7370172,0
9.687682,1.2431781,1
4.211787,13.320197,0
1.0368302,-2.1197171,1
1.5275122,4.740595,0
-0.37425554,-2.7836838,1
13.269427,-0.47474244,1
9.904706,12.449228,0
9.279071,1.0583696,0
0.4142031,5.2291718,0
-4.3801126,3.1318433,1
1.4426558,13.464241,1
13.805846,9.855339,1
12.30445,-3.5249224,0
9.335513,0.6426397,1
0.33774304,-1.1405967,1
13.519908,0.061975494,1
11.379369,12.547609,0
13.857723,10.268771,1
1.7731607,14.014818,1
3.0084288,12.425705,1
1.1845133,7.4531164,1
0.04137116,-0.29904503,1
0.018813334,6.21873,1
-1.6626813,10.407183,1
-1.7777712,2.0404565,1
-0.21001166,1.246722,1
3.0651953,12.447836,1
13.8857765,10.3134165,0
-3.9052036,12.63879,0
14.029371,10.517135,1
-3.6572568,12.184106,0
0.06393182,6.1146803,1
-0.37655777,1.4300119,1
11.162269,13.265495,0
10.069805,11.304966,1
9.995135,11.23164,1
13.079091,4.116142,0
-2.5786679,-1.0834318,0
-1.5088202,2.21773,1
-2.0150876,10.928908,1
1.5477328,12.706469,1
-4.98351,12.631196,0
-4.4095273,10.685782,1
0.24008735,-3.12068,0
13.535591,-0.65545607,0
-4.3883443,12.81511,0
11.026365,13.67387,1
-4.4073534,11.437415,1
-1.8814853,-1.8563288,0
13.005405,-0.37837327,1
10.67396,14.017281,0
13.4284525,9.85856,1
-4.5459356,3.8347974,0
9.249678,12.581347,1
8.032544,5.8298426,0
-5.750087,9.44009,0
1.7299114,14.766776,1
11.257073,13.133983,0
-5.2093124,2.1343052,0
-1.6185648,-0.08264673,0
-1.1059669,9.8396435,1
-5.980872,11.812476,0
-4.373357,11.6895685,0
9.332841,12.221511,0
0.51260376,6.5475945,1
10.085884,11.585572,1
0.3260268,6.766043,1
-6.4154725,3.3604674,0
1.1849211,14.179135,0
0.19025205,5.7705035,1
-6.013019,8.6319475,0
9.143573,12.177186,0
0.37945047,-0.7100341,0
0.047113024,6.297211,0
0.33256942,-1.4135761,0
-0.8065044,-1.8008541,0
-1.2845926,2.6772904,1
9.108334,7.1190696,1
12.920499,-3.3666732,0
4.332996,13.395018,0
9.508571,12.213968,1
0.7824988,13.955107,1
8.887426,2.126151,1
1.381529,-2.7446694,1
4.6074543,13.297682,0
12.441595,-3.6241193,1
9.378246,12.5619955,1
7.274153,2.789299,0
0.07640804,-0.504774,1
-2.1703498,10.142878,0
1.0988277,7.093323,1
7.2037115,2.7079122,1
0.79756427,7.025705,1
1.5867575,12.489523,1
13.926053,4.438369,0
-4.5394726,12.302877,0
10.556937,1.4916648,1
-2.0359726,10.5263,0
0.09723499,-0.72720903,0
-4.3211164,2.5097764,0
3.75653,14.107525,0
7.8067727,2.2671402,1
-3.0757654,-1.1993686,0
-5.0893087,3.2154033,0
-4.094358,2.8209696,0
-4.1788626,2.99378,0
0.17357972,6.1853576,1
9.89782,12.389943,1
-5.778683,9.43555,0
-0.6341809,1.3365738,1
9.769125,1.4768618,1
-0.15940982,8.837958,1
0.9138359,14.444983,1
-4.47513,12.062543,0
-5.117662,4.8350687,0
12.505113,-2.229939,1
4.5464735,13.362079,1
0.9878588,-2.2688122,0
4.382959,15.307848,1
1.2997738,-1.9507413,1
7.064158,2.5298996,1
2.8312724,12.360793,1
-6.636003,3.6539946,0
-1.834713,0.8897496,0
10.305794,11.511171,1
1.1366062,14.152549,1
1.2251436,14.128081,0
15.521891,4.167618,0
-1.4988645,10.369515,1
9.28375,12.445413,1
-5.9304676,11.914316,0
-1.2664726,2.3083503,1
13.439971,-0.22632435,1
15.483473,4.2111654,1
10.659372,11.620583,1
-2.9717984,-1.145653,0
8.282974,2.3235176,1
-0.35350475,-0.5629558,0
1.35767,5.8700614,0
10.339755,11.845379,1
8.2535925,5.36763,1
-4.7009354,3.8342733,1
9.607124,1.6133809,0
13.401964,-0.052405503,0
-0.6291798,2.126308,1
-5.2795067,11.3569355,0
12.24204,-3.0555973,0
9.900058,7.4857044,1
-6.395856,2.7373438,0
2.716458,11.961682,0
-5.8242764,12.163836,0
13.3553505,4.468443,1
0.8562444,14.368114,0
-4.103461,3.2337563,1
13.0993,-0.0083890995,1
1.0807195,14.181378,0
15.085248,3.960773,1
-1.7847148,2.5685503,1
14.067074,9.084389,1
0.17334586,5.7009125,1
1.1907424,13.193965,1
9.797794,7.4001846,1
9.416329,0.3999037,0
-0.21249753,0.5755511,0
10.678259,11.928717,1
-0.54649526,1.7492211,1
12.092465,-3.2502954,1
1.0762681,-3.245486,0
14.327909,9.663507,0
-2.1875942,-1.7564983,0
13.627526,-0.05531622,0
12.015379,-2.9953928,0
0.34067887,-0.78970116,0
-5.643571,8.607155,1
0.90305126,13.576337,1
-1.6330764,-2.5715663,1
2.334883,11.421486,1
15.581627,4.182987,0
-1.9622273,10.109414,1
1.5733342,14.281204,0
0.8182856,13.754122,1
-3.7486918,12.488895,1
-4.4526553,10.757849,1
4.8618283,14.588826,1
-5.6620393,12.353604,0
-5.6006217,12.369547,0
13.3157,9.889758,1
-5.0506306,4.723194,1
12.679036,-2.9705753,1
7.92486,5.6119633,1
7.896353,2.4448657,0
-1.7821964,-0.9545298,0
7.053975,2.313895,1
0.2671051,5.873127,1
13.130639,-0.16505058,1
1.7830347,4.867336,1
0.8414006,-2.3593533,0
-5.4561925,11.526786,1
-0.7398707,9.794761,1
-3.4309762,11.390037,0
1.4094496,-2.924457,0
13.520963,-0.10097381,0
9.042144,0.4419019,0
8.276651,5.599878,0
1.3165597,6.1536846,1
9.966362,12.800918,1
12.947636,-3.9901896,0
-4.7993426,11.756909,1
-0.3747729,-1.0923363,1
-5.1414824,3.705132,0
9.889364,12.990415,1
-6.4754715,3.448747,0
-5.964122,12.012379,0
-4.0370107,12.527846,0
-0.65095496,2.1627526,1
9.241153,7.067106,0
-4.894545,4.1628222,0
-6.596705,3.6328535,0
9.265361,1.5428504,0
10.474905,1.2831868,1
12.693003,-3.3262908,1
1.2189771,14.576326,1
3.9960592,12.703607,1
2.8639786,12.087498,1
13.193397,4.349282,1
-0.010019536,-2.7482257,0
9.035513,12.348421,0
-0.64066815,-0.58316684,0
12.529929,-2.9463398,1
-5.1123834,12.700549,0
-4.642264,12.992992,0
3.5745707,12.6445875,1
4.5221715,14.797586,0
14.157954,9.723848,1
9.272797,12.543691,1
12.930035,4.025935,1
-1.3886777,-2.5972,0
-2.9581604,-1.4705117,1
13.319864,9.827283,1
-6.0382686,3.691298,0
10.534326,1.5379306,1
11.851423,-2.1590571,0
-6.112901,11.687413,0
13.17258,4.319807,0
14.357162,3.6845992,0
1.816682,14.709163,0
8.388142,5.791505,0
4.095604,13.4495535,0
4.9567585,14.608003,1
15.7571535,4.4084687,0
-1.2966983,2.5354605,1
7.4370093,2.3394434,1
10.058699,11.460676,1
4.8266473,12.587949,0
-5.705994,2.0737662,0
4.2171936,13.355982,0
-4.561048,11.365995,1
0.11373305,-1.0958039,1
0.62339246,5.0624766,1
8.552287,2.2504601,0
7.7289505,2.7808683,1
1.764304,4.6770306,1
9.66054,7.311467,1
4.673716,13.341113,1
12.870989,4.174765,0
11.878195,-3.393216,1
9.121408,12.146694,1
12.263413,-3.1212325,1
9.04208,12.324695,0
8.107537,5.784972,0
-3.7848485,10.409095,0
13.350249,9.700136,1
-4.3496857,12.46214,0
0.57330227,7.286428,1
12.170787,-3.4271846,1
10.907794,12.691581,1
0.74160457,5.9149075,1
-4.1113544,12.674344,0
-5.028099,2.7506995,1
-4.873315,2.221971,0
0.6814376,5.4082794,1
-6.2301993,2.4789271,0
10.946473,13.016765,0
9.354522,1.1848205,1
-2.064261,11.17265,1
-1.0487494,9.939981,1
-5.2567873,2.6851103,0
1.2007123,14.551507,1
-6.4559855,3.5125797,0
-0.75962895,-3.3030663,0
13.279725,-0.23388661,1
10.602353,13.979361,0
4.050574,15.2304945,0
14.196902,3.833585,1
-1.5806053,-0.06982641,0
4.002268,13.396196,0
-3.0789778,-1.1181695,0
11.243189,12.078382,1
0.37461463,1.2728927,0
10.302137,11.4073105,1
7.3762307,6.2509513,0
7.2436023,2.2520835,0
12.58735,-3.690848,1
8.2445,2.4689126,0
-1.4616426,-1.9876872,0
-4.191194,2.8018274,1
10.247246,11.391852,1
-4.446328,10.807714,0
13.825111,4.324081,1
-0.7889845,1.2798206,1
-1.1878232,10.542292,1
-1.0819414,-1.9502758,0
0.6149596,-0.12160516,0
8.230097,6.129116,0
-2.003095,-2.9420574,0
-5.8131995,12.260534,0
1.4111229,4.5556755,1
-0.57621604,-3.274299,0
10.544127,1.2834386,1
-1.4398962,10.496567,1
-0.8303245,-2.9677234,0
0.85045,-3.2138548,1
-1.8983072,9.870811,0
-0.26276633,-0.5737585,0
13.2500305,-3.5516038,1
13.826541,9.563315,1
9.923533,13.066255,1
4.2731,12.544654,0
13.448181,10.10609,1
3.0798726,11.810282,1
-3.548198,13.496001,1
10.60987,11.800967,1
0.24509421,-1.1199946,0
-4.3155546,13.026488,0
11.856435,-3.492202,1
-0.9928716,9.838028,1
1.4286952,4.3628664,0
11.989199,-2.0632122,1
1.5190253,7.056066,1
-1.4364133,9.76585,0
4.5132966,12.449905,1
-1.9337592,-1.7853187,0
-0.36096585,-0.6883476,0
-4.3791723,2.6819339,1
10.403815,11.754379,1
1.3407894,13.645818,0
5.041845,12.362981,1
14.199794,9.180678,1
-4.6419277,11.900665,1
10.611883,12.596899,1
0.66604024,-2.5682147,0
8.735419,6.4056153,0
13.987981,10.531171,1
13.92998,9.465425,1
13.631379,-0.06681851,0
-2.9492092,-0.8720911,0
13.918972,9.509105,1
1.3112676,13.083358,1
8.140855,6.83034,0
12.550087,-4.1206336,1
7.471632,5.878967,0
12.792419,-0.034828443,0
-0.41829005,2.1166399,1
13.272712,-3.6524284,0
4.912565,14.589145,0
0.6883218,-2.089179,1
3.166871,11.489152,1
9.644862,1.250775,0
-1.1596235,1.6265434,0
-3.272599,13.203778,0
0.216214,6.1321707,1
-2.6376572,-1.6463349,0
13.197451,4.3517637,1
9.582409,1.5683705,0
-6.2476397,2.6558068,1
0.8492533,-3.1576462,0
-0.95088696,9.846057,1
0.675675,-1.953118,1
10.078103,13.288064,1
2.192439,6.8890986,1
4.497918,12.308158,0
-5.625768,8.864756,1
11.17492,12.441843,1
-0.9210406,9.676704,1
12.50616,-3.7984066,1
14.466564,9.902534,1
7.667774,6.34569,1
7.1427665,2.273197,0
3.7306275,14.055504,0
-1.8907738,10.430137,0
7.8495865,5.512376,0
2.4211397,12.077382,0
11.823546,-2.3434982,1
15.579226,4.2246437,0
-1.7218946,-0.96812075,1
-6.630434,2.987174,0
13.426445,10.46346,1
-1.7829726,-2.3386157,0
12.811452,-3.4975142,0
-3.9934275,2.7762775,1
-1.0986186,1.648307,1
-4.9570394,11.186926,1
9.916523,13.153503,0
-1.4592712,10.420483,1
1.5456125,14.527951,0
-1.8842897,2.031551,0
-0.4070925,-0.083208784,0
14.104166,9.682318,1
7.0559187,2.655769,0
1.8869798,14.893298,1
4.291707,15.179295,0
4.9223204,14.691635,0
13.050191,4.4482656,1
9.184668,6.925167,0
0.8760684,0.015652053,1
0.6983895,7.7740297,0
9.064134,0.45251215,1
-1.5003372,-1.0819225,1
11.250607,12.84863,1
-2.8158643,-0.5483823,0
9.667402,1.659335,1
2.698047,12.154457,0
1.4929943,-1.2025137,0
-0.38040033,-1.0016425,0
13.158319,-3.2597716,1
15.667177,4.303432,0
-0.44750994,-2.0574005,1
-4.6300244,13.14844,0
0.4278658,0.22264381,1
8.454701,6.065323,0
0.92113376,5.665658,1
4.0136285,11.991862,1
11.888226,-3.0952265,1
4.284825,15.3431425,0
12.818821,-3.623372,0
7.1219745,2.514129,0
4.254661,13.290733,0
1.8850732,6.9079165,1
1.8083531,14.655776,0
-1.4407258,-0.99946547,0
-5.066531,2.0053844,0
14.758138,9.777996,1
-6.7251697,2.95335,0
9.88483,7.4879856,1
1.2520955,14.31762,1
12.490145,-4.0781865,1
1.5960263,12.499801,1
-4.7945657,3.7960513,0
1.8180258,4.9117074,1
-4.6220994,11.159884,0
-5.126523,12.39809,1
14.508997,9.408337,1
9.640599,0.47736186,0
11.237111,12.664718,1
3.8281212,14.090334,0
13.340775,10.042133,1
0.57165533,0.69153285,0
-1.1863589,1.1773778,0
7.492028,2.740905,0
-2.2332392,-1.7288573,0
-2.7874913,-1.1805782,1
1.0872687,6.509043,1
-4.2644753,3.0761473,0
-0.41008443,2.1211066,0
-1.4941009,-0.02583062,1
3.9998403,12.269543,0
12.106503,-3.034395,1
13.119086,-3.3201625,1
14.392566,9.432756,1
1.3695118,13.700576,0
-5.0649214,12.530329,0
9.968603,12.67262,1
9.946247,1.5866599,1
9.403513,1.4647973,1
7.649893,6.069775,0
-0.69648945,-0.48425937,0
-0.50501525,2.3110905,1
0.12960207,5.809515,1
-0.6306032,-1.9344002,0
10.635982,11.906455,1
-3.342425,13.118271,0
13.006559,-0.37506217,1
-6.1248627,11.748815,0
-4.4784813,12.011834,0
8.429946,6.079003,0
15.061118,3.839195,1
12.544948,-3.9803548,1
7.0780277,2.363272,0
1.428212,-2.9973478,1
12.945941,4.0317917,0
4.099476,13.726356,0
-4.351763,2.453545,1
12.872824,4.236707,0
-1.6755799,10.289799,1
13.166076,-0.050282624,0
9.135945,0.53101194,1
13.546387,-0.4479448,1
0.86983025,7.3477626,1
0.4900199,0.7743594,1
-1.8704567,11.023446,1
-5.0240083,4.2596793,1
9.879001,12.684162,0
0.921397,5.669511,1
10.304004,11.735163,1
9.217149,0.6384127,0
0.683419,5.069045,1
0.76403517,14.127797,1
0.2855852,-0.14361778,0
1.1627662,-1.2666342,0
-6.0750866,9.214234,1
1.7208828,-2.1551378,0
13.230743,4.388746,0
14.339151,4.2932653,1
4.6847024,13.2060375,0
9.689729,1.2261066,1
-2.8789256,-1.5433458,0
12.488168,-3.5123653,1
14.280863,9.273761,1
-6.0656066,9.222069,1
12.764529,4.101719,0
9.296763,12.602172,0
1.0544243,-2.5010796,1
1.6146514,-1.3544466,1
-4.180235,3.4588358,1
12.331479,-2.2464676,1
12.880254,4.2497816,0
9.027178,0.7414187,0
-3.507805,12.4643955,0
-6.0404844,11.833227,0
-3.7041547,13.114004,0
-6.109094,8.874325,0
-6.666625,2.9403877,0
0.23417872,-1.9691133,1
13.525896,-0.6190156,1
-2.0799732,10.197777,0
-6.400226,2.5275776,0
-1.3005087,10.697746,1
1.2898444,6.047525,1
-5.303776,2.2100263,0
13.127854,-0.111525,1
1.3169262,-2.3896642,1
-2.129151,10.790787,1
-2.9016187,-1.0538492,0
-2.590236,-1.1977342,0
-4.2986894,3.694375,0
4.7620287,13.084308,0
-5.9280796,11.732233,1
-4.2798777,2.4784193,0
-0.18941689,-1.1902381,1
13.132592,-3.304045,1
4.2657166,13.069254,0
-5.790749,8.427634,0
11.732589,-2.7690864,1
12.550266,-2.8874867,1
2.9218001,11.795831,1
9.3155365,0.9741734,0
10.152417,12.83,1
-2.7902682,-0.55303895,0
-4.955638,12.884345,0
-6.6595597,2.9593232,0
13.799143,9.762469,1
10.698156,13.988961,1
-4.3573976,4.071811,0
-1.7472891,2.063164,1
15.090226,3.9848566,1
12.853913,-3.3003857,1
4.4528685,12.199967,0
-6.0704627,8.239952,0
1.1810782,-1.7712111,1
-6.703396,3.208869,0
0.64022213,5.984238,1
1.5543762,6.204344,1
-6.1530137,9.330895,0
-1.7618258,-2.845312,0
-5.6723266,8.935755,1
11.854771,-2.337969,1
-5.634051,8.963718,0
-1.5767652,10.767193,1
1.2496476,13.708493,1
-4.372087,4.2564335,0
14.016682,10.342266,1
-0.70053935,9.457991,1
13.350281,-0.51386994,0
0.6292609,-0.21451521,1
0.91354036,-3.2119207,0
10.222786,11.424717,0
-0.5609257,-3.1974485,0
-6.165503,2.956747,0
4.807021,14.922584,1
0.65340066,6.859038,1
-0.60244876,0.65296113,0
3.701418,12.734779,1
9.120231,12.76893,1
9.262113,12.103903,0
-1.2840097,9.492882,0
-3.982405,11.96019,0
4.236088,12.742234,0
-6.454977,3.5395875,0
0.6977296,14.099947,1
9.449234,12.16197,1
4.549263,12.894303,1
0.18802223,-1.0301559,0
10.519317,12.573428,0
9.856631,11.914945,1
1.4777166,-1.2087942,1
-1.5415967,-0.65864843,0
12.110884,-3.4156296,1
9.701398,7.3420568,1
13.33158,10.073594,1
-4.674284,11.907285,0
13.568199,-0.07005344,0
2.7919004,12.417088,1
4.958434,12.654725,0
-5.27361,12.196079,0
1.2531139,-2.4866118,0
10.506092,12.015393,1
3.8896644,13.86884,1
-4.954247,11.227617,1
9.949393,12.782931,1
7.547745,2.3318944,1
-4.562599,3.8707416,1
1.2801465,5.834871,1
-1.3980037,2.799206,1
-4.8833447,11.671985,0
-3.6348374,12.837459,0
13.644947,10.466942,1
0.044659123,6.2436023,1
-1.4258215,9.893501,0
3.6136637,12.960206,0
0.47261184,7.24887,0
-2.670251,-0.65361154,0
-0.5590792,-0.102028236,0
11.196126,12.82447,1
7.3093586,6.599342,1
2.5817337,11.956396,1
-3.5574238,11.9796095,0
3.426809,11.847308,0
-6.2224917,2.3803923,0
13.299077,10.146981,1
9.913285,13.22523,0
-0.060692403,-3.2706623,0
1.384053,12.963035,1
13.473011,10.33177,1
9.116902,0.8592337,0
-2.178767,-2.740637,1
8.307969,5.7932024,0
10.456184,11.912572,1
-6.374349,3.3854706,0
13.021145,-0.0036819286,1
-4.946298,11.137186,0
0.9197652,6.4649644,0
-1.9651848,-2.4051533,0
12.653759,-2.404949,1
-6.3099465,2.5114472,0
-1.4839892,2.2973995,1
9.854761,12.445019,1
9.574021,0.46429655,0
-1.1903299,0.03783444,0
-1.2054093,9.712529,0
4.1550264,12.155046,1
-5.789408,2.2298758,0
7.322363,2.7810044,1
0.7596797,-1.9105926,0
7.652112,6.359966,1
8.095851,2.3033285,0
1.4795275,-2.618825,0
-5.148002,4.8191347,0
0.052842494,1.4421176,0
9.081462,12.9336195,1
12.593244,-3.1403294,1
-4.5853753,13.222209,1
9.8960905,11.237315,1
-4.9235907,4.553099,0
-5.2024307,12.39039,0
5.024342,12.709221,0
9.356555,0.9943987,0
-6.035372,8.280256,0
2.6580758,12.11263,1
1.7925819,7.1188335,1
8.042103,2.425916,0
0.86260706,7.437447,0
0.69420433,14.042811,1
4.1925554,12.335558,0
7.4130745,6.068875,0
8.427311,5.804121,0
7.997524,5.868598,1
1.697381,6.3850884,1
13.132874,-3.7719715,0
-3.5681098,11.934357,0
-0.061055027,-1.6854515,0
-0.76398003,-2.8498511,0
-0.8887986,1.246377,1
11.899645,-2.9299986,0
-4.278769,12.560801,0
-6.7407403,2.914044,0
11.293534,12.316497,0
0.68944055,6.712185,1
0.061598063,-2.0808709,0
-6.041569,8.281427,0
13.527056,-0.03420193,1
11.249668,13.3782015,0
1.005628,6.8538465,0
-0.07291957,-1.3255773,1
1.2843329,13.917425,1
0.7180148,6.937459,0
12.918787,4.3636613,1
-2.9397013,-0.832267,0
8.363379,2.3592954,1
1.6034151,14.648402,0
1.5331485,-1.2353109,1
-2.613409,-0.69290787,0
-4.031758,13.286342,0
13.990572,10.497483,1
8.140778,6.864135,0
-1.0153353,-1.9885032,0
-1.0310385,9.976839,1
2.1677997,6.7950454,0
9.795438,12.230995,1
-4.541199,4.2897134,1
-5.0952053,4.5268245,0
-4.109091,11.856709,0
13.429311,10.21789,1
10.666541,11.981158,1
-5.709176,2.2296305,0
8.34925,3.1494055,1
0.7566893,-3.273045,1
4.4778867,12.861624,1
0.8964765,5.7777834,1
2.4203153,12.104535,1
-4.148067,12.21836,0
13.399246,10.440944,1
-4.6062922,4.350657,0
0.8174773,7.952623,0
1.4228017,4.827556,0
15.11531,3.8967106,0
1.3170525,13.827712,1
-3.3874955,12.404567,0
1.3538835,4.4652543,1
8.110278,5.637835,0
-3.4794796,10.3530245,1
-0.40735027,-1.0335504,1
-6.680226,3.037723,1
-4.646292,11.494012,0
-4.290043,11.736156,0
15.258404,3.9683251,0
0.13611948,5.8373485,1
1.6030946,6.066535,1
-4.224131,12.816665,0
3.1363795,11.389021,1
1.5545788,-2.792435,1
12.85546,-0.011373856,1
7.9573374,5.6161885,1
12.518081,-3.3615394,1
7.7138844,5.674537,0
-1.4179116,-1.0247397,0
-4.0148544,13.28737,0
-1.1976222,-3.0068614,1
10.613556,11.935035,1
13.043542,0.10316289,0
1.301454,4.991922,1
1.2261105,-1.215479,1
3.450553,12.539898,0
12.865232,3.9603271,0
12.492684,0.016422946,1
12.025094,-3.6682115,1
14.260109,3.710156,0
0.5415713,-3.2941484,1
-4.872478,4.4737735,0
3.3154986,12.2447605,1
0.78722084,7.02843,0
10.625207,12.413028,1
0.5492779,-2.6763363,0
-0.820754,-3.001791,0
-5.7687807,9.199853,0
9.68293,0.9383422,0
0.45765182,6.9459887,1
5.019089,12.338629,1
4.0436444,15.196109,0
10.519977,1.1914587,1
4.73427,13.121058,0
-1.942083,-1.0978446,0
0.50442636,6.318917,0
3.7167218,13.876546,0
-1.8964621,-1.8392234,0
4.7573657,13.1436,0
-6.3539705,3.4448674,0
1.3193053,5.8892303,1
-4.7045407,2.8940103,0
14.111158,9.904079,1
-5.8676996,9.443057,0
-3.1004713,-1.0402926,0
-5.285953,2.4761863,0
10.890071,13.713937,0
-1.588046,1.0652337,0
12.661441,-2.1878123,0
7.8852406,5.5884895,1
8.53617,6.0583515,0
7.11761,6.7526736,1
-2.0391757,-0.98991394,0
11.278631,12.262042,0
-0.7707709,-2.879543,1
-2.1402123,10.74851,1
12.803742,-4.026721,0
0.6983563,5.6520815,1
7.832885,5.9286447,0
-2.0235515,-2.199296,0
12.7704935,4.0384555,1
-2.1149964,10.685464,1
-2.1624143,10.238373,0
-1.8365557,-0.2902771,0
-1.6012732,2.3019464,1
12.638025,-2.122233,1
-4.946034,4.757097,0
-4.9943824,12.770713,1
-3.7084048,11.503111,1
-4.075657,12.86265,0
14.187364,9.224768,1
8.895989,12.738623,1
-5.5280976,11.209189,1
-1.4570899,0.022050066,0
-3.5936756,10.949464,0
9.660582,1.5644767,1
0.11693835,6.416813,1
-5.845341,3.460936,0
-1.1656306,10.215299,1
11.207614,13.16941,1
4.9467454,12.605999,1
4.2606483,14.977522,1
-5.9286385,8.420442,1
9.790672,1.192139,0
-1.9023262,11.062551,1
-1.908415,-1.280158,0
-5.644621,8.915569,0
14.108416,9.748929,1
-2.292197,-2.5200214,0
0.16737543,0.24641009,0
13.452031,10.364207,1
-5.8527827,3.2194157,0
10.414684,11.314228,1
1.155899,-2.5289102,0
12.452274,-2.972374,1
3.8459015,14.084868,0
-5.9043126,8.70679,0
8.060565,6.1214466,0
9.217323,12.257528,1
-0.5766837,-0.77866036,0
14.167326,10.505239,0
-3.1080801,2.7492502,1
8.094353,6.1385727,0
0.34064108,4.870264,1
-1.9964542,9.993618,1
-2.0573466,10.412459,1
0.36809903,6.626379,1
9.249547,12.323187,1
1.6492921,-2.651341,0
-5.114426,4.6190166,0
-1.31067,10.0402775,1
15.639291,4.299568,0
-0.9418024,9.792083,0
10.721832,13.734399,1
0.4953469,-1.192466,0
-6.027117,11.841366,0
0.15620679,0.10483768,0
0.011163923,-1.6283644,0
-4.4138412,11.961411,1
0.72996664,-1.5815737,1
13.5450115,-0.65642035,0
-4.748086,13.090306,0
-2.770759,-0.7141805,0
9.974329,13.377565,1
2.512698,11.842619,1
12.206575,-2.907018,1
8.439413,5.930666,0
-1.8899494,-0.9692574,1
7.657383,6.849526,1
-4.54602,2.3197985,0
12.654184,-3.0071375,1
-1.9513568,-1.1845673,0
-5.52895,3.3261685,1
1.8207172,14.675931,0
9.865727,1.4944966,1
-1.9201913,-0.8463682,0
1.270298,4.7316804,0
1.2536397,13.260298,1
-4.129779,12.914021,0
-1.9991286,-2.678811,1
-0.53813374,-3.2375507,1
10.658814,13.8401785,1
-3.3397527,13.279119,0
13.619707,10.115849,1
2.5000815,12.013273,1
7.1573696,2.3307934,0
7.9024944,6.9339137,1
-1.3584368,1.2308375,1
-0.042124555,-2.6146333,1
-5.936949,11.740439,1
-5.5899606,9.073006,1
14.052688,10.470423,1
1.018591,14.128103,0
-1.4579585,0.0048488197,0
1.5666121,4.7498636,0
12.921745,-3.4041812,0
-1.2191393,2.2377665,0
4.902655,14.842526,0
8.3494005,6.078235,0
0.7943431,-2.2132132,1
0.39931634,7.223349,1
14.681184,9.955237,1
-0.29586408,-2.3850343,1
9.997782,13.215302,0
13.519913,-0.00962306,1
0.65946865,6.13201,1
-1.8766874,10.192058,0
3.8001533,12.562462,0
1.5724293,6.4639554,1
-5.2332606,3.8677993,0
1.833072,7.0999174,1
13.449616,-0.40261436,0
0.7579476,-1.4093924,1
-1.7412319,-2.8080235,0
-4.496648,2.6945233,1
0.68001556,14.212863,0
11.279725,13.122867,0
0.6291851,5.6239915,0
-1.0623641,1.5284172,1
14.639871,9.596664,1
7.1301003,2.337726,0
-3.368544,12.676372,0
1.7253103,5.3963614,0
14.500838,4.1956296,1
14.462259,10.265973,1
10.445915,12.676854,0
0.14453685,6.403714,1
4.129659,12.763397,0
1.3074273,4.7569222,0
-1.4325808,-2.1230383,0
10.860747,13.929123,1
9.055856,0.4818979,0
12.704756,3.8123188,1
14.658445,10.17084,1
-0.16292147,1.9388807,1
9.895807,7.4909496,1
-1.7317276,-0.95070505,0
-3.9325666,11.884265,1
-1.8016303,0.88083476,1
0.23573296,6.7031693,1
-5.6774864,2.2353168,0
0.65195286,0.29432297,0
-2.6714907,-0.9821832,0
-2.6351526,-1.0311639,0
9.983807,12.86295,0
12.916706,4.058657,0
-3.5089083,12.284265,0
7.3834205,2.8252623,1
1.0048612,5.1139903,1
1.4708067,-2.3523037,0
-6.0882573,11.787785,1
7.554678,6.7974544,1
0.647598,-0.4176018,0
-5.2140903,11.378127,1
0.32331285,6.337762,1
9.878113,12.511359,1
-1.4111058,9.74937,1
4.9562697,12.678967,1
8.131843,5.638692,0
-5.0241337,3.5576518,0
14.468642,9.959382,0
9.688331,1.6003342,1
1.3951478,-1.0841924,0
10.898787,12.845274,1
9.048977,12.406306,0
10.074193,11.345809,1
-1.357611,1.3918154,1
0.40849432,-0.11668342,0
9.283382,7.259277,1
-6.5158668,3.5667002,0
13.9929905,10.229426,1
-0.9708136,-1.9280745,1
-6.195674,8.7704115,0
-4.5218635,12.1353655,0
14.100524,9.679914,1
1.6900097,4.5257587,0
7.3013353,6.281851,0
7.5170217,2.4942622,1
8.484286,5.791177,0
2.8877125,12.285182,1
10.758707,1.5875018,1
14.148285,9.814972,1
12.384115,-4.0057487,1
7.7213616,6.112445,1
0.9966686,5.7531934,0
1.4326427,-1.1905745,0
0.024773946,6.4255595,1
13.659329,-0.4700715,0
1.6717434,14.373657,0
1.079406,14.54128,0
-6.8386207,3.602471,0
1.6009032,14.503737,0
14.660019,10.034381,1
0.14988469,6.481473,1
13.2432785,-3.6949992,0
0.73265254,5.3460593,0
11.941763,-3.0915673,1
-5.7885804,9.501585,1
-6.4470115,3.5470297,1
4.9110847,12.990214,0
3.427835,12.793685,1
13.549674,9.318902,0
1.340805,14.646449,0
2.6820638,12.303768,1
1.6596042,6.6136513,0
14.256526,9.774592,0
12.560303,-4.164894,1
-6.134356,8.61658,0
0.76966107,13.860773,1
-4.627887,11.179099,0
-1.3616921,9.621618,1
1.8565073,14.660376,1
2.6129942,12.164739,1
-1.5637296,-3.0529969,0
-0.536803,0.16667761,0
10.905627,13.145606,0
5.0287933,12.480916,0
-5.6260557,12.413143,1
1.6346798,-2.5444849,1
14.256203,3.548497,1
1.2768384,14.133631,0
11.070477,13.66731,0
1.2095486,7.247075,1
1.5680716,4.5033584,1
8.081895,6.880448,0
13.754137,9.320129,1
4.3227873,15.322054,0
1.6995317,4.779409,1
11.2831,12.25856,1
12.945848,4.297307,0
14.964915,3.9661348,0
12.153116,-2.944074,1
-0.027177935,-2.1256168,0
-3.0699167,-0.8749665,0
-5.0304103,4.240628,0
9.585661,0.4760882,0
-4.1940713,13.047859,0
2.375408,12.014096,1
14.193538,10.545211,1
13.159633,-0.43512034,0
-1.533975,1.3190126,0
-3.797818,10.948003,1
14.821552,4.3172836,1
-0.3137047,-1.1310536,0
9.839834,11.518465,1
-0.90783954,-2.1343074,0
9.299758,1.9386511,0
-2.4320936,-0.57291985,0
-1.4236058,9.582346,1
-5.9313884,11.607171,1
7.130203,6.7303977,1
-4.637985,3.8539615,0
1.1110084,-2.0750427,1
9.204216,0.90844595,1
0.10497755,-0.9145159,0
1.5104152,4.9322257,0
-5.272666,2.5241044,0
-0.37087288,-2.8229067,0
7.311787,2.8655808,0
9.176648,6.9326863,0
-1.4960831,-3.150339,1
4.222455,13.332107,1
-4.072331,12.828456,0
4.3951945,12.180356,0
12.641927,-3.0206504,1
0.07413395,-0.9565538,0
7.230895,6.4875956,1
2.639322,11.730864,1
1.7511116,-2.111574,0
8.22224,5.507201,0
4.658454,14.716036,0
-1.8953749,9.971487,0
4.7041597,13.219556,0
10.546441,12.41609,1
10.8669815,13.328577,0
11.615049,-2.9631894,1
8.951096,12.79677,0
9.913769,13.1803255,1
1.5416589,4.6265225,1
-6.130591,9.310823,0
3.431669,11.962802,1
15.650573,4.2497625,0
4.366958,13.452977,0
1.1328919,5.803711,1
11.821446,-3.2864723,1
-5.0348005,11.689263,0
7.4775887,2.2581046,0
-4.2342,3.0580077,0
1.9180821,14.645763,0
7.531888,5.767636,1
-2.485313,-1.5681046,0
13.282083,-3.2975175,1
-4.8537693,4.3302064,0
1.3938819,-1.5050728,0
0.8557238,-0.09494408,1
-2.3764708,-1.0316298,0
1.484712,7.348047,1
-6.2319984,8.525589,0
1.6405302,14.73135,0
-5.537183,12.298383,0
4.0002546,13.630352,0
-2.145854,10.655019,0
0.44328782,-0.6309581,0
10.227704,12.644897,1
-4.631682,11.08042,0
-4.3734303,3.575038,1
13.5717,-0.06639889,0
13.869354,9.527065,1
13.591247,9.991405,1
15.22313,4.334199,0
0.78422517,-0.8709102,1
1.3533758,5.824591,1
9.278563,0.7488879,1
1.1313386,13.480225,1
3.0689452,12.777989,0
-5.366615,2.2764826,0
7.816658,6.0164037,0
15.538469,4.220439,0
7.740121,6.2902775,1
8.2393465,6.7391453,0
7.7024145,2.6281867,1
-3.6372976,13.038055,0
9.64768,0.5673344,1
1.5332369,-1.6469024,1
-3.9070418,10.841648,1
14.069025,9.65607,1
13.605225,10.533945,1
-6.0435896,11.588286,0
13.865462,4.398834,1
4.533485,15.096792,0
-2.785143,-0.5545889,0
-6.103057,8.428863,0
1.8806158,14.711873,0
-1.7876165,-2.944171,0
9.708416,0.6351152,1
1.2177616,14.128998,0
2.717008,12.336584,1
0.08366191,6.609769,1
0.14627391,-2.677216,0
1.1049298,7.0490594,1
0.23183869,-2.3670254,0
1.0647398,6.694111,1
9.523557,1.0257338,1
1.4200029,13.34199,0
3.323737,13.246334,1
3.965724,13.684425,0
8.168665,6.1289864,0
9.790932,0.95623094,1
1.6642076,13.6333,0
-5.457215,11.127937,1
4.2231174,13.298243,0
-5.8464656,3.2332017,0
4.544062,13.386896,0
1.928065,6.919258,0
-4.42162,10.674038,1
-4.395238,10.642608,0
4.3307457,12.214831,0
1.273559,13.158423,1
5.025089,12.277723,1
1.2187287,13.792906,1
13.244432,-3.493407,1
-4.3807106,4.2864614,0
13.146384,4.3736024,1
3.8786736,15.206769,0
13.093396,4.4452643,0
4.693753,14.350025,1
-4.104211,11.672358,0
-0.04103022,-1.5083451,0
10.961947,13.659809,1
12.575923,-2.1578789,1
13.153871,-3.7987761,0
-2.9164548,-1.2774997,0
4.8455195,12.878763,1
-1.8579721,1.9309852,1
12.692802,-2.0983245,0
4.712706,14.952839,1
0.9281764,14.482167,0
12.859466,-3.3202543,0
4.6953177,14.992331,0
1.1956909,-2.522235,1
11.451395,12.834304,1
13.463567,3.6830664,1
0.4040311,7.098183,1
-4.63568,11.986495,0
9.895236,12.530728,0
0.8939411,-3.187859,0
-3.3008435,13.236974,0
1.7189845,5.172851,1
7.826879,2.6840982,0
-3.0878813,-0.9226632,1
3.5668578,12.202347,0
9.048558,0.40446714,0
-3.7742987,10.682952,1
0.4472098,6.0492954,1
-5.6936035,8.565101,0
0.26353896,5.644322,1
1.502257,7.279998,0
14.328989,9.893826,1
-1.6859818,0.9641654,0
9.148024,0.5817832,0
1.4708487,6.2057414,0
-4.1640286,3.0159483,0
13.158412,-3.428047,0
8.397674,6.0441046,0
15.1213255,4.0898805,0
11.886865,-2.6753724,1
12.773201,3.9137304,1
4.0148087,13.778441,0
1.3862933,13.023783,1
0.6211614,6.1848254,1
-1.6794852,-2.397574,0
7.623755,5.6723433,0
-1.6245613,1.9221847,1
-1.7750851,2.0683146,1
7.6067424,6.216145,0
7.3222995,6.094625,1
10.398044,11.730073,1
-4.3318787,11.359887,1
-3.023559,-0.88472384,0
4.7436132,12.346961,1
-5.1018734,13.035824,0
7.463231,6.0839252,0
-1.6271768,1.1958323,1
13.821894,9.987889,1
0.24562687,1.3432178,0
0.49044207,5.269864,1
0.20573583,-2.906024,1
13.51932,-0.6540671,0
0.79184496,-1.2316071,1
9.348266,12.38801,1
-1.8516556,-0.99645454,0
8.411533,6.099271,0
4.0359583,15.116728,0
2.6760607,12.251894,1
9.267626,7.299147,1
12.893114,-4.005206,1
-1.8834052,1.7944196,1
-5.6854143,9.002958,0
1.1062702,13.385619,0
-2.2330198,10.151153,1
-6.390752,2.5661962,0
9.604833,1.7171748,1
3.4367375,11.817241,1
0.15430894,5.3891506,1
12.697395,-4.1201797,0
-5.7264643,9.084315,1
0.26209453,5.062681,1
3.7888436,13.939656,0
1.7211207,13.417906,1
14.6567335,9.573309,1
1.1896343,5.730846,1
-1.0609127,1.7545801,0
-2.3226407,-0.98661995,0
-3.9315917,10.484723,1
14.164336,9.184,1
10.565783,11.664033,1
-6.0394583,8.843264,0
15.686254,4.3161135,0
-1.3949,1.4050286,1
9.519637,0.9054631,0
-3.3343494,12.77274,0
12.800588,-3.6262736,0
11.897501,-2.8635132,1
-3.5400677,11.06177,1
13.267796,-3.615224,1
0.89665395,-3.1298993,0
-6.952128,3.3404734,0
11.316553,13.203093,0
15.049144,3.9010377,0
-1.1238512,10.089892,0
-1.9200389,-2.3136015,1
-1.8675553,1.9338487,1
4.621467,12.3630085,0
-5.23587,2.1156018,1
14.095304,9.801737,1
13.433263,8.845559,1
-3.3125691,13.11387,0
1.4253466,14.3604145,0
1.4052987,14.876933,0
1.479393,13.3215885,0
15.629968,4.2134542,0
-1.1286823,9.663125,1
-2.2268627,-0.8368597,0
13.211496,10.453062,1
7.2455463,2.3395052,1
0.18289793,6.4329233,0
12.857451,3.9489422,0
-0.50016576,-3.21404,0
11.245012,12.940743,1
0.7333711,-2.117069,1
0.33429265,-2.8701155,1
0.20487309,-1.5223414,1
-1.2873287,2.329918,1
1.1855793,14.256537,0
1.5376934,6.521838,0
-2.4159536,-1.7921798,0
0.21643482,1.2318383,0
8.989035,12.56224,0
-6.410553,3.4667377,0
3.8325953,12.279411,1
1.8585968,14.400646,1
0.33574566,6.970529,1
-0.7862296,9.621555,1
-0.06799557,-2.9862967,0
12.653087,-3.4546735,0
10.771591,13.88516,0
0.16022104,-0.6844065,0
0.1344162,5.3983245,1
-4.2144303,12.952684,0
13.293672,10.092398,0
-0.35450137,-1.3293684,0
9.903065,12.18761,1
-0.19138297,1.2563208,1
-2.3308063,-0.69310606,0
-0.71015114,2.231472,1
1.2706193,-3.034012,0
12.166561,-3.0688715,1
7.381842,2.3769467,0
-2.3730383,-0.37628582,0
-1.0500469,9.4210205,1
13.305505,4.3015766,1
-4.3016844,3.6158447,0
-0.8007205,9.627804,1
1.7213379,-2.470701,1
0.9036876,14.358205,0
-4.1321416,3.021276,1
-3.8821905,10.977745,0
-6.300987,2.850574,1
-4.0671363,12.712877,0
11.158193,12.991157,0
12.8650055,-0.105294555,0
3.0495722,12.469627,1
1.3053417,13.076158,1
2.9237053,12.58315,1
9.784096,0.8716209,0
-5.4003763,2.6153996,1
0.028599156,6.510089,1
0.37200323,5.0684586,1
-6.9058876,3.1202037,0
9.768475,1.4589115,0
-0.48149112,-3.326318,1
0.04260796,6.261673,1
9.383262,12.058472,1
8.457721,5.936565,0
4.5328693,12.940071,0
0.29304147,4.976694,1
-1.3923738,2.2375205,1
-5.120505,11.028046,1
8.3071165,5.4187527,0
9.889279,12.546918,1
10.928116,12.625723,0
-6.5382485,3.6087232,0
10.131161,12.446754,1
1.1335745,13.977892,1
11.806047,-3.1962075,1
-2.1517098,-1.90214,0
-6.1294675,8.592227,0
9.215115,0.79757303,0
-1.8630755,2.688814,1
13.409164,4.5175486,1
-1.642449,-1.5390115,0
12.817677,4.0205674,1
7.5367174,2.2581778,0
15.707632,4.3348355,0
0.67333895,-1.9854821,1
-4.706716,11.425544,0
-1.5356897,9.825852,1
-2.2070606,10.152672,0
13.529543,-0.5961024,0
-5.6400437,11.995871,0
-5.9311595,11.981875,0
-1.1819583,-0.662561,0
-0.49958688,-1.6545907,0
10.527309,11.902431,1
13.003376,-0.0678129,1
-6.1658483,8.945912,0
-4.64479,12.922074,0
-6.4377418,2.560053,0
4.823746,14.325484,0
13.030568,4.2684207,0
0.037950505,6.364813,1
-4.408716,3.9419146,1
-0.35071954,1.1920094,0
14.235091,10.014334,1
-0.5328429,0.97461253,1
4.1284347,12.591076,1
7.5402555,2.4267693,0
-1.565019,2.5430636,1
-3.3220277,13.207626,0
-5.0001497,11.528549,1
13.432925,9.489273,1
-1.0547273,-1.2964455,0
9.9781,12.470612,1
-3.3048518,12.846631,0
-3.0145533,-1.0463252,1
0.7372721,-1.4064633,1
7.920118,6.9587436,1
14.154639,9.211773,1
8.181668,6.6932817,0
-2.7944956,-1.2383349,1
-4.1084046,2.678303,1
0.43183392,-0.18259834,0
-1.963766,-1.8984164,0
-3.1727054,12.984583,0
10.517327,1.5076957,1
9.423317,0.7900916,1
-4.366439,10.720272,1
12.904369,-3.4561715,0
-5.872951,12.122617,1
10.097015,12.753564,1
-5.637511,11.19919,1
10.322857,11.765549,1
10.555452,11.853552,1
12.627082,-3.449641,0
-6.517883,3.2203715,0
1.0789659,13.698253,1
-1.7320493,1.9833186,0
7.2625604,6.739077,1
-4.7138257,2.5397666,0
-0.9065604,2.258981,1
0.8543292,-1.0574884,0
14.41556,9.374492,1
0.7445826,-1.85896,0
-4.674093,3.1427915,0
-0.83959836,1.2725282,0
13.7978325,10.845302,1
0.60700005,5.258201,1
-2.2201304,11.229843,1
9.173524,7.1442313,0
10.465526,1.4921101,1
1.5403073,12.624618,1
-0.17959757,-3.3232365,0
12.688906,-3.401868,0
0.27136296,6.7320023,1
-2.0901005,10.802512,0
9.97038,12.870576,0
-0.42933446,1.7374574,1
-6.7063456,3.295816,0
0.032594394,6.466768,1
-2.0523088,10.5220785,0
11.399831,12.887627,0
11.217844,12.715746,0
1.1921422,4.534748,0
-3.5798614,11.082542,1
-1.5075186,10.3040695,1
-1.8893594,-0.4681393,0
13.022034,4.3680286,1
-4.402975,11.7793045,0
-4.660283,11.8618145,0
1.7055715,4.66084,0
11.422851,12.717318,0
1.046338,13.412808,1
-2.5114446,-1.4997787,0
7.5525126,5.7247148,0
10.503696,11.876862,1
0.14706698,-0.5672761,0
13.640757,-0.07814331,0
1.6106888,4.6907334,0
13.252353,-3.6636147,1
4.6908374,14.571647,1
0.35246494,7.014536,1
-5.098326,11.248054,1
11.053087,12.983903,0
0.9326191,6.2342286,1
-1.7875819,10.457975,1
1.3512813,-1.5769219,0
12.699385,-3.142992,1
13.057612,-0.07412691,1
4.387398,12.520179,0
9.405153,1.330728,0
-2.0251124,10.69766,1
8.230829,5.5074124,0
13.382122,-0.47289455,0
8.019249,5.608278,0
1.9267431,14.625643,0
11.057406,12.722367,1
9.800485,7.426953,1
4.69562,14.758966,1
1.5295459,13.350309,1
0.16224594,6.4831204,1
12.742305,3.9777272,0
8.007938,5.546364,0
12.254076,-3.1731827,1
9.458356,11.8235035,1
4.7825136,13.022254,0
11.383764,13.054513,1
7.9373507,2.7327595,1
13.073607,-3.4978294,1
1.072871,-3.2348864,1
-0.14091861,-0.9659657,0
0.7711836,6.1528263,1
-4.749896,3.9166534,0
-2.0001805,-1.9318935,0
12.659092,-3.6578221,0
14.3055315,4.3138967,1
-5.8375063,8.394738,0
-0.2543485,-1.0475295,1
-1.5684555,2.5086462,1
0.4416312,0.043627508,1
0.045511533,5.991436,1
10.104104,13.13048,1
1.864007,14.756964,0
1.3715211,14.375169,0
3.8117993,12.613965,1
12.825032,4.094246,0
-3.9881368,2.771124,0
7.5304503,2.4718935,0
8.275191,5.8084297,1
9.425707,0.9588863,1
3.6219823,11.984991,1
-1.8856382,0.02443758,0
1.6454825,12.809279,1
9.285869,12.143359,1
-6.0686593,11.78158,1
13.717075,4.2843676,1
13.1189375,-3.751666,1
2.4919474,11.730066,1
-0.6471082,-3.3160963,1
-4.200358,11.029126,1
0.4018557,-0.2855693,1
8.97408,12.679874,1
-1.7101038,-0.88770425,0
-5.6744823,3.2792926,0
14.065997,9.5777235,1
9.987721,1.6693779,0
-4.210383,12.772766,0
-4.9111276,12.210152,1
0.8911834,-2.4934154,1
-2.0467057,10.043137,0
15.670327,4.3007174,0
12.623326,-3.36511,1
9.91545,11.896801,1
1.7338375,6.306407,1
-5.515459,2.3019145,0
1.3252124,4.535748,0
-3.7791326,10.994228,1
-2.984493,-0.8289738,0
-1.8378531,-0.48407614,0
9.447837,0.46630895,0
9.508477,1.7702117,1
7.836996,6.007896,1
-5.75199,11.372848,1
-1.6151652,10.83724,0
13.884053,10.062847,1
1.7046818,14.737007,0
14.785074,9.800939,1
-5.5843577,11.217137,1
13.041226,4.181918,0
-0.5939155,-3.2719905,0
1.013103,6.685345,0
10.598388,1.4999603,0
-5.072465,4.7044067,0
7.5803065,2.2486897,1
-5.950284,8.325127,0
-6.105428,9.236097,1
2.565366,11.818115,1
13.740908,4.3020096,1
1.4592085,13.1637745,1
0.29169035,1.0998366,0
9.729665,1.1524884,1
1.4868886,-2.2441635,0
8.166558,2.6169245,1
4.50268,12.826081,1
13.560965,4.406064,1
0.4386698,0.86361384,1
10.549771,1.5034897,1
9.619301,1.6489059,0
-0.19911243,-0.49375874,0
15.514533,4.2527385,0
13.860935,10.671072,1
9.304953,7.3459167,1
-3.028616,-0.8312372,0
-0.379662,1.3277253,1
-1.6064172,-0.29389584,0
15.488178,4.1214943,0
-2.9199753,-1.3295726,0
-4.669574,12.522812,0
-5.786069,9.465771,0
-0.7905094,1.750101,0
-4.70874,3.8282664,1
-3.3522995,13.193098,0
10.553729,11.975955,1
-1.640004,-2.256554,0
12.69598,-3.2000048,0
8.044877,6.818993,1
13.788904,10.705321,0
-5.77774,11.999051,0
-2.6305294,-1.7171029,0
12.812771,-3.358997,1
-1.6809171,10.842369,1
14.496797,9.903617,1
6.812111,2.3737097,0
-4.370741,4.2725077,0
11.339854,12.696277,0
15.52852,4.1351337,0
8.270181,2.45068,1
1.5093623,7.224173,1
-4.057704,11.198854,1
13.181701,-3.5565925,1
11.208332,12.03879,0
13.078981,-0.40976223,1
-2.8664296,-1.0456636,0
-3.301298,12.969762,1
-6.0376096,8.413438,0
0.3841935,7.115615,1
2.91357,12.30047,0
12.27522,-3.8071337,1
-1.771293,-2.794474,0
-4.4212837,11.986292,1
12.923018,4.272976,0
0.2292471,6.470428,1
12.812367,0.103884965,1
1.5854576,5.5445805,1
-4.5825224,12.975559,1
1.8674743,14.715374,0
-1.1754715,9.791238,1
8.1358595,2.4510734,1
3.62054,12.411828,1
-4.3714466,4.2540793,0
-1.5083032,10.1398115,1
9.040538,0.4231685,0
9.8970585,1.5726954,1
13.579407,-0.34224817,0
-1.249004,-0.9428397,0
4.517004,14.903303,0
8.986337,12.9645605,0
-6.027587,8.562435,1
-6.8852434,3.5640385,0
4.432166,14.379368,0
1.6129334,-2.2265801,0
4.710153,12.774335,0
-2.175912,-2.7399662,0
-5.954376,8.389059,0
-4.187756,11.120202,0
-1.8907495,10.031129,1
-1.0568026,1.5229571,1
11.312546,13.012692,1
-0.40961698,-0.25298685,0
-1.6651144,-3.0824265,0
10.348853,11.779666,1
13.59084,-0.46360824,0
-0.50839484,2.5298343,0
-1.6711757,1.1204691,0
15.778859,4.3489084,0
1.7651485,4.8052588,1
0.7331535,-1.6345781,1
0.6720293,-1.4194535,0
1.8204998,14.518615,0
-6.991648,3.3563714,0
-4.9526324,2.2044609,1
9.6556015,0.46241862,0
-5.7891793,11.254397,1
10.571265,1.4731522,1
-5.2751956,2.0460842,0
11.178448,13.213263,1
1.1621317,14.118364,0
-5.694615,8.6852255,1
10.491436,1.2863339,1
-6.003603,3.6461577,0
14.372768,9.895836,1
13.532656,-0.6897658,0
-2.1346805,-0.8712542,0
8.550888,5.9663973,0
13.221613,4.0550046,0
-6.032383,3.195852,0
13.069391,-0.10754674,1
7.7082887,5.61958,1
13.951307,9.479934,0
13.46174,4.3455334,0
-6.3025084,3.4925916,0
-6.208901,3.1263497,0
1.0508976,14.590305,0
11.446767,13.021483,0
-5.335375,2.0398428,0
1.8053427,14.610374,0
0.02373309,0.42736804,0
10.454479,12.116335,1
10.76671,13.965509,1
12.782719,3.9292042,0
4.6898837,12.907999,0
10.059626,11.250678,1
7.180173,6.69388,1
13.1793785,-0.47506878,1
1.0352628,-0.32566556,1
9.09647,0.7112055,0
-3.7409961,12.576151,0
9.664534,1.6813357,1
4.3553057,13.078176,0
12.578985,-4.177962,1
8.423382,6.411282,0
10.509663,12.391723,1
-5.6338253,3.2314534,1
13.462187,-0.6280854,0
-1.3377284,-3.2147408,0
2.694264,11.852764,1
15.79247,4.409058,0
15.762025,4.3908405,0
-6.1688657,8.639496,0
7.0875406,2.6106024,1
-1.8766297,11.008695,1
1.3253562,13.154101,1
-0.72898006,0.68857986,1
1.564329,-1.3337822,0
13.096278,4.080993,0
1.5994165,4.649437,1
-1.4070609,9.761369,1
-0.87064254,1.4016702,1
7.8652363,5.7250333,0
-4.4226418,3.2129893,0
-6.417926,2.932103,0
-1.4268304,9.7655945,1
-4.775634,12.494322,0
4.716759,15.0072,0
12.900359,-3.4419842,1
9.403303,11.880877,1
-0.41092256,2.1977663,1
0.72474575,14.274918,0
0.9484041,6.836876,1
13.535744,3.7582653,0
7.0280886,2.4073944,0
13.569419,9.80155,1
-1.1515812,9.921841,1
10.014862,11.870472,1
0.15851967,-2.9522703,0
11.724115,-3.1332185,1
1.3920897,4.5027504,1
-3.4270413,12.866209,0
11.9059515,-2.709059,1
0.8561491,13.871389,1
-2.222421,-1.1129743,0
12.637379,-3.0652552,1
9.610359,0.72564363,1
-5.97751,2.3072894,0
-2.240539,10.746051,0
-4.061647,10.825034,1
7.179043,6.720395,1
1.5188763,14.70972,0
13.35991,-0.5582772,0
7.50668,2.2717516,1
-4.0385833,11.526798,1
0.33631012,5.8082542,1
15.327045,4.0795555,0
-1.2456726,2.277253,0
-2.4465551,-2.1717284,1
13.37998,-0.5780941,0
-5.280979,3.1350243,0
10.197064,11.455132,1
-4.203099,3.5008833,1
4.385148,15.2537,0
11.157363,12.3220005,0
4.5099316,15.097493,0
3.6574178,11.982227,1
9.516148,1.460382,1
12.48281,-3.3550727,0
9.936269,13.168098,0
13.317096,10.123577,1
-5.6726975,11.430703,1
-6.4046073,3.1482034,0
-5.7877674,8.337268,0
13.606811,10.094358,1
0.3636179,5.0093255,1
1.7178748,14.763369,0
-5.742242,12.174349,1
12.1938715,-3.5030947,0
-1.277167,9.649282,1
10.79038,13.803142,0
0.20919809,-0.40538144,1
1.056687,14.139693,1
0.73459524,-3.2789109,0
-6.5784655,3.4467232,0
15.084667,3.9244437,0
11.109283,13.303459,1
-4.9333158,12.450093,0
-1.507687,2.53717,1
-6.0507555,8.922127,1
9.212405,13.051224,1
-0.6664533,1.2599518,1
13.092147,3.8293493,0
9.677177,0.50721467,1
8.307214,2.4870262,1
7.302957,6.618075,1
-2.9410484,-1.5226164,0
12.445836,-3.5222018,0
0.29487896,1.1673237,0
12.061949,-3.259239,1
9.405516,12.289888,1
4.771355,14.685164,0
-5.0834007,4.822563,0
0.19607717,-1.276637,0
-6.0413313,3.081375,0
-3.2249472,13.064292,0
0.7469806,-1.4463514,0
-4.927284,2.9197133,1
15.763663,4.3779454,0
-5.613316,11.128636,0
0.60406363,-2.6367295,0
2.7767813,12.3467865,1
-1.3996682,-3.18658,1
15.088095,3.9338884,0
1.8520442,7.075253,1
11.181025,11.955598,0
-0.6237992,-1.8310937,1
12.615329,-2.3112018,1
0.7793348,-2.8273032,0
4.965504,12.563086,0
15.767243,4.3882914,0
11.106764,13.578366,0
10.600772,11.692569,1
-0.50081676,-0.6403351,1
0.76062685,-1.8183339,0
13.261185,-3.640499,1
8.436715,3.3622499,0
-1.377849,-2.6989365,0
12.967125,4.0109935,0
1.7968175,14.798979,0
7.0159345,2.5386133,0
9.846636,1.2348617,1
-5.78982,12.287235,0
9.799428,1.5688782,1
10.134432,13.582935,0
0.78681326,14.278274,1
-2.7153344,-1.8554894,1
1.19413,-1.2430558,1
12.479157,-3.3745265,1
7.455593,2.4514797,1
-1.5206274,1.1831263,1
7.461549,5.868434,0
0.70883954,6.9672327,1
-3.0049233,-1.2786906,0
-0.5704276,-3.2710505,0
-5.7513094,11.216735,1
1.0565574,-3.067934,1
1.3134223,13.786592,0
-4.593453,3.9108727,0
14.086582,9.357768,1
12.838185,4.04101,1
12.432873,-4.041744,1
-3.2942438,11.389683,1
-0.665942,9.299323,0
1.3269141,14.086857,1
-0.88904446,-1.5475202,1
12.666433,-3.1552238,1
0.6182817,-2.7394488,0
0.28129414,6.4178267,1
-5.9860473,11.964211,0
4.4372764,13.43218,0
-0.69494027,1.9653838,1
0.7831447,13.786453,0
1.5831114,6.632891,1
-0.1391029,-2.5609903,0
-0.27733904,1.6271156,1
-5.891145,12.010193,0
-6.6352983,3.0157132,0
-6.1470137,9.342586,1
12.05074,-3.1203032,0
-5.3408456,2.352823,0
11.356421,13.109843,0
-1.5574093,-1.1133449,0
1.3046074,-2.398874,0
-0.29793957,-2.6583622,0
12.592603,-2.0262685,0
0.6016019,-1.2784257,1
9.248948,7.0339875,1
-6.31979,8.498021,0
-2.2518668,10.744405,1
-0.71901405,-1.3454058,0
12.58522,-4.1753907,0
13.024081,-0.16018361,1
10.239776,11.683616,1
13.192218,-3.2205176,1
-0.8843568,1.0922,1
1.5567135,12.740473,1
-2.154914,10.768614,0
8.382661,5.078404,1
14.285403,9.328709,0
3.98332,13.792129,0
13.422283,-0.62762326,0
-1.2199954,9.884539,1
14.00984,10.329779,1
10.908992,13.836489,0
-6.04961,11.468255,0
7.2513704,2.8363554,0
14.070278,9.746746,1
-4.1050296,2.8732905,0
8.031083,2.4446955,1
10.983315,12.957615,1
4.2629876,15.395723,1
13.074554,-0.20279454,1
7.512106,6.465955,0
7.4954205,5.8277802,1
0.28016186,5.967437,1
-4.3205366,12.427462,0
-0.77563965,1.6455815,1
10.5730715,11.975511,1
0.5926572,-1.371845,1
-5.667733,3.384759,0
7.194243,6.734706,0
14.086884,9.20945,0
1.6964451,5.980635,0
1.5238488,-2.9383123,1
10.786243,13.907221,0
-2.2607238,10.534221,0
-1.4793884,10.027317,1
8.285602,5.566136,0
-1.6096243,-0.39519465,0
14.70665,9.856105,1
-5.0437093,4.33382,0
13.556301,0.033685476,0
0.36283726,-1.4738561,0
0.35363033,6.9959145,0
-2.8870103,-1.3535746,1
0.87348664,5.838439,1
-3.7085514,11.17697,0
12.952678,-0.1633303,0
11.3227825,12.867296,0
2.7370691,11.980769,1
-4.060369,12.750305,1
9.96529,11.381125,1
13.66466,9.017687,1
9.931575,12.654164,1
-6.104969,11.778023,1
13.21673,3.8120465,0
9.590362,0.96814376,1
-3.4190762,13.352318,0
-2.3813221,-1.5454817,1
-1.7882987,10.079661,1
7.602187,2.44078,1
-4.2966137,13.137493,0
14.73749,10.034501,1
0.6497833,6.01927,0
0.10108457,-2.4246335,0
10.087161,13.13679,0
1.7732611,6.7396607,1
-4.3868895,12.694085,1
12.658061,-3.31203,1
-4.2821307,3.9116428,1
4.0434556,15.167064,0
15.717733,4.3546567,0
13.231117,-0.33774966,0
14.732671,9.675393,1
0.7762915,-1.2594037,1
0.025461815,-2.748121,0
-5.998035,8.235329,0
-4.7425094,12.483256,0
-4.7348814,11.3140335,0
-0.38725802,-1.0479609,1
13.674306,9.776364,0
-0.77064484,9.558263,0
1.6657493,4.6076183,1
-2.7358792,-0.85265785,1
-4.03105,2.786745,1
1.0976572,13.837866,1
1.5121306,4.5183053,1
-0.33734992,2.2199028,1
11.414297,12.734007,1
0.5222467,6.4508023,1
9.66889,1.6797822,1
1.3650548,13.664204,1
9.925469,12.466014,1
11.390078,12.690787,0
7.5388093,2.8523633,1
7.228919,6.626705,0
0.85912675,5.640821,0
0.6718868,7.726944,0
9.281932,0.63649726,0
-6.051087,2.5323846,0
-2.1011965,10.492437,0
9.783913,1.7241825,0
1.3891244,4.3277106,0
-5.9561625,8.300457,0
11.70162,-2.768149,1
-4.761825,3.0056825,0
9.828631,7.421306,1
7.6608014,5.8667016,0
-5.1197524,2.0072236,0
4.8696017,12.840522,0
-6.8974357,3.1717112,0
14.365616,9.293438,0
3.7766738,13.80374,0
7.2555737,2.7721689,0
10.691255,12.775465,1
-1.5376613,10.718803,1
9.01788,12.51578,1
12.147842,-3.129295,1
4.371421,13.442453,1
15.642329,4.3253217,1
-6.455878,2.9675927,0
11.723037,-3.0220659,1
9.320245,12.035618,1
1.0128373,-2.1907854,1
-4.1176586,11.026704,1
-3.8148215,2.865075,0
-1.1906881,0.124036066,0
0.1611943,1.3873556,1
-0.80657506,-0.9091729,0
1.4975234,-1.2603586,0
-0.76881653,-0.8523088,0
7.1970396,2.2310977,0
-3.6563704,2.7579024,0
-4.057411,12.539831,0
-1.6906968,-1.7086191,0
0.610346,14.06523,1
9.881459,13.226836,1
2.986955,12.396445,0
-4.779262,10.515369,0
-1.9404043,-2.663561,0
-0.60924685,-1.1374198,0
1.1827577,4.715303,1
1.0386677,6.1818733,0
-6.8997126,3.2061968,0
8.948442,12.590228,0
-5.1157036,12.863892,0
-3.6246479,11.906757,0
12.709966,-2.0934234,1
-4.433198,4.2412667,1
3.6700346,11.871927,1
10.388422,1.3305641,1
8.262655,2.4281275,1
3.9137425,12.619933,0
7.5541706,6.0883965,0
-5.646186,11.297135,0
-4.5269957,4.0419803,0
12.86314,-3.3765368,0
9.382291,1.5736992,0
1.5565369,-2.0499554,0
9.831001,12.284854,1
-1.7361578,-2.366224,0
-5.4622254,12.147141,0
0.60394645,8.181272,1
12.054904,-3.5009108,1
8.457249,6.020874,1
0.61360896,13.964377,1
9.60222,1.0374687,0
4.5102606,13.436271,1
-4.290477,11.1571,0
8.033143,5.6072755,0
-3.3664002,3.6911793,1
9.412817,1.6948951,0
10.522684,11.814786,0
9.564346,1.701729,1
3.8989613,12.786085,0
11.1399765,11.905631,1
12.10678,-2.8050826,1
-4.814276,12.828106,0
13.464415,3.7379737,1
-0.30152386,-1.0048287,0
-3.746455,12.770782,1
-5.683068,11.650845,0
8.533824,6.1240745,0
3.4057026,12.170269,1
9.887141,12.602995,0
0.96153814,14.253081,0
12.573003,-4.17109,1
-4.4263477,12.6979265,0
10.346871,12.283154,1
14.099876,9.341259,1
12.988589,4.2403483,0
11.680004,-2.8080785,1
14.417618,9.499623,0
14.173852,9.154861,1
1.5968401,4.480255,1
13.276817,-3.5938983,1
-0.4649631,-0.7369055,0
-2.0371263,-0.6208547,0
11.691532,-2.876737,1
-1.6501673,9.783985,0
13.885124,9.605989,1
-4.4233694,12.904715,0
11.040119,12.911801,1
-6.4244294,2.9249892,0
13.576006,-0.4932176,1
-4.396545,12.712221,1
-1.8187804,-1.7289667,0
13.221243,10.406469,1
-5.1370096,4.2359185,0
0.87710977,14.374323,0
-4.897392,4.6224995,0
-4.142578,10.922212,1
-1.1446384,-1.4570702,0
-1.9773962,-0.3128065,0
-1.7326599,-0.7914369,1
-2.0304444,-2.9339345,0
-2.1087127,10.07041,1
-5.827185,8.388787,0
15.117033,4.1188774,1
-4.292471,11.05357,0
12.648939,-3.2573595,1
1.5401063,-2.9358299,1
-1.9670168,-1.8115265,0
-2.310701,-1.5594573,0
15.567912,4.2416525,0
0.71804255,5.378756,1
11.241781,13.214901,1
8.247148,6.699166,0
-0.64617664,1.5407375,0
1.11643,7.486809,1
-4.001267,11.271136,0
-1.0724082,1.648007,0
-0.60002667,-0.3938603,0
-3.6742835,13.150394,0
-1.6854066,10.604251,0
-0.012465632,-0.6504567,0
3.9946432,12.320354,0
13.783739,9.88724,1
13.624336,8.970506,1
8.203934,5.9764247,0
-1.5065746,9.826317,1
-5.80645,8.3993845,0
13.905292,9.725496,1
-4.625023,12.981571,0
8.106904,6.0468736,0
-6.1899157,2.4533727,0
0.0026582158,5.754068,1
1.10002,-0.7281964,1
7.245967,6.4846873,1
9.172133,1.0034932,1
13.350208,9.5723915,1
11.093612,12.782534,0
0.37495318,0.91113484,0
1.3635813,-2.8554637,1
1.1801578,6.2158875,1
9.852551,1.7346326,1
3.3776846,11.877624,0
-3.7468505,2.740991,1
-4.571952,12.385914,1
1.2758944,14.637502,0
7.3223267,6.1458135,0
-6.940933,3.326513,0
14.506934,10.316882,0
-5.0694237,4.2834063,0
-2.7310162,-0.8245189,0
13.046252,-0.05394872,0
13.904575,10.731336,1
12.040314,-2.9732447,1
0.65917236,13.907635,1
7.888196,5.600343,0
1.5632777,12.900949,1
9.246369,7.2211666,1
13.240578,4.4706893,1
-5.647394,8.989682,0
13.742751,9.223507,1
1.7215793,6.2806783,0
-0.3764244,-2.3908184,0
10.451084,1.6383276,1
3.739642,13.976979,1
-2.792419,-1.5424834,0
-3.691481,12.440346,0
9.780852,1.3774707,1
-0.9715739,9.909337,1
13.268774,10.151148,1
9.170098,6.9569516,0
10.18314,13.530814,0
-5.2656655,12.904787,0
8.225125,5.7322435,0
-2.3148158,-0.8645203,0
12.722968,-3.1630452,0
-5.117783,13.014088,0
-4.778362,3.9281306,1
-4.4773903,2.9084566,0
1.1421684,-2.4529574,0
4.411187,14.906176,0
14.427535,4.187708,1
7.586538,5.690285,1
0.4947105,6.573553,1
13.149741,4.398983,1
14.591172,9.488276,1
14.34133,3.656806,1
7.3254914,6.734199,1
13.750336,10.074072,1
-6.747679,3.6282809,0
12.94649,3.9885159,0
-5.871903,8.900514,0
14.280447,9.314794,1
13.218863,3.7827053,0
-0.9655181,9.952678,1
0.3194259,5.610103,1
1.7419784,6.0578856,0
4.341422,12.546414,0
12.423371,-3.7888603,0
3.9929168,15.036583,1
13.088561,-0.42893967,0
13.401362,10.178689,1
1.5580554,12.681768,1
9.919608,12.17601,1
-6.1246767,3.5307732,1
0.56005883,6.081776,1
3.2153947,12.56398,1
11.858063,-2.9624076,0
10.560485,12.119327,1
13.776086,4.3465905,1
-1.8542988,-2.9386706,0
1.6355947,5.0377502,1
-1.1040746,-2.4172807,1
0.5818036,0.16122061,1
-1.4876193,10.01059,1
11.85485,-2.2748396,1
-4.2940574,11.207082,1
14.462698,9.606743,1
-6.6850543,3.7164176,0
-2.4695659,-2.3312025,1
-3.3777668,13.195733,0
-5.029807,4.65271,0
9.66313,0.45722973,0
12.314412,-3.2958956,1
-1.8807665,-0.5724865,0
9.172653,7.3031335,1
-1.0011954,1.734428,1
-6.7167764,3.3155448,0
-4.0314794,13.303617,0
-1.9063529,-2.3161805,0
1.2506205,6.240501,0
4.610146,15.035109,0
7.8946576,5.9490776,0
0.5905161,6.7849407,1
-4.728378,13.028435,0
1.6474028,4.642129,0
13.165507,-0.16440709,0
10.413977,1.5876182,1
-1.8304242,-2.4177318,0
-3.5389326,13.524591,1
-0.5695772,-2.3471255,0
11.805889,-2.9688454,1
-5.99966,3.6547527,0
-1.7297916,2.281952,1
1.1922684,14.022866,0
-3.6312594,11.763401,0
1.1742485,13.412678,0
11.839397,-2.3169866,1
-1.9199227,0.6987686,1
0.18822433,-2.7736006,0
4.5037932,14.828772,0
14.06463,10.198215,1
-6.343403,3.5965264,1
-6.030598,11.847136,0
-0.30324888,2.1071978,1
0.91389203,6.787385,1
-5.865683,2.148931,0
0.63389003,-2.6668572,0
1.2061028,4.476115,0
8.477485,6.211409,1
-6.0556154,9.3459015,0
-5.808019,9.199018,0
0.62506086,6.20225,1
10.452982,1.497045,1
0.147583,5.8369284,1
-4.2380934,10.526959,1
10.944695,13.593426,0
0.36384016,1.2347096,0
11.400828,12.955898,1
-6.721488,3.6874003,0
1.516126,13.417414,1
12.697263,-3.3104987,0
-6.0543623,8.418501,0
14.29258,10.430443,0
11.082246,12.569773,0
10.847657,12.668182,1
-2.2679088,-0.80498016,0
11.986902,-3.4938426,1
12.908558,4.3136597,0
14.218704,9.481093,1
-3.3969855,13.010247,0
-0.5334375,1.9976206,1
-2.9831967,-0.9559513,0
10.468247,12.165688,1
10.913245,12.321787,1
9.427447,0.76673955,1
-5.4656706,2.3088436,0
-5.6634855,2.946971,0
-1.4134344,10.690454,0
7.833895,5.5849533,0
-1.8341706,10.955697,1
3.8447127,12.331301,0
11.853557,-2.3194585,1
-1.0300043,10.0236635,1
9.186402,7.0422726,1
-2.328548,-1.8670683,0
1.2069176,13.340644,0
-1.4600444,-0.20414007,0
12.229396,-3.833979,1
9.676507,1.1600033,1
-2.4650145,-0.64592326,0
1.7277943,4.774139,1
-6.093174,9.372058,0
-1.8594068,1.9315357,1
-5.7547216,11.332095,0
13.386526,3.748404,1
3.7138808,12.874447,0
3.045988,12.152315,1
3.5500836,12.188498,1
13.394921,-0.5787946,1
-6.0201564,8.245815,0
-7.018924,3.4734147,0
12.738414,3.853222,0
-0.9368209,-2.8087566,0
-1.32014,-1.870575,0
8.465198,5.818108,0
12.987636,-3.6257582,0
4.6676383,12.553716,0
-0.19918491,-0.9902277,0
12.764074,3.9509084,0
-4.810347,4.247509,0
0.31629092,6.1130924,1
0.24016847,-2.4031305,0
-4.5620284,2.8566675,1
3.877998,12.7031555,0
10.512112,12.189173,1
-1.5522581,9.733514,1
-1.4476486,1.200718,1
9.618882,1.7162223,1
7.561438,6.271998,1
-1.3584414,9.72037,1
3.208126,11.544163,1
-2.597933,-1.4880108,0
1.2582823,14.331092,0
13.665188,9.316198,1
13.198355,-3.2858803,1
8.308954,2.3076081,1
1.8570458,14.733701,0
0.030851891,-1.0164578,0
10.700338,11.860608,1
13.426614,9.852111,1
13.4264765,-0.31844768,1
-4.104073,11.818951,0
7.5548515,5.7775645,0
-1.5717634,-1.8135341,1
4.7887425,13.111992,1
0.64997196,6.920793,1
-2.114016,-0.8725299,0
-1.5637099,-2.0597534,0
13.008866,4.153037,0
9.1238,12.254179,1
0.89306164,-2.4169397,0
4.763589,14.869608,0
7.378384,5.8951983,0
9.993224,13.479097,1
1.1943421,-1.5202798,1
2.7532663,12.063722,0
0.017429816,6.2647696,1
10.53381,1.4474843,1
1.4733785,13.402139,1
-5.033901,4.4462547,0
1.2773904,6.697846,1
7.4487243,6.5735793,1
8.099708,6.890004,0
-0.7029368,0.05694634,0
0.7982036,-3.2522094,0
9.200573,7.3122373,1
9.326405,0.66580147,0
2.0712252,6.7730947,0
9.073332,0.4872875,0
-1.5122399,2.6758828,1
-2.1069179,-2.893888,0
-5.906858,9.394752,1
0.18265893,6.456569,1
14.766461,3.9698498,1
-0.88923997,1.3887949,0
8.016797,2.4143047,1
0.3612624,6.7686777,1
-4.0306897,10.85765,1
2.97647,12.463409,1
-3.6740391,12.213673,1
9.074466,0.8083097,0
-1.3624756,2.2947965,1
9.25817,0.9627599,1
8.30446,2.3927903,1
-4.2385573,10.512575,1
13.190022,-3.4867415,0
8.533829,6.056532,0
3.87715,12.181601,0
1.527674,13.6543665,1
13.467765,4.4727473,1
-1.5570185,9.67564,1
-6.9365535,3.3051643,0
0.5059974,6.541979,1
-6.025809,3.4243348,0
-0.92909074,1.7460064,1
11.7651205,-3.3242154,1
3.7278006,14.007973,0
1.7253976,14.739237,0
13.059011,4.448815,1
-5.181786,2.2350857,0
-3.5962405,11.85387,0
12.201322,-2.9682472,1
-6.260796,8.720907,0
-1.1323446,-2.549285,0
11.052656,13.7369795,0
-4.6763883,11.914453,0
1.7329605,13.737405,1
7.685786,2.360428,0
2.7200923,12.276399,0
1.7527363,-2.288263,1
0.4122221,-1.7264546,1
7.3019795,2.806341,0
3.9194884,13.407674,0
-4.566153,3.1354203,0
-0.7422533,9.51184,1
13.265365,-3.6145742,0
8.085602,2.6517322,1
10.529505,12.597112,1
-2.269264,10.492587,0
14.730428,9.920112,1
10.517482,1.277923,1
1.6097002,4.570338,0
0.22632176,5.0903983,1
-6.160534,8.5491495,0
4.0846834,12.243517,0
-1.6518881,2.5842628,1
-4.795357,12.643154,0
4.044302,15.232657,0
-1.5139792,-2.4615045,0
-6.0883436,3.1874573,0
-5.191662,11.361537,0
4.605682,14.957248,0
1.4814779,6.1341014,1
-2.0566075,11.131127,1
-3.0754068,-0.93765956,0
3.9481971,12.437359,1
0.70199865,7.799205,1
-4.554554,2.7839854,0
0.6008914,0.5080242,0
3.7154725,13.819569,0
9.873981,12.2934675,1
2.5477808,12.261117,1
12.503911,-2.1674123,1
13.025934,4.3739853,1
12.91291,-3.542741,0
14.676469,9.416479,0
-1.4838629,10.052223,0
10.840898,13.364669,1
0.5514142,8.251904,1
12.505609,-4.056865,0
-1.7810063,-2.8528965,1
-6.4350395,2.8678253,0
9.055949,7.005193,1
0.30992362,7.2016244,1
11.31924,13.149343,0
1.3174301,5.929593,1
4.662289,12.307224,1
-1.8246428,-0.8778399,0
14.782122,9.710564,1
1.2987566,5.8177786,1
3.7922616,14.135107,0
0.2786517,7.3512607,1
13.041018,-0.22051904,1
0.68783325,5.510634,0
11.377193,13.176473,1
3.5935,12.243748,1
-1.9543073,-0.89852685,0
7.1386247,2.2690635,0
8.980048,0.4346927,0
-0.25706983,-2.0515704,1
-0.24675803,0.17478633,0
13.880001,10.392512,0
3.359624,12.518113,0
4.2774982,14.956093,0
-3.9823494,2.865532,0
-0.85839754,10.035331,1
4.328676,13.112004,0
0.24820296,-2.845868,1
4.1796513,13.175738,0
-6.039902,11.457849,0
-5.527975,11.627583,0
13.594701,-0.3466217,0
-1.0382676,9.7372055,1
-6.35274,2.6067486,0
13.503485,10.147872,1
-1.77325,-1.0338347,0
13.89708,9.559171,0
10.707409,13.779204,0
11.708314,-3.313564,1
1.4451919,4.5289106,0
1.72172,-2.1237917,0
0.109473385,-2.2410963,0
14.677967,9.557115,1
1.5822108,-1.9930513,1
11.303895,12.607582,1
13.485031,4.210368,1
12.886319,-0.02988332,1
4.8544645,14.5416355,0
0.33583137,7.1872134,1
-3.6073835,11.99909,1
-5.070732,4.7226887,0
-0.90952027,2.0411801,1
14.473941,10.314362,1
-2.913535,-0.8226901,0
-1.0253751,0.03671694,1
-6.101374,9.262587,0
9.32027,7.1997404,1
-1.3179983,-1.0365363,0
0.092655495,-3.3165243,1
7.543448,6.098849,0
0.38409716,4.898625,1
-1.7438734,-2.819467,0
0.9824359,-0.78939205,0
11.311365,12.423857,1
7.4484425,6.2481914,0
-3.5662076,13.552942,0
3.5538447,12.167331,1
7.1059656,2.3174524,0
0.1542638,-3.253208,0
4.3985195,15.289313,0
-1.4700353,-0.060414936,0
-5.764031,11.812428,0
0.655425,0.047650702,0
4.8524528,14.609175,0
9.743377,1.3181405,1
-6.5354323,2.808346,0
14.844373,3.9616303,1
1.3045486,13.721444,0
-1.0164919,9.944698,1
11.876596,-3.3294466,1
-4.0734158,2.9817474,0
8.2153015,5.535889,0
4.383,13.16872,0
13.30476,10.187184,0
10.204919,11.487809,1
-4.0173035,2.7318435,0
13.035659,-0.122895434,1
-1.7558824,10.889271,1
-1.2869091,-0.9344991,0
0.4784897,6.011415,1
12.676156,-2.1350071,1
-5.896801,8.771693,1
-1.3957365,1.373997,1
1.1405352,4.397736,1
-5.122375,4.7370234,0
1.3898841,-1.5203222,1
-0.9725611,-2.214002,0
7.242645,2.3214908,0
-5.555184,2.9501517,1
-1.6971542,-2.2800581,0
13.924262,9.407721,1
13.587741,-0.27960122,1
-4.7764874,4.091184,0
1.6941836,6.5158978,1
1.1461183,-1.1952631,0
-4.964507,12.814235,0
0.9363399,7.2159076,1
-6.1634245,9.122266,0
1.4645206,4.360723,1
4.2407665,15.34755,1
3.75089,11.99129,1
0.22431618,6.8214927,1
2.8548627,12.401072,1
-5.358274,2.067356,0
-3.2723541,12.827528,0
-4.951663,4.1346855,0
-0.89690953,-2.7590077,0
1.2504226,-2.2721825,1
14.936989,4.0197973,1
1.2034216,14.396037,0
1.4134045,-2.986157,1
12.825521,3.8522375,0
13.993164,9.08917,1
13.316821,9.687619,0
-0.9218639,-2.9020374,0
-4.484065,11.981962,0
-4.786295,12.54395,1
0.75728774,5.2742553,1
-1.3293457,-1.9309424,1
-6.78442,3.1611004,0
3.2179525,11.610737,1
0.3969781,1.0517559,0
-0.39358294,-3.3684144,0
-5.5906324,2.8438194,0
-1.8724297,1.9337395,1
3.9721045,15.077031,0
-1.895341,10.008531,0
1.5513337,14.275654,0
14.68843,4.2288,1
10.005541,7.566752,1
0.9654299,13.720226,1
12.151637,-3.5432124,1
-1.9073219,0.71942014,1
-6.4005685,2.8425252,0
-1.8037914,10.918146,1
3.9037669,14.108877,0
12.978341,-0.034301482,1
14.144189,9.456594,1
7.22568,6.3914514,1
-1.949119,-2.3960707,0
-1.4879863,9.821068,1
-6.332956,3.330972,0
12.491969,-2.9392366,0
-5.202915,2.9161673,0
-4.7916193,12.49008,0
-0.8101612,1.5318822,1
-2.2548084,10.60738,1
-4.3717675,4.1686463,0
12.979852,4.123598,0
9.288629,7.0936418,1
8.331104,6.545129,0
4.085139,13.177793,0
13.17494,-0.4506608,0
-1.4780098,-0.45579958,1
9.511592,1.2681313,1
4.092592,12.0868025,1
-5.060955,2.2569962,0
11.39207,12.747996,1
-6.0765715,11.584841,1
10.785814,12.275108,1
9.025421,0.4734748,0
11.198079,13.213955,0
1.3952937,13.001126,0
0.3424042,6.5370383,1
-1.338054,-1.867076,0
2.994214,12.390472,1
-0.92439777,2.125818,1
-2.015735,10.021746,1
14.099046,9.560001,1
0.84679735,-2.740351,1
8.032436,6.8978567,1
2.7895958,11.894391,0
12.356085,-2.8548262,1
4.184923,13.191961,1
-0.99217135,0.23124087,0
-4.408917,10.668106,1
13.378974,-0.4209446,1
9.71183,7.339204,1
2.6973407,12.293606,1
14.680114,4.0337,1
13.825021,9.823711,1
-3.8578124,2.7301247,0
7.774798,2.2887683,1
-1.6237828,9.802631,0
0.20239908,6.1743226,1
4.529221,14.969132,0
0.18430793,-1.9756417,1
14.304011,3.673768,0
13.534539,0.043399867,0
12.368266,-3.9025762,1
13.067424,4.361582,1
-4.482919,12.207816,0
0.5067717,-0.8749523,1
-3.4061162,12.406018,1
12.464088,-3.12146,1
-1.4125037,2.650989,0
-1.8205106,10.348313,1
-1.5252552,-1.9680679,0
3.7774718,12.7447195,0
7.8563714,2.4850948,0
1.7307186,7.081052,1
7.3569584,6.56943,1
-4.598416,2.7648668,1
-6.773179,3.333767,0
8.908292,12.648419,0
-0.7226269,1.5396284,0
7.8709025,6.960957,1
4.0617924,15.245557,0
0.8002332,13.746924,1
-6.5369473,2.78698,0
-5.7208166,9.514697,0
0.19539917,6.422059,0
13.310242,3.9394898,1
-4.4467325,10.586568,0
15.683069,4.3171587,0
9.894228,12.640603,1
13.12164,3.8480277,0
11.877234,-3.3139367,0
-3.616762,10.957719,1
7.254484,6.704945,1
13.152901,-0.020060549,1
-1.2395712,2.7313728,1
10.31957,11.889567,1
-4.4384704,10.698337,1
13.075702,-3.627665,1
0.6664563,-2.317344,0
13.10255,4.442485,1
-4.665346,3.1468382,0
-4.5853405,2.5058196,0
8.188222,5.5499225,0
-1.8332254,-0.454588,0
10.537245,11.747498,1
14.397711,4.2599583,1
-3.860888,12.81132,0
0.5878429,-2.7646286,1
9.316838,1.81661,1
-3.2995064,13.109182,1
-2.5795467,-1.0627747,0
-4.9620457,11.582536,0
0.34943572,5.6768994,1
0.64615244,-2.7239406,0
-6.040228,8.1912,0
-3.3479881,12.918516,0
7.54771,6.850185,1
10.766585,11.625194,1
11.104745,12.03932,0
-6.0448785,9.253951,0
14.766483,9.9099655,1
4.154831,13.4983225,0
-1.1937004,2.1300502,0
4.4729505,12.797328,1
9.219994,7.2245393,1
12.127035,-3.2392418,1
4.808888,12.573491,1
13.618409,-0.47268832,0
10.896018,13.099242,0
12.99769,-3.1813397,0
14.576342,9.622061,1
0.45296744,1.3538905,0
8.189303,2.6999836,1
10.6029,12.514775,1
1.4800218,12.842202,1
-0.991835,0.08618338,0
7.126649,6.766735,1
13.313861,4.4527526,1
-2.025198,-2.8233826,0
7.318756,6.1611547,1
-1.5011169,10.067081,1
0.3687205,1.3476944,1
-4.155676,11.318998,1
8.489434,5.878541,0
3.944712,14.907653,0
4.8395667,14.534342,1
-4.7578874,3.9523177,1
-1.4191601,-2.0082176,0
0.15619196,-1.1261711,1
-1.9732904,-0.87952983,0
4.5080175,14.737721,0
-5.9645624,3.393476,0
7.873455,2.7815895,1
-0.16555573,-0.12455494,0
-4.8355536,4.033766,0
-0.9312479,9.840083,1
-2.2827647,-0.9809217,0
8.105974,2.3063548,1
1.7662901,4.874059,0
-1.4107373,-2.005904,0
-4.7350397,2.915539,0
-4.2283416,3.60299,1
11.922216,-2.783894,1
2.6926756,12.280533,0
-6.2645802,3.4185789,0
-1.1925857,9.469693,1
-1.2669547,-3.168168,1
12.410437,-3.8842628,1
12.583399,-4.1720347,0
1.6253562,12.7049885,1
-2.2316127,-0.5252621,0
12.048537,-3.315799,0
-6.3976107,2.5141175,0
13.819859,9.1955805,1
-5.6285625,8.993487,0
11.6523905,-3.2934113,1
-4.060397,12.716577,1
0.583588,7.2902465,1
0.41810092,-0.035057943,0
10.191651,13.553024,1
-4.2254066,2.982843,0
0.15289393,-0.2812,0
-2.6800253,-0.72912943,0
5.020615,12.374849,1
1.7350707,5.9076095,0
-5.0064535,4.1978793,1
4.1369944,13.108495,1
-0.3077533,-2.06595,0
1.6076015,14.65791,0
-0.8475912,2.263471,0
-2.991486,-0.8451978,0
-5.415361,11.288118,1
11.146155,12.668845,1
11.87274,-2.8988695,1
-6.31691,2.5910273,0
-0.3099394,-0.65821624,0
0.070676275,6.0362525,1
2.807774,12.360661,0
9.661331,7.306709,1
-1.6142741,2.0135348,1
-1.4515293,10.203553,1
13.141114,-0.20259573,1
-1.0366348,-0.07921241,1
8.292808,2.647761,1
9.88695,1.5939107,1
-2.5014832,-1.0344757,0
-5.24363,2.881971,0
10.475023,11.915385,1
-5.7108297,3.3501315,0
-0.2157394,-0.5687518,1
1.0883639,-2.9300861,0
4.7024784,12.673667,0
13.486804,4.201137,0
14.025402,9.810026,1
-0.65495616,1.5667721,0
7.58859,2.7435884,0
-6.1102653,11.711962,0
4.0783,13.644194,0
-1.3160839,1.492509,0
3.721185,13.876543,0
3.8311524,14.100964,0
-1.8709735,10.099551,0
4.0414205,15.197077,0
1.3914318,4.9963336,1
0.90158147,5.919451,1
4.4189243,12.469788,1
14.217684,9.264388,1
-3.6681488,11.024346,1
0.17877963,-2.584483,0
-6.8859076,3.6076612,0
4.8454623,12.629336,0
-5.146347,12.386485,0
13.074266,4.148125,0
0.8761286,5.0622706,1
12.905915,3.99175,0
9.822254,7.4249935,1
-3.659882,12.085905,1
-3.9180262,13.47803,0
8.544267,6.0734706,1
-5.1246815,12.512996,0
-3.5715017,13.582535,0
10.516383,11.992897,1
8.046396,5.550441,1
-5.6490536,8.839942,1
-5.745372,9.545891,1
-2.9213564,-1.4781857,0
4.17303,13.23459,0
7.8658886,6.9423075,1
2.1270568,6.8248377,0
-3.3754227,12.47674,0
1.0058604,4.718154,1
12.8885565,-3.362136,1
-1.3615023,-1.4440242,0
1.1018263,-1.6725378,0
-5.2443304,2.184942,1
-3.6645637,13.61622,1
1.8757806,6.5976396,1
11.649278,-3.3273404,1
-0.50215185,-2.475061,1
-2.1039019,10.177338,0
-4.630038,13.29577,0
12.496686,-2.8801434,1
-3.9631684,2.777354,0
12.141386,-3.4528804,1
14.235432,3.7422419,0
-1.3176743,2.3370764,0
-4.409898,12.817259,0
9.265835,0.9741128,0
13.745878,9.256666,1
13.33993,-0.39172888,1
-1.7217256,1.1466454,1
0.5196456,5.1592827,1
-2.3510418,10.8209915,0
-2.6517186,-0.61259437,0
-2.1540377,-2.6053598,0
1.5040777,-2.7161543,1
-3.7865305,2.8283243,0
4.8376293,12.329483,0
-2.0634387,-1.8504629,1
9.433074,1.3497714,0
-4.5015774,10.922797,1
5.0296707,12.292391,1
-1.5233425,-3.0369678,0
-6.1596203,9.273878,1
-5.7726383,9.327948,1
-1.0730646,9.945458,1
13.843953,10.57398,1
7.595943,5.7018447,0
12.375736,-3.0482275,0
14.057657,10.359302,1
8.198409,5.530479,0
8.034086,6.7785244,0
1.1218688,-1.5311342,1
-4.0076776,2.6898026,1
14.05263,9.1718645,1
10.84434,13.788736,0
10.33224,11.5744705,1
1.1189134,13.888703,1
14.294911,9.210528,1
13.606785,-0.46355632,0
7.4430747,6.2432847,0
11.652395,-2.8235214,1
-0.8177362,-2.2909987,0
-6.1546764,2.3731103,0
9.299242,0.7041351,0
-0.63145655,-3.3064709,0
-3.8228242,12.986891,0
10.589752,12.7094145,1
0.68366057,5.2039824,0
10.49052,1.5164652,1
-4.2638326,2.9925907,0
-4.317824,3.7866964,0
-4.4640102,2.5361483,0
0.41001454,-0.14993344,0
0.8858966,-2.3972697,1
1.3477552,13.034597,0
1.5463374,-2.5097322,0
10.05527,12.907469,1
0.25500062,-0.39692587,0
7.0177674,2.3001354,0
13.199251,-3.4550118,0
0.58925796,7.770916,1
13.38433,10.283916,1
9.934905,11.707705,1
-2.4266012,-1.7635318,1
-1.5143343,9.704456,1
11.3881855,13.13964,0
2.469406,11.966778,1
-3.7978373,10.998836,1
10.34402,11.529635,1
4.3233166,13.705011,0
9.884336,12.404557,0
1.3530226,5.9367657,1
1.4586709,12.885565,1
-5.683884,9.534901,1
11.851121,-2.1891267,1
13.30179,-3.4403307,1
-1.0970976,-1.5199119,0
13.438627,3.933568,1
0.61850524,-1.7588568,1
-4.139738,3.01119,0
14.584963,9.740109,1
14.498046,10.297007,1
7.4988174,2.3335044,0
-0.08781374,-1.4076884,1
9.625126,11.711144,1
13.827982,9.683428,1
0.8419518,-1.6661041,0
13.235093,-0.13744342,1
-5.0140553,4.6417546,0
-1.9030681,10.410397,1
-0.5008731,-0.78258365,0
0.370445,7.187448,1
-0.28218764,-1.0793879,1
12.181599,-3.434558,1
-6.3758774,2.535954,0
10.249071,1.0649527,1
-2.0829022,10.556079,0
0.9338814,-0.1427407,1
-4.5083547,11.256933,0
3.8891227,14.264706,0
0.49629712,6.4571915,0
-3.3351977,13.254154,0
8.375241,3.3108659,0
-5.775781,9.199229,1
-0.4971657,0.68642044,0
-0.9423516,9.788692,1
-5.115329,2.9489393,0
-0.2716529,2.014399,1
-5.121718,3.8199017,0
0.45824116,6.067176,1
-1.4686471,10.581512,1
9.783175,0.89121383,0
-5.504048,9.540559,0
10.057941,13.152073,0
-4.1636753,11.834384,0
-0.837841,1.6873354,1
2.6258886,11.751114,1
4.6924624,14.951659,0
-1.3081871,1.4462605,1
-6.106646,9.380679,0
-5.969828,8.800456,0
-6.064681,9.41413,0
10.059916,13.2605915,1
-4.9807324,2.9315765,0
12.355411,-3.069842,1
2.8492982,12.060587,1
-1.2114139,-2.7339041,0
7.6987925,2.7213173,0
7.222381,2.254888,1
14.307628,9.295628,1
1.3482722,6.048389,1
14.357022,4.3038583,0
-3.1316698,-1.0562377,0
1.3173935,13.856581,0
9.219599,7.0894494,1
-1.610733,-1.7035905,0
2.7068548,12.244576,1
7.9999886,5.570467,0
0.74332005,4.9348397,1
15.028826,4.004002,1
1.0885699,-0.9587587,1
-5.8337383,12.158033,0
14.865268,3.882398,1
-6.041735,8.305356,0
-0.4088348,-1.0869688,1
-1.3920074,-3.1691005,0
-2.1643963,10.701075,0
4.749174,14.997053,0
-3.788821,2.7157063,1
10.79641,13.970352,0
8.221278,5.519071,0
-3.827004,13.099305,0
13.159239,-3.4647884,1
-6.2427187,3.5605614,1
1.308112,6.357602,1
13.424617,10.0728655,1
14.1403265,10.083869,0
-1.1906022,10.592382,1
13.343494,9.667521,1
10.425543,1.6293567,1
-1.8419327,-1.8709477,0
8.32633,6.077564,0
-5.062541,12.370659,1
10.829149,13.3618555,0
3.905042,12.225274,0
13.277284,4.0782785,0
4.120048,13.731112,0
13.349712,-0.4410033,0
-5.143577,4.819637,0
-1.6492763,2.4903505,1
0.68184197,6.5740914,1
13.8646345,4.411313,1
10.550006,1.5260068,1
4.613426,12.675458,1
9.369472,12.234942,1
0.1925796,-2.4946778,0
-2.9130602,-1.0432025,1
14.630967,10.028083,1
12.643996,-2.1861036,0
-3.5609608,11.0847225,1
1.5046453,-1.4846874,1
10.164049,12.032834,1
13.093991,-0.09379108,1
-5.8301234,2.206461,0
-3.6193821,11.281096,0
1.5439849,12.528162,1
11.045751,13.258,0
0.6080614,4.8345704,0
1.0819694,6.3972664,0
-1.944051,2.8898556,0
-1.2818712,2.4444878,0
1.8283889,14.817927,0
-6.3789253,2.670706,0
9.51491,1.5723683,1
-4.5345736,12.627849,0
13.187212,-3.3076465,1
-1.2402328,2.7583208,1
11.859425,-2.2013102,1
-1.7559915,2.1078947,0
-1.5842351,10.787224,1
9.839984,7.450611,1
1.3382572,-0.89610136,1
4.033994,15.214617,0
-3.5344808,13.454222,0
-5.970139,11.92718,0
-6.8002415,3.6091013,0
-5.3553433,3.2779408,0
1.4524486,4.4914117,1
0.5257359,-2.768642,1
1.0332748,-1.4074749,0
12.972154,-3.497894,1
-0.8589512,-0.6824446,0
14.80011,9.848256,1
7.5992293,2.7624202,1
13.006489,4.046889,0
-2.0639725,-0.4462817,0
0.21906048,5.1364856,1
-6.8897724,3.4328384,0
1.540162,14.758246,0
8.370868,6.0575767,0
10.985262,13.260033,1
2.6016448,11.984196,1
-1.8613986,-1.6797223,0
15.609415,4.2063518,0
1.311014,-1.3640863,0
0.7688363,-2.3333774,0
-6.7274923,3.1895602,0
-6.1684165,2.5248163,0
-4.863803,4.3022485,0
10.460165,1.6231853,1
14.353926,9.850643,0
-5.9355574,3.393984,0
1.1528881,-2.1846557,1
-5.4346604,12.480254,0
1.4042912,13.152383,1
9.048212,12.430595,1
-1.7499778,-0.91527915,1
-1.572558,-1.5556424,0
-6.977327,3.4649982,0
9.888069,12.974106,0
-3.9760137,11.408321,0
9.308604,7.2395096,0
-4.2830725,11.707928,0
15.361458,4.0335283,0
1.1276565,14.31278,0
1.9298245,14.725479,0
-1.5884256,9.698659,0
13.160802,-3.347991,0
10.525471,12.4915695,1
13.504371,9.861992,1
4.531624,12.732304,0
-1.339978,-3.2558866,0
0.89765096,13.870498,1
1.1797205,-3.1959927,0
0.4351531,7.190909,1
10.467053,11.812143,1
10.400954,1.4143075,1
8.178228,5.757169,0
-0.5831072,-0.29968587,0
3.8944156,12.260921,1
-2.980579,-1.3615447,0
-6.0536423,2.267145,1
0.31338564,1.1842688,1
9.02673,12.537479,1
-5.6023207,12.545546,0
15.519708,4.1536956,0
0.73564017,14.2948,0
1.0824081,7.1690545,1
-0.33736658,-0.48989016,0
3.3982334,12.754275,1
-6.2399573,2.4814672,1
13.586342,10.075704,1
11.345985,12.728448,1
0.6284722,6.076387,1
1.4375424,6.162583,1
-1.4599165,10.695951,1
9.654714,1.6801865,0
-4.965864,11.395849,0
12.034443,-3.6583164,1
0.7268988,-2.0216904,0
14.38815,9.220113,1
3.0944738,12.650908,0
-1.2880682,9.737009,1
12.739038,3.832213,0
13.018499,4.0739136,0
13.197132,4.400002,1
9.952427,11.710479,0
0.7787316,5.9449687,1
13.196502,3.7816265,1
11.151651,12.350364,0
8.190557,5.53585,0
7.843336,2.4295712,1
7.436743,2.2419033,1
-5.258641,11.124637,1
-4.3278847,10.67265,1
0.24931759,6.660229,1
-4.428388,3.4528494,0
1.4044093,-2.9901803,1
13.915996,9.470644,1
7.8631053,5.654741,0
7.3611145,5.975237,1
10.390398,12.060321,1
-1.0732049,9.947174,1
10.579431,12.23857,1
0.9883729,6.489823,1
4.141195,13.515643,0
-6.0098186,11.927511,1
-5.7062464,2.7064729,0
-5.517876,12.079594,1
11.87878,-3.0678072,0
7.543475,5.777423,0
1.759124,4.8973737,1
7.186974,6.6715856,0
-0.36861998,-1.4085321,1
7.208183,6.6328974,1
-5.815882,9.29126,1
-5.771934,2.0825822,0
12.726059,-2.1098955,0
0.25451696,-3.0657272,1
-5.6605344,11.902437,1
9.52621,1.1685796,0
0.411047,5.9012413,1
1.3926854,14.405739,0
13.068098,-3.2303731,0
-2.5087311,-0.10944178,1
4.8073854,13.15315,1
-1.0120584,10.111498,1
9.263229,0.7633194,0
10.708193,11.613819,0
4.586027,14.316163,1
12.602895,-4.188613,1
-5.601507,2.7968903,0
9.654276,0.5188472,1
-3.6010504,13.581189,0
9.424994,0.783595,0
-2.954171,-1.1062008,0
8.61,6.1725516,0
-1.997153,-0.7224608,0
-6.098917,2.7093246,0
13.1506,-3.5936985,1
1.5704324,-1.3688155,1
-2.0525937,-0.931947,0
2.6961663,12.303184,1
-4.248399,3.5757468,1
1.1633706,4.571333,1
4.210883,13.227254,0
8.175655,6.0994277,0
-4.3837395,13.30056,0
-5.868832,8.927811,0
-2.005247,-1.8218712,0
15.221248,3.9169633,0
0.7437591,-1.5148408,0
14.229956,9.289499,1
13.234387,-3.687748,0
-3.5015788,12.74912,0
3.8136518,12.594265,1
-1.5746077,10.074085,1
-0.058638588,-2.7321048,0
-4.3867354,11.138824,1
-0.27661553,1.2737966,1
-2.4052107,-1.9273927,1
0.048477374,-1.1512544,0
12.765426,4.0877714,0
14.073369,10.514652,0
-2.631534,-1.1982597,0
0.8141699,-1.7972952,0
-5.9332924,12.060721,1
2.640393,12.272013,0
12.259314,-3.0168886,0
-4.014373,3.7060125,0
12.414336,-3.37434,0
9.875583,1.4476831,1
9.8597355,7.469353,0
-2.0756388,10.121261,0
9.092698,12.548169,0
7.1274786,2.386285,1
14.257139,9.175199,1
1.7601103,14.558434,0
-0.6552357,1.4281774,1
9.865503,1.0107318,1
-2.275433,10.519841,0
2.7182884,12.363006,1
10.533732,1.3755976,1
0.9909575,6.557226,1
10.325993,11.961629,0
10.585571,12.406668,1
11.85786,-3.0630012,1
-4.760072,12.55875,1
10.915313,12.477768,1
-5.8316884,11.306155,0
14.481184,9.580546,1
-6.382864,3.4333646,0
3.849935,14.053833,0
-3.7595603,12.832801,0
1.0177284,-2.0212145,0
12.156875,-2.9061685,1
-3.536223,13.448777,0
8.529932,6.7298384,0
11.33745,12.673299,1
-4.864144,4.6799707,1
9.7483,1.2020279,1
-0.34364483,-2.6106713,0
14.312152,4.313,1
-2.1230671,10.532964,1
0.98697865,13.602354,1
-2.8802402,-1.5563002,0
-1.389112,2.4546492,0
10.371616,1.3251941,0
-5.186608,3.7345479,0
-1.9809068,-1.889561,0
0.90285635,5.619712,1
13.198383,4.454112,1
1.5226959,13.508029,1
1.7168874,5.882916,1
13.488087,-0.41916782,0
13.788156,4.350887,1
1.6398127,5.733064,1
2.519453,11.345434,1
-5.319069,11.867643,1
-3.1775525,13.0499,0
-1.5662397,9.928276,1
2.5011492,11.303536,1
1.4228679,-1.9799311,1
10.14237,11.747509,1
4.165773,12.829079,1
-0.44139305,-2.4335113,1
3.7943358,12.306652,1
2.9841096,12.52492,1
-3.7910726,10.683101,1
12.890396,3.9464993,0
-1.3072422,2.4942286,1
12.073876,-3.776486,1
-2.7190642,-1.0223316,0
14.230691,3.7192845,0
14.934387,4.3343787,1
1.0444994,4.762678,1
-5.294816,2.6107314,1
-0.9156594,2.4606504,1
0.035160094,0.8364008,0
13.953087,10.645419,1
-4.5865574,13.157239,0
12.9685755,-0.023510057,1
11.91097,-2.295324,1
-5.9952593,8.249313,0
12.436214,-3.0239325,1
-2.5456417,-1.0600477,0
9.34054,0.41246518,0
0.6704734,14.124606,0
-4.4145627,2.9713552,0
-1.3070271,9.681704,1
1.4091511,7.1124463,1
3.7861004,14.0533695,0
1.0228084,-1.0364891,1
-1.8036109,-1.372175,0
-6.0169406,2.5010097,1
9.753244,1.595439,1
10.584426,1.4353786,1
1.3843765,14.22445,0
0.78377926,5.4912844,1
9.016906,12.960824,0
0.9143015,6.2411947,1
1.528316,-2.8925807,0
1.473161,6.03158,1
2.7831335,12.187616,1
-4.40829,10.644338,0
14.03697,10.199845,1
12.271956,-2.8467615,1
10.791483,13.433405,0
-4.6132216,3.8345869,0
9.29,0.825489,1
0.19846089,5.9338264,1
1.5525736,6.4557543,1
10.933539,12.6175995,0
4.1422873,12.6654215,0
12.333511,-3.6870835,1
13.779487,10.013252,1
-5.872274,11.351038,1
12.619492,-2.150161,0
11.276555,12.987138,0
-1.2219523,9.497672,1
9.711205,7.349596,1
15.407744,4.1177053,0
-1.5186348,-1.0919576,0
7.0677795,6.954573,1
12.930291,-0.31845424,0
9.652898,7.2928066,1
3.4159393,11.878191,1
12.915532,-3.1852126,1
1.8008944,4.6751833,1
-7.030525,3.4555485,0
14.03425,10.506667,1
-4.226952,13.404235,1
-0.30846456,-0.74686515,1
-4.994043,4.648121,0
9.168739,12.385525,1
9.8760605,12.512171,1
-1.4389853,2.2951722,1
-5.90484,11.665051,0
14.950994,3.9514506,0
1.598386,14.389668,1
13.016568,-0.07921295,0
-2.4991202,-1.8015227,0
11.396419,12.685308,0
8.031967,5.8836093,0
-6.071703,8.803537,1
12.40162,-3.5638459,1
9.672977,1.6388427,1
-1.5012531,1.3252652,1
10.72439,11.78041,1
-3.8749692,2.725786,0
-4.801379,12.69922,1
-4.676515,3.1410875,0
0.81354964,6.1061172,1
-4.298973,3.5959494,1
10.571113,12.348164,1
10.901617,13.600992,1
-1.3138844,-1.0986707,1
-0.3147717,-2.0564828,0
6.9389114,2.3662143,0
3.3897328,12.58099,1
-1.4497819,10.1478195,1
1.7278138,7.1271057,1
14.067113,9.776856,1
1.1923423,7.1485066,1
-1.2199109,-1.1172333,0
8.202997,5.582243,0
13.197615,-3.6720493,1
9.972219,12.73363,1
-5.6223717,2.6330433,0
-1.4042834,10.630975,1
-5.8434815,9.520049,0
1.0390902,-3.1035292,0
0.8270556,13.749556,0
13.689095,9.09707,1
8.187007,5.547846,0
8.9763775,12.396253,1
-5.1025434,3.7640526,1
-4.743786,11.138659,0
-2.6935468,-1.3117737,0
1.1271509,13.394857,1
0.82109106,6.15202,1
8.349127,6.031359,1
14.595651,9.448011,1
10.26357,11.429376,1
14.832881,3.9642456,1
1.0315772,-2.1190166,0
-1.9045686,-1.5428993,1
7.242095,2.4051423,1
0.75018126,14.154007,1
9.94831,12.506521,1
-3.5897467,13.407246,0
0.93653804,-0.13227837,0
12.796021,-2.031302,0
-0.94925934,1.7555732,1
2.8490145,11.5036125,1
13.756624,4.451783,1
9.484805,1.4892797,1
-0.76506746,1.523891,0
0.7217944,6.116527,1
10.466967,11.277934,1
14.36141,9.23394,1
13.4348345,10.318114,1
4.7516217,14.398554,0
4.3810225,12.679668,1
3.7475832,12.691802,1
-1.7556745,-0.7469243,0
10.46142,12.482196,1
13.390866,-0.035952717,1
-6.6430874,3.1862485,0
12.933069,-0.03486865,0
12.846964,4.2208433,0
9.75839,1.1106088,1
-1.6222178,-0.12329932,0
-5.0726643,12.812246,1
15.618955,4.2723308,0
2.665934,11.805987,1
-4.435706,10.6611,1
13.186289,10.423988,1
1.460241,14.931415,0
-1.8993528,-1.322368,0
-5.083852,13.026535,0
-5.855536,8.414646,0
7.7327137,5.642297,0
0.9192311,-1.4067283,0
0.21224573,1.3604828,1
-0.9809254,9.907119,1
9.311767,12.197094,1
-3.3283517,12.773129,0
12.535858,-4.152901,1
7.84535,2.7588644,1
4.5084777,15.188945,0
1.5832155,12.411489,1
12.394146,-3.9547718,1
-1.9315145,-2.210904,0
9.152113,0.83296555,0
3.783235,12.026648,0
11.917958,-3.3572228,1
9.40921,12.207273,1
0.6708173,4.665535,1
9.167367,6.9490147,0
0.6921359,7.4338083,1
0.5997883,-1.4396354,0
8.463707,6.0818424,0
-1.4597687,-0.080514476,0
-3.8732965,13.621133,0
-0.7130463,-0.061784897,1
-4.7539225,3.9444103,1
0.18030281,5.82002,1
1.0967977,4.673351,1
-4.199925,13.041296,0
0.40784457,-0.68982315,1
1.3013585,14.509298,1
-1.2220227,-3.0837538,0
9.387369,1.0241749,1
8.42168,3.2932549,1
10.67589,14.008162,0
12.847376,4.19478,1
0.63758713,6.5841594,1
14.6569805,9.399907,1
-6.3456616,3.4134204,0
9.477041,12.17633,1
-1.5153857,10.276486,1
-1.3092554,10.183024,1
12.975258,3.8182874,1
-1.7338283,10.449777,0
9.54661,11.716488,1
-4.276581,3.6244864,0
1.6063879,-2.38007,0
7.5112205,5.8643794,0
13.32154,4.458454,1
-5.9808125,2.1762729,0
8.42976,3.263883,1
0.02778605,5.9427915,1
-1.042793,0.043356683,1
8.193075,6.1108856,1
11.894915,-3.1689842,1
-3.473219,12.296228,0
9.64679,11.758249,1
-1.6851866,9.832108,1
13.8746605,9.995934,1
0.18928598,-2.6753888,1
1.0293484,6.2994113,1
10.95421,12.854807,1
1.0135236,6.6332498,1
13.090554,4.4213777,1
10.691683,12.832709,1
13.572647,-0.29114977,0
-4.284572,3.5529528,0
-4.518152,2.9616547,0
-5.6586776,3.3885417,1
-1.495605,10.167295,1
1.183674,14.556218,0
-6.7487736,3.3562427,0
7.7946825,2.3472893,0
9.7491455,1.4283307,1
14.968926,3.959474,1
-3.4733913,13.020944,0
9.81468,1.1498578,1
-4.060697,13.110867,0
13.537857,10.036905,1
1.2728521,13.342354,1
-1.4637011,-0.0036277557,0
10.581733,12.579634,1
1.3628918,4.3534565,0
12.427063,-3.3854656,1
-4.7751136,3.9051578,0
8.426262,6.448552,0
1.125663,14.172433,0
11.841748,-2.3808424,1
-6.0755987,8.349799,0
-0.15275055,-1.5905164,0
1.7529984,4.667468,1
7.8522115,6.841603,1
10.594326,11.664434,1
7.4005876,6.02281,0
0.7426342,7.90747,1
4.418582,15.188541,1
0.6578277,-0.27723217,0
4.5412374,12.66839,1
-1.5454806,2.1337745,0
4.8046517,13.123885,0
10.5448065,12.473112,0
-1.5256852,2.2421637,1
10.109243,13.178262,0
9.018187,12.992661,0
13.296396,10.334718,0
9.853121,12.345086,1
10.568211,1.3046522,1
9.442459,0.86472934,1
-5.2481604,12.955319,0
-6.2162423,3.3246121,0
-4.357559,12.445398,0
0.6272183,14.117753,0
-4.2630253,10.8837595,0
-1.6497351,2.1955044,1
-2.6828778,-0.70155233,1
12.526988,-3.9391053,0
14.579648,4.1989427,1
-4.590237,4.4329925,0
-4.6796684,2.8841631,0
10.637648,12.57087,1
0.14237729,5.465599,1
-1.6536647,1.1676753,1
-0.6208552,1.7117103,0
0.87599564,7.8646936,1
1.2659895,13.889683,1
11.159096,11.952418,0
7.8868995,5.5958843,0
0.91564405,7.2156887,1
-1.6690592,-1.5134705,1
-1.4677072,-1.016001,0
9.676947,0.70327973,1
-2.2615957,-0.36254165,0
-4.73396,3.9347637,1
-0.10954307,-1.0757519,0
7.1837697,2.3579884,0
0.1895439,6.9254656,1
-1.2927266,9.505925,1
-6.129924,8.193214,0
4.5619154,12.439163,0
1.7499481,4.975653,1
10.372652,12.274069,0
-1.3604907,9.767095,0
-4.9729304,12.760807,0
11.293701,12.279835,0
-2.228596,-2.2579703,1
9.908964,12.595471,1
-0.7814506,-2.0625038,0
13.503898,4.230638,0
-2.8276494,-1.2426233,0
13.61199,-0.6204216,0
-3.5984752,12.053773,0
10.149509,13.102507,0
7.792127,5.620917,0
3.1134553,11.5626545,1
-1.4246862,1.2204124,0
7.5767117,2.3696048,0
4.6085677,14.924759,0
-0.057366822,6.0775266,1
9.133803,0.52065873,0
12.723083,-2.09269,0
12.934663,-3.3852327,0
13.628924,8.939143,0
0.65093285,5.91613,1
-5.5199604,12.2308035,1
-6.2369094,8.743588,0
12.303237,-3.5231502,0
13.358424,9.686218,1
12.0383,-3.0752757,1
0.8258708,-2.5678954,1
13.126981,4.3041444,1
4.919163,12.810495,0
-0.66930723,-0.016042631,0
12.443656,-2.897473,1
-6.8196273,3.4292424,0
1.6858385,-2.3206048,1
-6.059754,9.311016,0
4.63734,15.012536,0
-6.044425,3.4008048,0
1.1940562,13.952592,0
3.0770233,12.0974045,1
15.374116,4.1139493,0
-5.0649114,2.251054,1
12.350076,-2.877306,1
1.251728,5.5809045,1
9.707187,1.3024455,0
8.960912,0.46938738,1
-0.28545618,0.55287004,1
13.546125,4.3608527,1
-1.3186038,-0.8812962,1
13.228405,-3.4939024,0
-4.6701536,11.181465,0
1.9273269,14.664911,0
-1.5033559,-0.97900414,1
0.071699955,5.614328,1
13.495113,10.038158,1
7.42335,6.226173,1
0.60624754,8.168758,1
-4.332605,12.205346,0
1.6285223,12.722184,1
4.9022217,12.55711,1
-1.833123,-2.3242002,1
1.9911438,6.918088,0
4.1045747,14.776238,0
-5.099477,3.589468,0
-6.473588,3.5230038,0
0.18389417,5.718329,1
13.41366,-0.3810754,1
4.929223,12.408725,0
-5.825678,12.23339,0
1.0713016,14.152342,0
10.107524,11.496595,1
11.840272,-2.254732,1
9.619424,0.4546037,1
14.210313,9.453478,0
4.54283,13.307791,1
0.29971206,6.7396107,1
0.20396894,1.1835145,0
-0.51516956,-2.5757496,0
8.428043,3.2858255,1
0.18789423,5.807379,0
14.172023,9.139189,1
4.8200436,14.941908,0
9.432929,1.144423,1
-1.0377501,2.4717093,1
4.169153,13.308989,0
-2.4926538,-1.5029731,0
9.066736,0.45915377,0
4.779414,12.447501,1
4.628069,13.383583,0
-4.0147986,2.7931228,0
15.487756,4.2080574,0
4.7173796,13.130339,0
10.083311,1.6586858,1
12.897204,0.005466788,1
9.23747,12.404145,1
13.247364,-0.45170486,0
9.889658,13.10277,1
-5.890711,3.3431957,0
3.831802,13.565945,1
9.597971,1.0356721,0
8.2093115,5.527531,0
-2.0667431,-2.8651812,1
0.69561,-0.77055544,1
-5.204175,2.220901,1
9.174241,12.44093,0
-3.0980945,-1.0995971,0
-3.442795,12.755054,1
-5.518982,2.0643818,0
10.049709,12.295164,1
10.829668,13.973141,0
12.345265,-3.0900555,1
-4.0399323,2.8996162,0
-4.8637967,3.9364474,0
-4.6082764,4.255409,0
12.235375,-3.0562174,1
13.669326,9.102142,1
10.256704,11.886714,1
-4.739421,11.931322,0
14.410234,9.227022,1
10.991776,13.796097,0
-0.92976993,-2.0179198,0
7.86745,6.8803034,1
-5.7822,9.469919,1
10.172989,11.69852,1
1.1486386,-2.1985843,0
13.510646,0.059144534,0
1.6093916,4.5092773,1
9.414581,1.1779987,0
-4.0548296,2.7521157,1
0.6761893,-3.259569,0
-6.0617537,11.491094,1
7.963512,5.990774,0
-6.896295,3.4450467,0
0.11977083,-0.7365591,1
12.427171,-3.909128,1
7.4515843,2.2639048,0
1.186975,-0.8790006,1
0.42756408,-1.2366636,0
4.930952,12.565226,0
-0.7315367,-2.925807,1
2.406608,12.121463,1
-1.4402571,0.020574026,0
10.339517,11.588141,1
-1.2151601,10.4978485,1
0.6802792,5.442634,1
-4.7005,12.420988,0
9.708116,1.5195624,1
7.3881493,5.95482,1
14.37726,10.110328,0
10.6281,11.57104,1
13.354992,10.361236,0
10.964353,11.937131,0
12.485706,-2.2737272,1
1.2178477,14.14867,1
14.650806,4.2154737,1
5.038757,12.418058,0
0.42737058,7.2087603,1
-4.0664434,2.9403799,1
-6.053052,8.815677,1
0.7685254,13.848994,1
14.654063,9.37315,1
-1.3687917,-1.9185834,1
7.2000103,2.333409,1
4.7430544,12.717557,0
7.523168,5.7546573,1
13.802449,4.364022,1
-1.2399293,0.12099004,0
2.6564121,12.199789,1
-1.8885137,10.510888,1
8.272893,2.3956554,1
-0.22703396,-2.4476168,0
1.1909403,5.61505,1
-5.302391,2.5604608,0
1.4427327,-1.1824206,1
10.964564,13.556091,0
-0.8702651,-1.275063,1
3.4642048,12.600683,1
11.111031,11.935151,0
11.100038,13.220288,1
-2.3116727,-1.0579492,0
-4.954326,13.045332,0
11.151581,12.184415,1
-1.4373558,10.639625,1
12.904995,4.107095,0
4.5654807,13.309157,0
-4.5088162,11.349033,1
-1.6466612,-1.4586474,1
-4.3802705,4.237699,0
-4.3209887,2.5089986,0
3.3120792,11.643765,1
0.2672075,-0.33775094,0
8.901907,12.612101,1
-5.010842,2.0049467,0
-1.3037504,-3.1567702,0
-3.6126752,13.481277,0
-5.360169,2.4326112,0
10.956168,12.241553,0
2.6311,11.919076,1
0.6575627,4.637151,0
14.819063,4.2557735,0
-3.548986,10.317583,0
-4.431613,11.390861,1
1.3640805,13.031508,1
2.554735,11.871183,1
0.77406913,-0.18674804,0
-5.2596345,2.690983,0
-6.31862,2.4769468,0
3.775071,14.111315,0
10.391285,11.986845,1
2.4599903,12.048639,1
13.078472,4.396938,0
-4.633235,2.8305676,1
7.2392855,6.3389754,0
4.3914905,13.016959,1
1.3976756,7.221155,1
-0.015621449,-2.98834,0
0.08560415,0.75712,0
10.5516405,1.5241604,1
4.9307637,12.413347,1
4.314765,12.695586,0
11.412759,12.716281,1
1.4325665,12.834172,1
-1.0651244,10.021571,1
-0.36507538,1.1719825,0
1.6447793,14.691817,0
9.849205,13.151941,1
-4.8850536,2.121227,0
-1.6549952,-2.7723897,1
1.3780323,14.466463,0
-4.054083,2.849722,1
-0.46778807,-1.1025975,1
2.9496527,12.383673,1
14.716749,4.1989894,0
-5.093163,11.207448,1
13.845151,4.3832035,1
-5.740489,9.056148,1
4.9901133,12.412466,1
0.1584799,-3.2383738,1
13.059991,3.7749145,0
4.480917,13.523897,1
-1.6059052,-0.12209153,0
9.052609,12.357527,0
2.8703747,12.60845,1
13.507289,-0.6613326,0
4.8211384,14.836125,1
1.0858802,-2.8924298,0
-1.5657184,2.72317,1
12.883473,4.218817,0
9.4578705,1.7729361,1
1.7639589,-2.1659083,1
-1.1832207,2.2697868,1
1.1382697,4.556395,0
10.467769,12.612103,1
-0.91541016,-0.7497198,0
-5.0598984,4.4148097,0
14.665141,9.995013,1
-4.445471,10.842925,0
9.893883,12.634669,1
-1.2612318,-1.6636492,0
10.7572775,13.682529,1
-4.9164863,3.9704616,1
13.5387745,-0.24591154,1
8.123562,2.4300501,1
13.603769,10.441716,0
-6.874916,3.6213,0
12.390804,-2.953841,0
11.021528,13.713801,1
1.3781638,14.64463,0
0.7504448,4.803337,1
-5.9606047,11.742943,0
13.336045,9.741225,1
0.22375081,5.3423214,1
2.7921329,11.89963,1
1.2408001,6.239937,1
-5.65705,2.093391,1
9.173161,6.926192,0
4.8639164,12.573937,0
-2.0035965,-2.3556504,0
0.9259352,-3.2764885,0
-5.8175893,9.529738,0
15.839609,4.4660482,0
0.92687947,-2.4606435,0
13.472506,10.056463,1
4.4171543,14.1933155,0
-4.2862544,12.916368,1
0.29589212,7.2185163,1
10.721505,14.006903,1
7.96484,6.098348,0
-6.4711194,2.6313264,0
-0.12775385,0.5601304,1
14.679646,9.876238,1
7.0283365,2.2965207,1
10.466712,12.608881,1
-4.9247193,4.0370326,0
13.254451,4.3779035,0
3.7686949,12.119185,1
9.285469,0.6873291,0
-1.3631568,0.07963185,0
3.3562217,12.6994,0
3.8680425,12.3704195,0
0.08025807,5.3759785,1
15.722291,4.3206816,0
-1.0200936,0.12152751,0
9.331676,0.67674506,1
10.194622,12.930839,0
0.4165523,5.9174924,1
-1.6018156,10.862392,1
-0.76758057,-2.9385295,0
-2.8037472,-1.122836,0
4.155451,15.207955,0
-3.792164,13.366746,1
1.3568015,-1.654833,0
8.205869,6.127094,0
-6.8332424,3.5846934,1
-3.4971864,3.7014658,1
1.2871991,4.372324,0
11.857717,-2.1126046,0
-6.085425,8.664127,1
13.889615,10.0598545,1
-0.7131053,-1.283733,0
12.375269,-2.930295,1
13.645662,10.230829,1
8.332085,3.300765,1
1.4446814,6.1167445,0
0.9167906,5.2808747,1
-4.00277,3.416921,0
-1.5523716,-1.0185615,0
11.900872,-3.5095758,1
11.363716,12.824772,0
9.110626,12.294257,1
9.980079,13.340094,0
-6.078021,3.003772,0
-5.920092,8.733736,0
1.5598307,-2.10139,0
-3.3781319,13.293139,0
7.219424,6.7159505,1
7.300295,6.193825,0
8.253493,5.534654,0
-5.623333,11.193745,1
12.425667,-3.0388305,1
-3.9460177,12.332381,0
-3.580829,11.015683,1
12.036031,-2.8904512,1
10.632219,12.780891,1
10.026876,12.308902,1
8.940797,12.760764,0
0.25757957,4.9880753,1
-4.292785,11.16713,0
12.7580185,3.8929355,1
11.691426,-2.9497712,1
1.9205805,6.598357,1
-0.25529242,-1.0739572,0
14.272584,10.38334,1
9.793355,0.9632136,1
0.16347894,0.4107743,1
0.39852998,0.24086787,0
-3.5707195,13.19281,0
7.4456577,5.942596,1
4.2503133,13.630628,0
-4.5131674,2.9550354,0
-3.7156582,13.05884,0
1.4604698,13.153331,1
-1.3478824,-2.7890062,0
1.0218428,-2.2642717,0
-0.96463925,-2.0195627,0
-2.199066,-2.7155244,0
3.91178,13.360125,0
-1.1569651,10.367688,1
1.7791437,7.105207,1
-3.8336816,2.8981442,0
-0.8700103,1.6295727,1
-6.9557557,3.5708988,0
0.22348844,6.1878996,1
-6.9260316,3.4317641,0
-5.2863765,9.61781,1
13.496828,-0.6726166,0
7.483935,2.274705,0
-6.1032095,11.579194,0
-3.5156374,13.476696,0
-1.7185054,-1.7790487,0
0.5869491,5.5805407,1
14.180974,9.102233,1
-3.1092489,-1.1541258,0
7.652699,5.710183,0
4.503909,14.715176,0
-1.3399725,-1.1315751,0
1.5351208,14.697477,0
9.835679,1.4930087,1
14.603428,10.311066,1
15.4984865,4.0587153,0
-6.0276814,11.467303,0
1.10046,5.9267516,1
7.0392094,2.3680153,0
4.3126574,12.3007765,1
13.538775,9.53154,1
-5.6880465,2.1970177,0
7.150933,6.7071266,1
0.23593076,6.4636464,1
-5.8170457,8.985287,1
9.561693,1.5354116,1
0.5292305,6.660386,1
14.36814,3.7373257,0
-3.5392869,3.685963,1
13.875178,4.4431214,1
12.549129,-3.4186153,0
-1.7102263,10.490388,0
0.40729535,1.1874648,0
0.90895003,-2.7590606,1
11.305564,13.06853,0
-4.537949,3.0232568,0
7.2915154,6.079821,1
1.61889,13.524761,1
-5.8770895,2.21801,1
14.861658,4.020483,1
0.4830112,5.5757527,1
-1.3124448,-1.7345046,0
13.323747,-3.3501947,1
1.4714833,-1.6124212,0
0.8092284,13.730816,1
-1.6685812,-0.1749336,1
11.041068,12.815455,0
0.3391875,-0.88868433,1
0.9603368,13.947765,0
4.3236322,13.097714,1
1.0270603,7.330995,1
10.523974,1.5277909,1
-0.8234355,-3.14008,1
14.420576,10.300437,0
0.52023876,0.805712,1
1.0906785,14.224927,0
-3.372122,12.519088,0
7.885503,2.7767982,0
-0.21722187,0.0052708373,0
-0.47400737,-3.192347,0
12.121551,-2.8266184,1
0.12425766,5.6237907,1
10.910987,13.610072,1
12.132334,-3.701069,1
13.81141,4.376848,1
-4.5913725,2.309446,0
9.301009,7.0609984,1
-2.4152112,-1.7580441,0
-5.8768883,3.4683635,0
10.706678,13.98097,0
-2.8306189,-0.61095,0
-0.8513671,1.3441107,0
-2.561172,-1.1526281,0
4.044934,15.075163,0
8.114618,6.07549,1
12.904084,4.366887,0
4.819326,12.662766,0
-4.2011404,12.158856,1
8.907586,12.471724,1
-4.6033177,13.285998,0
-3.6851337,13.058521,0
1.3828554,4.594954,1
-1.1306076,1.4928147,1
4.701462,12.520277,1
-2.1794753,-0.48010167,0
1.6955519,-2.5137732,1
-4.477005,12.552335,0
4.0460243,15.068703,0
13.516454,4.291723,0
0.22243507,6.310567,0
5.014499,12.239106,1
-3.9553144,13.119662,0
-5.046695,2.3014376,0
5.0385256,12.38701,1
-1.2428578,-1.6422737,0
-1.3865262,-1.4046003,1
-1.0384648,9.935324,0
-2.8107917,-1.386551,0
0.1477011,5.4290195,1
-4.287008,3.6292818,0
-1.9134477,11.08431,1
0.00034331286,-2.9009902,1
-6.086813,3.699334,0
13.412918,4.1614065,0
-5.3293343,2.04599,0
14.094996,9.806295,1
1.001975,-2.0864522,1
-5.7790484,2.1878765,0
0.88189405,14.253929,0
14.061974,9.428962,1
0.39519307,1.2176502,1
9.914406,1.6334635,1
13.359926,9.685875,1
9.262846,12.402167,1
-1.7360096,-2.3030636,0
12.527599,-2.9563472,1
8.263595,2.590018,1
-5.9769444,2.8065617,1
-2.5595741,-1.3297397,0
9.595084,11.593757,1
-5.653077,12.445285,0
0.85325134,14.529118,1
12.939053,-3.3023787,0
-0.73090905,0.5245293,0
0.8424836,7.909746,1
12.314015,-3.300906,1
7.89188,6.8940983,1
-5.9980755,11.483493,0
4.250258,13.350442,0
13.171623,-3.6495364,0
14.612171,9.770098,1
-4.14398,11.156618,0
-1.672213,2.4919329,0
4.3961,13.421981,1
-1.4227822,-1.0311434,0
10.712205,1.5813721,1
13.196451,-0.17068923,1
4.1967225,14.995549,0
13.076482,4.1863236,0
-3.4288316,12.675103,1
-2.2450347,-2.782631,0
14.115912,9.864747,1
14.136206,9.921541,1
1.6387923,6.5073047,1
13.087861,-0.33859456,1
2.7040746,11.429529,1
14.825693,4.323038,0
-1.2251627,10.455938,1
14.515859,10.26344,1
2.803403,12.439336,1
-4.823416,11.378891,0
-1.1622274,2.1997316,1
7.441204,5.9797344,1
9.741619,1.4160225,1
9.453188,0.7990019,0
7.260037,6.6623297,1
-0.43444887,-0.5326852,0
15.188129,3.8235402,1
-1.7276748,-0.5582293,0
8.052719,6.083337,0
13.589219,-0.32982534,0
-3.6444702,12.968593,1
7.3996305,5.9556713,1
3.798528,13.3359,0
12.857317,3.938641,0
-5.4089885,2.9670439,0
13.60492,-0.46620685,1
2.8961232,12.719436,1
9.290484,7.249027,0
-0.7808095,9.304776,1
-1.8129762,2.8135643,1
2.7476666,12.313911,1
1.0665594,6.0016646,1
-5.29958,2.5082195,0
13.810416,9.975331,1
8.941543,12.598638,1
1.1155045,7.289447,1
-5.0874434,12.779338,0
12.501377,-3.0312967,1
-5.8397436,3.361748,0
-5.738729,9.11283,1
7.473571,6.6044245,1
3.9480414,12.204622,0
8.996429,6.879015,1
13.031728,-3.6251278,1
-3.9410708,12.664055,0
0.011472661,6.220374,1
10.561014,11.755904,1
9.249163,0.9065493,0
9.797193,1.5573186,1
7.5912695,6.7942147,1
12.207232,-2.82348,1
-3.8412998,13.379374,0
14.305441,3.6696165,1
-1.6545553,-0.70505214,1
-7.0013843,3.4270158,0
12.641927,-4.192347,1
4.743843,14.978462,0
-1.2682027,-1.169369,0
2.7406805,12.361531,1
-1.2316344,-0.8294435,0
7.222335,6.6955905,1
3.1724093,11.771389,1
2.6342995,11.801771,0
14.550824,9.809985,1
3.030348,12.688456,1
-1.2138329,9.881883,1
12.588794,-3.6173356,0
-5.875226,9.492431,1
13.37354,3.9339507,1
-4.1137924,11.150361,1
5.0228214,12.416012,0
14.567419,4.0354753,1
13.200527,-3.6632917,1
-5.7413783,8.419159,0
0.7892396,14.188159,1
0.67607397,-0.20209168,0
0.3287647,6.4548845,1
-2.508225,-1.0806558,1
-1.7246785,-3.0056682,0
14.766216,3.9782505,1
4.7208023,12.562265,1
8.198548,2.3861167,1
9.38647,0.97261286,1
-0.4810559,-3.1987517,0
11.908252,-2.7578208,1
10.024777,13.279665,0
1.6619251,14.726556,0
4.082304,13.272289,0
4.6373124,14.7747135,1
4.7628465,14.8690405,1
-3.9929864,12.498364,0
-4.880983,4.3276196,0
-3.478486,12.804823,0
-4.713245,3.9228618,0
1.5979507,-2.7297819,1
-4.3482056,10.625908,0
3.23879,12.072431,0
-0.31014165,-2.697256,1
1.1537545,5.750734,1
12.395954,-3.963042,1
-1.9236542,-1.3432096,1
-2.1958876,-2.692175,0
8.32555,5.8182383,0
-2.78714,-0.74482906,0
14.718751,9.940657,1
0.8820113,-0.032296263,1
13.6984625,4.5064254,1
9.941373,13.2775135,0
-4.771563,11.860104,0
9.3144865,7.105814,0
0.76964295,5.116731,1
0.5891471,-2.7816741,0
0.7791503,5.592794,1
4.4927487,13.478015,0
14.633105,9.418004,1
0.17977065,-3.21592,0
-2.6531317,-0.5288684,1
13.663182,9.899378,1
-2.202904,-2.739201,0
-5.6970553,8.674319,0
1.562021,-1.3109721,0
1.4216136,6.1536703,1
0.6062281,-2.0359066,1
4.7029905,14.569176,0
9.867332,12.031358,1
4.74504,14.989675,0
13.543792,-0.52610695,0
10.543268,12.615271,1
-4.8037186,12.597863,0
10.437784,11.538385,0
-4.5048876,2.7989848,0
14.353767,10.398641,1
3.6950154,12.324028,0
11.861896,-2.1775992,1
-5.9389124,11.765997,0
13.894206,10.130974,0
1.8162112,14.581896,1
8.109105,5.5316114,0
12.667977,-2.9275155,0
4.7125683,13.147069,1
-6.1537395,9.29749,1
-5.724537,3.2846227,1
7.8466063,5.9079976,0
-3.066972,-1.3570701,0
1.7810602,14.251838,1
-0.51426464,-1.0669138,0
7.3353314,2.833657,1
15.295589,3.9929562,1
14.88024,4.0074415,1
-1.3375914,1.2267667,1
-1.5871335,9.738265,1
-3.9549265,2.725594,0
12.504804,-2.877903,1
1.1235507,13.974571,0
13.342519,9.997233,0
0.32117572,6.9484935,1
10.0622425,11.52331,1
13.249827,3.8350818,0
3.800361,12.451541,0
1.4119172,4.7487855,1
14.686905,9.754048,1
-1.1362233,2.6308687,1
0.25151613,-2.4886425,0
14.25811,3.548618,0
9.953123,12.854423,0
13.515866,-0.034937017,0
1.27277,4.4894066,0
14.073842,9.267687,1
12.210982,-3.372217,1
-3.8114636,12.666474,0
1.1064713,14.510164,1
-6.4419436,3.5088732,0
-1.3898168,-3.0108879,0
1.016687,-1.244143,1
0.1692587,-3.2274275,1
7.4331465,6.003178,0
-1.6661352,-0.58662796,0
0.06998732,0.89542454,0
-6.071844,8.732654,0
14.644631,10.186926,0
9.826121,1.1568571,0
-4.4286585,10.671535,0
14.47095,9.800131,1
-1.8073667,10.111009,0
-6.008287,11.804747,0
-5.8126044,2.0724146,1
-2.0851858,-0.9711912,0
-1.3842096,9.687019,1
-2.8330708,-0.58629584,0
13.945364,10.019753,0
7.2843885,6.0586214,1
13.574664,-0.037618577,1
-4.982435,2.0516815,0
1.4163537,4.909606,0
-1.9154559,9.994093,1
13.406636,9.561296,1
4.777726,14.975161,0
0.74291295,6.554582,1
9.811102,7.414848,1
7.472284,6.067642,1
9.518553,0.8831409,0
-5.0700736,11.269182,1
1.2656016,4.485257,1
9.910739,12.406696,1
-1.663723,2.3834317,1
3.3564787,11.828185,0
1.8301576,14.363748,0
-1.8208377,-0.4248352,0
-4.9484506,12.93565,1
-6.938704,3.3679132,0
13.828059,10.104767,1
1.7426232,-2.1619525,1
7.7451444,2.421038,1
12.1467495,-3.7962446,1
4.964518,12.548984,1
-6.6783314,3.5528982,0
-6.4124923,2.9748259,0
10.752381,13.491644,0
-1.3951277,2.0710196,1
4.015112,15.208208,0
4.8619227,14.720584,0
-6.9962087,3.46898,0
-4.9164658,4.6999917,0
10.520809,12.128421,1
-4.37395,3.0318987,0
4.943715,12.753427,0
-6.8719864,3.205948,0
14.440072,10.225841,1
-1.522429,1.148219,1
9.014219,12.831982,0
-4.2335577,13.328886,0
-6.111889,8.328975,0
0.56435657,6.559178,0
-0.39463305,-1.0400081,0
-4.6751533,2.5609124,0
8.208464,5.531601,0
7.1349797,6.896884,1
-5.968525,11.45353,1
1.3175584,-2.6738148,1
0.38846803,6.620013,1
1.0375079,14.09549,0
8.924801,12.550893,1
8.069647,2.4354274,1
-2.5393202,-1.0737014,1
12.028412,-3.1285672,1
8.305662,5.9843535,1
-0.8161693,1.386227,1
-6.8202243,3.617695,0
-3.2153962,12.820756,0
-1.8863354,-1.7874736,1
1.7644746,4.651595,1
10.547225,1.294262,1
-5.505267,11.215088,0
1.2438837,14.719994,0
0.6405701,-3.2547123,1
-1.8981475,10.0950775,1
1.7126335,14.457739,0
-1.7593421,-2.3093777,1
4.606457,12.735847,1
-5.2343397,2.6503139,0
2.4548028,12.036009,0
0.3193484,6.6983113,1
14.624834,10.264545,1
-1.7103066,10.487794,1
10.636804,12.035609,1
-1.3269614,-1.8816797,0
0.99063116,7.709308,1
9.327723,12.045543,1
2.6526477,11.779906,1
-5.6339207,12.087296,1
0.42430985,1.1488727,1
-5.046313,2.8718078,0
-3.0583942,-1.1758949,0
-1.7084588,-2.7051444,0
13.580434,-0.27947688,0
13.311141,9.827683,1
-5.521543,2.0426059,0
14.497343,9.919169,1
7.4583635,6.6113024,1
3.8730469,13.805108,0
-3.0419564,-1.2343231,0
4.0692863,12.138829,0
1.36237,13.270569,0
-4.744067,11.495177,1
9.159245,7.077806,0
-3.7888062,12.997907,0
-6.1845217,9.329041,1
9.209569,0.814319,0
9.819944,7.42436,0
-2.1792412,-2.7485979,1
15.170834,3.9023151,0
9.997122,13.401872,0
10.082364,13.470285,0
-2.1804512,-0.9370324,0
1.7033312,-2.1361568,1
-3.9372985,11.98611,0
-5.0560102,2.1840804,0
14.661899,10.004773,1
7.994225,5.6401215,1
-5.1235514,4.824232,0
1.316388,14.559249,0
-1.5068594,1.2254175,1
1.4666094,14.6220875,0
3.8602517,13.702701,0
1.289907,5.7679615,1
7.0252175,6.9361978,1
14.894182,3.9612818,1
0.20301612,1.2746359,0
9.172155,7.275979,1
-4.766823,2.256647,1
1.754394,4.853572,1
12.421202,-2.9721642,1
12.855382,4.230769,0
9.73438,0.9764176,1
1.5979668,5.613661,0
-5.9609647,9.292967,1
-4.8103905,11.016911,0
9.6844225,11.702688,1
13.390479,-1.0122619,0
-1.4343344,10.531215,1
-1.7881001,-0.23920979,0
-0.3094409,-1.9888377,0
9.554885,1.3193986,1
-6.1727767,3.3357093,1
11.080344,12.814462,0
-1.2380385,2.4907315,1
10.969588,12.504087,0
7.8242784,5.90135,1
-4.6535907,12.63497,0
-5.7271037,9.539097,0
10.463807,12.077979,1
7.3421025,6.0310187,0
-0.11710046,-2.7161303,0
-2.5985808,-1.7300318,0
3.6025715,12.181982,1
9.747398,0.91233,1
12.397548,-2.974115,1
9.4415655,1.8354622,1
8.908301,12.527887,1
-4.8408923,11.733812,0
1.5858626,-1.5531603,1
4.4134955,12.832286,1
11.2929945,12.951773,1
1.3106629,-0.97195786,0
-4.0680933,13.372617,1
4.2934,14.931903,0
0.5457719,6.503164,0
-0.67720926,9.377218,1
-1.2988505,9.681673,1
-1.5930451,1.2024426,0
-0.59317374,9.260247,1
8.046983,6.9236546,0
13.808497,9.806148,1
-0.8720658,-0.30771372,0
-1.6410455,9.757891,0
0.72799695,5.7187696,1
1.0563996,6.2770147,1
1.8261147,14.841415,0
1.5404514,12.611139,1
-3.9370842,2.9179707,0
13.470375,10.065511,1
13.88585,10.719119,0
13.2794895,-3.3033621,1
-5.8597193,2.7792945,0
-4.29157,11.248175,0
14.0469,10.581631,1
11.801094,-3.3581207,0
0.75307757,7.833925,1
-6.038154,3.7084448,0
4.272606,15.342541,0
12.82563,-3.1677458,0
11.670229,-3.2153423,1
-4.926775,3.958553,0
9.188649,0.82783616,0
4.155509,12.76229,0
9.979619,11.778686,1
14.593074,9.383371,1
0.41162887,7.400182,0
9.342276,0.41279072,1
4.7010264,14.332538,0
-0.38982376,1.6247938,0
-1.1999403,2.1842058,0
-5.646949,11.964338,0
10.99024,13.606436,0
4.924432,14.789646,0
-5.69441,3.2995205,0
0.41494268,-0.40092775,0
11.641952,-3.1508377,1
-6.361479,3.493916,0
1.369755,-2.4575343,0
9.165902,1.0791143,0
-4.38133,12.773559,0
1.21692,13.56688,1
-3.9453945,10.4888935,1
12.73548,-3.1737473,0
-6.0706277,3.5428174,0
13.2026205,-0.20951524,1
-4.362784,10.62216,0
1.8442885,14.376956,0
9.21513,7.181186,1
12.940607,3.9217618,0
12.809832,-2.124389,1
-1.0968131,10.113783,1
-5.754062,3.3309193,0
12.037576,-2.7508616,1
-1.2146347,2.2883527,0
14.456669,3.697468,0
0.14688526,0.72113967,1
-0.7058624,-0.1706269,0
-0.65210134,9.382842,1
0.42590696,5.924634,1
0.80600834,5.5071297,1
9.590106,7.2743335,1
-2.8609207,-1.204781,0
4.8259587,13.119801,0
1.6416849,-2.4780836,0
-2.9397085,-1.0267935,0
-5.3107123,3.0566964,0
-6.3970113,3.3269153,0
13.365498,4.140661,0
15.394218,4.185112,0
-0.5715623,-2.6959076,1
-1.5648481,-0.061432295,1
11.11927,13.614914,1
13.245789,10.367679,1
-1.8671364,-1.5036901,0
13.2765665,10.1283045,1
1.627861,-2.6320515,1
-5.0601754,2.0111482,1
-4.5162525,2.3054633,1
8.185255,2.3741477,0
7.071952,2.5483978,1
1.4374082,13.800944,1
1.3099458,-1.210524,0
10.709764,11.619354,1
-4.4581304,11.785395,1
0.67844594,5.266615,1
12.538513,-3.9780846,1
9.549755,0.45097083,0
-0.10647726,-0.49368215,0
-1.0772234,-2.1682866,0
13.80038,9.037512,1
-4.4140615,12.389527,1
12.73816,3.844511,0
13.2797985,9.1395855,1
13.0457325,-0.20575227,1
0.33837238,4.970915,1
7.9837885,5.6014285,0
7.399592,6.1716022,0
-0.80221045,-1.0576148,0
3.7423847,13.990869,0
10.511065,1.5787272,1
-5.204201,2.8873174,0
-5.09416,4.804394,0
9.852269,13.100362,1
-3.74733,12.748369,0
-0.28663564,1.6547713,1
-0.21490377,0.25276667,1
0.7038279,14.109769,0
8.401088,6.0523105,0
0.74628985,4.3403106,0
11.6602125,-2.9159596,1
13.3085165,3.78599,0
1.0140328,7.712474,1
0.35163513,7.051384,1
-4.313871,12.660482,0
-4.9598227,4.7487907,0
-3.3975148,12.4711485,1
1.1041554,7.538663,1
-4.58396,13.152947,0
-1.3612251,1.3963783,0
0.1671908,-2.9598625,0
0.99851924,-0.8486927,0
-4.8668904,4.054216,0
1.6629951,6.394754,1
9.139693,0.8034062,0
15.650043,4.310803,0
14.200595,3.556947,0
4.0250583,12.053078,1
-1.2522612,-3.0529368,1
9.835551,7.4385896,1
-4.8799996,10.964256,1
-1.503582,0.049989957,0
-1.0059291,1.2333313,1
-6.104078,3.113734,0
8.068402,2.3472574,1
1.8856217,6.5461583,0
1.4391364,14.343026,1
-1.6240035,-1.6526762,0
-1.8054724,10.097449,1
2.213388,6.848934,0
-1.5087987,-2.0201488,0
-5.906777,3.4079726,0
15.6426,4.264297,0
-5.7388463,2.2014928,0
4.114875,12.096956,1
7.6900105,2.3671007,1
-1.0505266,1.758697,0
13.261217,10.385014,0
1.1917391,-2.0971427,1
-1.4714788,9.95038,1
4.35957,13.453554,0
-6.5857925,3.5704684,0
-6.1618156,3.4411986,0
3.8147855,12.534783,0
-0.0055262586,-0.1937846,0
10.899619,13.9440975,0
1.370247,4.422494,0
11.877921,-2.181521,1
-5.0501666,1.9871333,0
-5.30249,2.070952,0
13.222012,4.328457,1
-5.436492,12.299246,0
1.4664253,-2.821972,1
9.706896,0.8971253,1
3.3764672,11.841364,1
-3.937989,11.390919,0
4.480695,13.364784,1
10.581972,11.945635,1
-3.840136,12.925615,1
9.824851,1.5061697,0
1.5687329,14.821714,0
3.7328978,12.484622,0
8.907564,12.796082,0
10.680632,13.913591,0
0.5967785,-3.0479524,0
9.605405,0.82926065,1
11.042107,13.790071,1
-4.3551145,3.0537047,0
4.3519773,12.315942,1
7.653648,6.8274136,1
-0.9453088,2.5921638,1
0.064280145,-1.1061034,0
8.12043,6.831815,0
7.257333,6.7365403,1
12.608225,-2.1539595,1
-1.4588702,-1.0472406,0
-5.0848207,2.9377928,1
-5.3755393,12.205401,0
8.407316,3.2947502,0
-4.293001,11.2080345,0
0.21435738,1.3911976,1
9.228463,12.247489,1
9.842091,13.286568,1
1.6053524,4.6421943,0
-6.19026,8.684661,0
2.819894,12.578739,0
14.252371,9.240167,0
-0.62347853,-3.2509632,0
-5.1349454,4.1206574,0
4.028957,15.077593,0
9.2231245,12.213841,0
13.387629,-3.356414,0
0.6811662,-3.2274895,0
-5.582693,2.8375556,0
-2.272699,-2.099411,0
-6.115924,11.67724,0
9.10511,12.261341,0
-5.0326,12.601452,1
-1.74362,-1.8245794,0
9.175571,7.338853,1
-4.262332,11.399315,0
-4.916034,4.467937,0
0.077061705,-3.3662188,0
11.751461,-2.7984803,1
-1.7322956,-2.7984092,1
14.756388,9.750708,1
-3.91444,10.870443,1
12.782758,-2.1206994,1
9.3227825,7.2842083,1
3.0283868,11.986987,1
-6.176879,11.611811,0
10.84717,13.639456,0
-5.484306,2.8585489,0
-4.7245393,11.872665,1
-4.983947,2.2701669,0
-1.129081,-1.8026105,0
13.363119,-3.38634,1
9.14177,0.54582953,1
3.7423818,14.014707,0
4.806026,13.149892,0
-6.1195064,11.447646,1
1.123533,7.281228,0
-6.066007,3.6737783,0
-2.8855073,-0.6537379,0
12.792279,3.8651493,0
-4.114827,12.228416,0
8.453969,6.3878007,0
-1.5953399,9.816887,0
-0.118568845,0.53929317,0
0.57703567,5.356555,1
-5.495287,12.038498,1
14.031386,10.523189,1
4.306729,13.442635,0
-1.2874242,9.813744,1
-4.92493,12.733498,0
0.025301414,-1.008875,0
14.039946,9.71512,1
11.861499,-2.148546,1
13.328388,9.807313,1
-6.121602,11.850411,1
-5.2847037,2.071903,0
2.0786471,6.838969,0
2.7438152,12.346528,1
8.9436865,12.639306,1
1.3907716,5.869721,1
10.88518,13.319313,1
-0.7959872,1.4116333,1
14.392987,4.180251,1
-0.3520912,1.6158168,1
-1.9527296,-1.6413132,1
-1.2096157,10.152836,1
1.5774071,13.544021,1
14.119905,9.664511,1
1.2494828,14.551458,1
-6.25572,3.3080037,0
10.726947,13.957773,0
0.15157472,-2.8292089,1
0.816377,6.0113773,1
-1.2132868,10.634661,1
-0.48868132,-2.4919794,0
12.810613,-3.2212203,1
12.763681,-0.06410204,0
-0.24706504,0.5110996,0
10.709212,13.924368,0
-1.9375765,2.4412155,0
-5.216482,11.379843,0
-5.0816197,4.821074,0
11.386519,13.154634,0
8.307646,6.675114,0
13.638743,-0.13316283,0
-2.1671157,10.784929,0
9.721227,1.6382132,1
13.100146,-3.4426825,0
-6.699035,2.9626617,0
4.047759,13.664924,0
4.603712,12.656686,0
-0.3173138,2.0446339,0
12.436365,-4.0376062,1
1.8640738,14.839441,0
-1.5248144,-1.1726203,0
-4.7936344,12.656167,0
12.535088,-4.1500616,1
-0.5428363,-2.2852361,0
3.760433,13.778769,0
3.3945873,11.823969,1
13.810207,9.979083,1
9.36188,1.019503,1
-1.1452792,-0.049363967,0
-5.0797534,4.7112637,0
2.9395063,12.376173,1
-6.2224145,8.3364935,0
7.951579,2.6996503,0
10.93859,13.58749,1
12.691059,-2.0962315,1
-0.24905676,-2.5418513,0
0.048112847,-1.1137631,1
13.235105,10.418647,1
-2.6631224,-0.408176,1
12.65245,-3.1483066,1
15.555398,4.1592083,0
-3.6210032,12.130695,1
-3.5543604,12.176917,0
-0.2537843,-1.3340518,0
0.8551281,-0.63353443,1
0.6737976,-2.9813173,1
13.133263,-0.18337862,1
7.638089,6.888329,1
-4.970073,11.239441,0
-6.137174,9.212271,1
4.226248,12.681923,1
9.845793,12.489397,1
7.8846817,2.7380724,0
-0.7782292,-2.8222995,1
-4.827542,2.8192828,0
-3.9399424,13.428806,0
0.20622592,-3.1664808,0
-4.8968353,11.334876,0
0.91901195,7.338308,1
7.4009233,6.673952,1
-1.5423237,10.625278,1
12.918247,0.16700849,1
-6.3220963,8.551365,0
-5.9018874,11.518371,0
-5.92381,8.426696,1
7.9160366,2.7113051,1
7.6154075,2.3753529,1
-1.7819589,2.570414,1
1.0994592,13.543701,0
1.1300552,4.6476665,1
10.416841,11.525332,0
14.048323,9.562994,1
-0.5886611,-3.3012297,0
13.843628,9.508198,1
-5.4121547,2.2915666,0
10.546156,1.3194661,1
-5.918354,9.45884,1
1.7221906,4.751442,1
12.614895,-4.2035484,1
-2.5270462,-0.5497531,0
0.23637627,6.4912453,1
-4.1965528,10.596058,1
13.089621,4.4186316,1
1.512568,12.771841,1
-1.1310496,-0.8257504,0
-0.7964697,1.5339366,0
4.412811,15.142994,0
-0.35839182,1.1165329,0
1.1947039,13.333851,1
5.049964,12.398839,1
8.444555,5.915059,0
-6.3715143,8.484609,0
-6.1876206,9.3565035,0
0.59943366,-3.3726385,0
-5.6018405,2.4099069,0
-5.875117,11.409557,0
1.7465875,5.9402814,0
8.0496645,2.4440978,1
-1.8169712,-0.12930182,0
-4.677431,2.5103123,1
-6.4387875,2.7321477,0
-0.7293421,-0.80722374,0
9.079069,12.457272,1
0.17212561,-3.212473,0
-4.575201,11.753619,0
9.933187,13.19293,0
1.467952,4.865854,1
8.112853,5.7462053,0
8.080451,2.4210823,1
-1.3296826,1.5160937,0
14.916071,3.959033,1
-1.9287779,10.384379,0
0.11823689,-2.239681,0
-0.72328895,-0.843962,0
10.406535,11.987131,0
0.2211297,-2.6487114,0
0.84126794,-0.99540013,0
4.151994,12.477473,1
-4.764921,11.048272,1
14.36671,9.266134,1
-5.327329,3.01889,0
15.617862,4.291123,0
-1.9100167,2.862541,1
-1.6291404,2.0734146,1
1.5018054,4.4571257,1
-0.035282873,-3.2676754,1
11.050779,13.790555,1
1.2844385,-1.5073631,0
0.36849707,-0.16071889,0
-4.029699,13.036446,0
4.750405,12.55033,1
12.5051985,-4.1277266,1
15.478851,4.122999,0
15.575561,4.194528,0
-4.9824595,11.611084,0
4.818695,14.586303,1
-0.9572712,2.557983,1
-2.597329,-1.2121853,1
11.948434,-3.0708404,1
-1.7729138,-2.778152,1
1.8327729,7.0139775,1
8.989123,12.374303,0
8.122402,5.6416173,0
-1.9592005,9.982042,1
13.111282,-0.11824431,1
-0.22405122,0.24190179,1
13.4130745,-0.38341403,0
-5.6297174,3.3195374,0
12.597375,-2.1438403,1
0.96290404,6.1809053,1
-4.698533,2.4487245,1
3.7380211,12.074764,1
-4.855532,4.0386605,0
9.215508,0.81468606,0
-1.5519127,-0.055928282,0
9.6725645,0.99504703,0
13.381204,10.096967,1
9.137104,12.871032,1
4.241395,14.561926,1
9.872271,7.462735,1
-1.8788018,10.371793,1
10.455179,11.628185,1
-4.625737,11.93373,0
9.854102,12.610095,1
3.0794418,11.841581,1
0.71921617,-0.89510906,0
0.38365552,0.7705291,1
-6.004921,11.848398,0
13.145186,-0.112139314,0
4.871356,12.647841,1
-2.1463628,11.117317,0
9.912816,11.912319,1
15.028476,3.8806593,0
-2.3119254,-1.2528384,0
14.5559845,10.351047,1
-6.085111,8.771093,0
1.0030597,6.2298565,1
10.411466,11.977719,1
-4.1028757,11.834548,0
-5.128909,4.190648,0
-1.891777,10.0234995,1
0.42049274,1.1144474,1
-1.9897689,-1.0510528,0
7.3297315,6.132013,0
4.9755373,12.493351,0
14.994272,3.9488027,0
0.39248177,-1.384711,0
3.7795975,14.047891,0
0.59916633,5.1511693,1
-4.801334,12.602688,1
-1.4440246,1.3272843,0
-6.695974,2.9294255,1
1.0080439,6.677185,0
3.425307,12.783546,1
-3.4144511,12.522781,1
-1.6733327,1.0903004,0
14.162269,9.1752205,1
0.16832817,-0.07340633,0
-6.1184425,11.733839,1
10.374728,11.550983,1
-6.012343,3.4121823,0
0.84008825,7.45384,1
11.9768505,-2.0570087,0
-6.7850213,3.6026597,0
14.5862875,10.264473,1
2.9042497,12.391953,1
4.4888997,12.717957,1
-3.4520624,12.529776,0
-0.9293322,2.4649382,1
-1.9559351,-2.4854248,0
-1.1681081,1.6224744,0
4.5563283,14.935075,0
13.286186,-0.35133603,1
-4.5450478,11.441491,0
11.340462,12.600307,0
0.38472047,-0.33290783,0
12.008862,-3.1028945,1
2.6603613,11.749248,1
10.066505,12.216457,1
2.6576262,12.2186365,1
1.7968649,14.037971,0
14.461396,10.388088,1
0.9422138,7.7162423,1
10.6327305,1.5931554,1
13.844333,9.424004,1
3.7327006,12.047445,1
-5.480506,9.505712,0
4.235862,15.183662,0
-1.3336129,-2.0715182,0
-4.860634,4.306836,0
0.91228896,7.399428,1
0.52589613,0.61758816,0
7.327632,2.8463998,0
-4.9435043,2.0907927,1
-4.505491,10.719861,0
7.052145,2.39707,0
-3.9488769,2.8181908,0
9.919928,13.004864,0
12.202351,-2.8320417,0
-0.23925413,-1.0162692,0
4.067049,12.026453,1
3.8585384,12.150093,0
7.324358,6.439537,0
1.3756219,14.609917,0
2.8211324,12.07788,0
-0.82796407,-1.8299906,0
14.865243,3.9569998,1
-1.369313,-0.79573905,0
12.234669,-3.4835026,0
-1.3354793,2.3334465,1
1.3522471,13.03324,0
8.195466,2.4911132,0
7.7471204,2.3549128,1
0.86878175,7.147276,0
-2.6448498,-0.33192286,1
13.383143,9.571018,1
0.7178445,-0.42324403,0
7.5873594,2.751989,1
0.67327046,13.967422,1
0.26496273,6.7617745,1
8.143161,2.4267519,0
12.820402,0.031636797,1
8.989652,12.486884,1
-5.3148007,2.5854714,0
-1.109583,-0.664001,1
1.3257105,4.23637,0
9.542067,1.1207826,1
10.18751,11.75266,1
-4.2025385,10.503259,1
0.42081696,0.123822846,1
-3.3525124,12.957614,0
-5.3411946,2.0116966,1
-0.91516304,2.0080998,0
2.451375,12.083774,1
14.57718,9.577043,1
10.188339,12.036428,1
-5.155396,11.531802,0
12.164555,-3.8538988,1
-4.532002,12.051149,0
-0.47625908,0.65534383,0
-6.6865883,2.9791842,0
-0.14447589,0.47714782,1
1.1257888,13.714617,0
8.026533,5.5798097,0
1.5744717,-2.8143954,1
1.0237457,-2.1343267,1
8.298483,2.598923,1
2.593598,11.379177,1
-0.3434237,1.146832,0
-5.871877,2.176849,1
2.6835978,12.126837,1
-4.8279567,4.2610745,0
1.8830955,14.845019,0
-6.8562756,3.1390722,0
4.882911,14.5454235,1
12.749209,3.870147,0
-1.338727,10.358253,0
13.346127,-3.3908987,1
13.53187,-0.30777386,0
4.0101657,14.773261,0
0.18802436,-2.463407,0
9.308584,1.1534306,0
1.3713014,4.5956583,1
-2.0750713,10.509725,0
-5.917704,3.6680984,0
-3.5083108,13.277912,0
-5.450638,1.9708426,0
0.22959928,0.9212684,1
-2.22027,10.869083,0
4.3775373,15.27291,0
0.12020085,-3.3368347,0
-6.008352,3.6355727,0
1.1201732,-3.2015858,0
-1.7206639,10.100856,1
0.9742678,-1.4095575,0
4.802168,12.355439,0
-5.436144,3.1265574,0
9.129764,1.0425209,0
0.73164743,6.52441,1
9.130429,0.45845902,1
0.22144867,6.2945213,1
-0.81518996,1.4374636,0
14.160711,9.247458,1
4.903318,12.787437,1
4.0328183,13.913425,0
-0.5526587,-1.6345383,0
12.487293,-3.5530684,1
-5.281124,2.5601954,0
-2.601202,-1.0765383,0
7.872135,2.2913678,1
13.6993885,9.26838,1
1.123124,6.018586,1
4.4254184,13.458469,0
-4.586144,2.8241498,0
-1.9849439,10.616812,1
-4.292314,12.905865,0
10.403094,1.3131413,1
12.717535,-3.1098225,1
0.47522932,5.918853,1
-0.60007423,1.7073101,1
0.14548954,-3.2418034,0
-1.9339994,-1.8216697,0
10.685212,11.532082,0
8.196689,5.5933337,0
8.4963455,5.82967,1
1.1921242,13.644699,1
-0.59687155,-2.6008253,1
13.7897215,9.104221,1
11.846874,-2.1543727,1
4.5653167,12.8091135,0
-3.5606716,12.051762,0
1.6039122,-1.3385699,1
0.40167227,7.0541224,1
1.4425985,-2.8797877,1
-1.2993534,-3.2020445,0
7.840793,6.2528524,1
13.078262,-0.25678432,0
8.346535,6.614164,0
0.5640752,0.34553257,0
1.529822,12.782381,1
9.166249,12.61006,1
7.855226,2.3543293,1
0.3986388,0.7579283,0
-5.3867717,11.229943,0
-5.348223,2.0423725,0
14.1689415,9.822101,1
0.4961566,6.541863,1
13.836526,4.5449467,1
-0.8064462,9.595445,1
-2.8761775,-1.074452,0
3.8144279,12.004214,1
10.6873665,12.513476,0
0.2561484,0.06623844,0
-6.4800467,3.4281938,0
12.412517,-3.9218185,1
1.7407502,-1.8373903,1
1.1464726,6.188934,1
-5.900988,2.9911425,0
10.321865,11.479937,1
4.4913416,12.563697,0
-5.1805773,2.6772192,0
14.823295,3.9509997,1
-3.4677358,13.420052,0
-5.265798,4.0268254,0
9.155535,6.885503,1
-6.8058534,3.3538873,0
13.797544,9.930295,1
1.5882413,6.2113466,1
10.598747,1.4920268,1
4.793949,13.124048,0
-0.3774761,1.6840334,0
1.2600219,7.019994,1
4.2978883,12.427974,0
-1.7848536,2.244579,1
-2.1734538,11.077263,0
8.940363,12.674857,1
2.5344133,11.40016,1
4.5587215,14.925357,0
-6.120508,8.574183,0
13.501838,-0.6412445,1
1.184329,-1.2035261,0
4.3982377,12.900565,0
9.490319,11.945868,0
1.8236436,14.498587,0
4.4101405,12.867911,1
1.0844988,-2.2362728,1
3.8281958,12.50544,1
2.615946,12.255338,1
4.0304112,15.205503,0
-5.8407116,12.222524,1
0.90727574,-2.5151293,0
12.613256,-3.0343003,1
-0.78741705,-2.907606,0
13.583278,-0.66519254,0
14.956033,3.910086,1
-2.015895,10.021246,1
10.288699,11.470935,1
14.348968,4.303925,1
-0.6104415,-0.20786302,0
-6.248051,3.5650694,0
-1.2591217,9.410529,0
7.445308,2.258337,1
8.482425,6.113803,0
-4.465575,11.171728,1
13.939726,9.189903,1
0.4294122,0.9722083,1
9.866882,12.5947,0
0.38212162,0.02588079,1
7.725879,6.758405,1
10.556639,12.07323,1
-0.3749456,-0.63998,0
9.857598,7.444493,0
-4.4318814,2.9662268,0
10.724065,13.707243,0
9.854506,12.308391,1
9.144634,0.64065146,0
-1.5784835,9.994365,1
-3.5823321,12.122118,0
0.9263403,7.2268906,1
4.5340047,14.619676,0
-5.0653634,12.373715,0
4.225001,13.319762,0
-4.730914,2.3126361,0
13.726511,9.3757515,1
9.102866,0.44142914,1
-0.78797764,1.4406891,0
1.2048794,7.4882264,1
-5.350145,2.2071607,0
-3.5495636,10.572405,1
0.11833343,-3.333605,1
0.38383144,-0.12055271,1
1.2782352,14.186701,0
4.0031757,12.090976,1
-5.168627,3.777412,0
-0.44925058,1.7096375,1
10.924088,13.200304,0
-0.26735207,-2.1751218,0
-2.0060077,-1.4728258,0
11.841172,-3.2140203,1
-0.051346622,-2.8489156,0
-1.8811307,11.075108,1
-4.805109,12.4935,0
0.80663055,5.5200086,1
0.04704098,0.07597074,0
1.0025817,-2.3417232,0
4.2768073,15.356576,0
9.123619,12.789517,0
-6.3092256,3.3372674,0
9.921857,11.458129,1
-1.2224504,1.3342589,1
9.341124,7.120188,0
2.9049048,11.631412,1
1.4804074,4.6763725,0
12.072223,-3.7332618,0
-1.0949199,1.340856,0
0.97638786,5.863011,0
8.499835,6.5508623,0
-5.9668427,3.6084888,1
11.742648,-2.7942083,1
9.65208,1.2615439,1
14.363417,3.688834,1
4.0045443,15.241262,0
-5.680408,9.249307,1
-4.212378,10.635887,1
-6.053278,8.247824,0
12.075506,-3.5218098,1
-4.8520913,12.579399,1
8.2433,5.9679646,0
-4.271764,12.350733,0
3.846682,12.004462,1
-1.950652,10.984689,1
3.3966017,12.817034,0
10.945238,13.653014,0
7.8049774,2.747674,1
9.847201,12.408548,1
12.64351,-4.113096,0
10.127336,11.245273,0
7.3142953,6.051694,1
14.756932,4.000345,1
11.389659,12.616359,1
-5.765234,12.263518,1
-4.978348,2.1254842,1
1.3069917,14.61888,0
1.7688735,-2.2768884,0
0.08793118,-1.9953532,0
7.4560475,2.2945104,0
9.191836,7.274062,1
7.621443,2.78933,1
0.5918827,7.437747,1
1.5402803,-2.595067,1
-3.5533323,11.407999,0
-5.8738523,3.5649626,1
-1.9220631,-1.1811997,0
14.046519,9.831702,1
-5.7523785,9.090893,0
3.0783372,11.687615,1
0.7236003,6.553755,1
-4.874383,4.3289666,0
13.017976,4.16463,0
10.839009,12.901393,0
13.8279915,10.779101,0
-1.2990685,9.869744,1
14.300891,4.3104057,1
2.7190204,12.275083,1
4.665341,14.549162,1
13.439186,9.443668,1
-6.17037,2.6810265,0
4.901048,14.7929,0
0.5161072,7.112214,1
8.343605,6.355111,0
0.6871729,-0.102843046,1
-4.787135,12.44922,1
3.6826887,12.520081,1
4.1677246,13.259648,0
1.3153695,5.8988347,0
12.285798,-3.2712622,1
12.713806,-3.0585885,1
1.4200337,14.662478,1
13.843306,4.388427,0
-1.2461498,10.610323,1
12.96932,-0.059783246,1
1.7811105,6.270448,1
1.8138027,14.499383,1
1.2488718,6.271274,1
14.913981,4.0210586,1
-2.4040492,-0.6168859,0
4.7911096,13.175946,1
10.232232,11.912025,1
11.308018,12.797476,0
7.933449,6.943302,1
0.42558995,5.5242853,0
9.263223,7.203592,0
-5.348182,2.5926616,0
0.18902773,0.8019674,0
7.87223,2.6223056,0
0.42184916,7.216639,1
0.24762021,5.1291213,1
9.500572,0.90533483,0
-5.8066816,2.1988578,0
2.6556535,12.301223,1
-5.96028,11.664569,0
0.9250903,6.546714,1
9.883744,12.074425,1
-1.0526572,1.757785,1
7.9093213,2.4241195,0
7.883197,6.042789,0
10.661683,12.5480175,1
13.236664,10.408279,0
0.16052741,5.838663,1
13.392239,-0.6347358,0
11.041613,13.766987,1
-0.3784645,1.9680121,1
0.7633399,13.799187,1
-1.0655277,-0.6630874,0
12.291407,-3.4514165,1
13.310625,10.42659,0
-5.992895,8.636992,0
4.426022,15.215412,0
-5.9971166,3.5480494,0
-4.2045846,11.122597,0
-2.3682842,-2.1783788,0
-1.3741384,-0.92777294,0
-1.66332,9.765672,1
13.629994,9.202155,1
13.2626915,10.273322,0
15.064764,4.351768,0
-6.6463585,2.9922528,0
14.097082,9.161081,1
0.41282088,5.1289716,1
14.484869,9.275898,1
9.466265,0.87732154,1
0.73812807,-0.8222034,0
12.905655,3.9818869,0
10.586911,11.837365,1
-3.597504,10.498843,1
1.5054771,13.531945,0
7.65858,2.318691,1
1.5335035,13.647406,0
1.2518905,6.2195683,1
12.175502,-2.7993875,0
1.5024133,13.348784,1
4.0805106,13.752342,0
13.369043,9.560893,1
-3.5059407,10.601159,0
3.8942494,13.965903,0
9.627103,1.4543642,1
10.305237,11.458731,1
7.196748,6.650647,1
-1.7259293,2.4560223,1
0.70455617,6.938118,1
13.254214,-3.5172808,1
13.09112,-0.11972921,0
0.80949867,13.788645,1
9.232171,7.03579,1
14.2359085,9.889762,1
10.213124,13.552853,1
14.308653,3.658838,1
7.053704,2.2771347,1
1.1013943,-0.55873805,0
9.809652,1.5805892,1
9.184679,6.9412165,1
0.1701947,-3.0231197,1
0.9137084,5.315655,0
15.623903,4.2180543,0
13.530104,10.075616,0
9.262612,0.98484993,0
-4.571188,4.354347,0
-3.2694097,12.763339,0
7.9095364,2.7866356,1
-0.41879794,-0.6723529,0
-5.5660114,1.99365,1
4.2613196,12.6187525,0
13.294025,-3.5816376,0
0.28283462,6.736001,0
14.630574,10.186888,0
4.8387675,13.185039,0
-1.1009672,-2.7246108,0
14.4263115,9.289682,0
0.9731924,5.8168364,1
0.40620923,1.2277086,0
-6.9850388,3.5160043,0
-5.812158,2.6753883,0
8.927498,12.732153,0
-1.287383,-3.1621563,0
-5.7978396,3.4366083,0
3.973805,12.1402025,0
12.518612,-3.1537976,1
-5.660864,9.005472,0
7.2597513,6.665266,1
-4.6422563,12.345668,0
-4.2040067,10.511093,0
-2.1038253,-0.44498488,0
-1.9175082,-2.3222535,0
-3.2463894,13.157312,1
-2.3185537,-0.87007517,0
10.477701,1.3732826,0
0.768803,14.096495,1
-1.7557642,-2.2930589,0
12.717622,-3.317241,0
13.464467,9.424454,1
-3.983158,12.696277,0
7.0653405,2.5719044,1
-2.8597155,-0.71083784,0
-5.61883,11.842757,0
13.233075,10.183869,1
-6.13468,8.714512,0
13.480445,-0.6705182,0
-3.267582,12.931597,0
13.883038,4.574493,0
1.2642046,14.3353615,1
-5.321373,2.0123296,0
10.49578,12.2623825,0
9.7708025,0.9399973,1
10.656861,11.584982,1
9.089752,0.6809319,0
11.217339,12.054497,0
11.2750025,13.161813,0
0.55631423,14.076124,0
0.54720837,8.198313,0
-0.35421446,1.8256942,0
9.739273,1.5044149,0
5.0617137,12.2651415,1
-2.0168457,10.044085,0
8.32987,6.684581,1
0.113049835,-3.240439,0
9.910397,12.008853,1
-3.0528278,10.924992,1
11.275375,12.271753,1
-5.494599,2.0528734,0
-5.13389,4.834712,0
7.6437726,2.4122088,0
-1.7078962,10.167252,0
7.964706,2.5001805,1
-0.74097025,-1.5681336,1
11.209895,13.090341,1
3.7012722,13.874772,0
9.605806,0.45261338,0
-1.7339504,10.889695,1
8.134556,2.402765,1
-5.9978976,8.299956,0
12.574137,-3.6288016,1
-4.00877,10.824727,1
1.1144887,14.5604105,0
1.4158258,-1.9230008,1
1.082082,-0.6928356,0
-4.7805004,4.0398297,0
-3.97085,11.7359915,0
1.8828361,14.519317,0
3.7977507,13.622391,1
14.410282,10.379132,0
3.8136592,13.326082,0
-2.8939483,-1.3890536,0
-5.6733985,9.491693,1
9.726569,1.0845394,1
0.6900413,14.136687,0
1.4571016,6.4724054,1
11.990178,-3.2915576,1
13.553191,-0.097922646,1
0.82949936,-2.3920596,1
13.13297,-0.10419911,1
1.0139322,-1.0186304,0
11.751002,-3.311718,0
7.3084636,2.2821124,0
2.6843793,12.208822,1
-1.957339,0.27188602,1
-2.903378,-1.6104937,0
-1.8908048,-1.2212818,0
-4.5170064,4.350149,0
11.146347,12.713164,0
-5.2333198,2.043457,1
10.428864,11.228318,1
-5.5226855,3.3236556,0
1.586127,4.7534103,0
4.2268653,12.45313,1
-5.099047,4.1534576,0
2.6492014,11.968311,0
0.12169864,-1.0425172,0
1.2738336,14.487299,0
-5.5840235,2.4392018,0
12.484855,-2.9042165,1
1.4037483,6.528487,1
15.473397,4.2080936,1
-4.4583616,2.9820108,0
7.593189,2.265046,1
-1.4927984,-0.08413792,1
-2.1768303,-2.227921,0
-3.5988274,13.570316,0
-6.4044538,3.5430298,0
0.57766104,7.3866277,1
4.1558886,13.54598,0
-5.8563404,11.44076,1
6.920115,2.334138,0
0.81434524,-3.1067567,1
-3.9924886,13.447194,0
8.366192,2.2790954,1
-2.8026955,-0.9012865,1
-2.273641,-1.6975029,0
4.3703003,12.825421,0
3.7380416,12.375212,1
10.775581,13.660093,0
13.375565,9.684025,0
10.549208,12.373597,1
1.1123008,7.24033,1
0.41534415,0.78237236,0
-0.6313629,-0.12623672,0
14.149639,9.7249365,1
-5.0407124,4.277983,0
7.895031,5.631723,1
-5.0851007,4.441478,0
9.150176,12.67711,0
2.1660562,6.802338,0
10.52801,11.295472,1
-4.8642464,11.6531515,0
2.9095075,12.381669,1
-2.1754417,-1.6090813,0
4.387432,15.053016,0
-2.0245426,-2.3795283,0
1.4133017,14.459093,1
10.833779,13.793224,0
11.775284,-3.3590078,1
-6.344539,3.5161655,0
-6.2373247,2.6594899,1
-1.6848738,10.418222,1
13.0273485,4.1379585,1
8.21345,5.547448,0
0.076084666,5.5444336,1
14.512566,9.933188,1
11.297255,12.705338,0
-5.2122936,11.150842,0
1.1745633,14.142245,0
-5.184744,11.342604,0
1.825935,14.3106575,1
7.6603956,2.30846,0
12.358074,-3.2240443,1
12.941137,-3.5429723,0
7.1981363,2.2817008,0
10.1570015,13.526095,0
14.20842,9.243383,1
9.326635,12.449327,1
8.279001,2.6445549,0
7.890443,6.084337,0
13.013551,-0.22554873,1
-0.2941071,-0.5108961,0
7.117105,2.3957305,1
0.42919514,6.1104565,0
10.520538,12.606205,1
13.218212,-3.754086,0
7.968729,6.856558,0
-4.8220205,11.224569,0
-1.2515962,10.425546,1
-0.5605223,-0.8241711,1
1.3545874,5.5713043,1
10.92399,12.538635,1
0.46519816,7.121583,1
-5.5715284,2.858243,0
-6.0577965,8.210199,0
3.7760055,12.6055155,1
-4.3776546,10.600404,1
9.3750515,1.7593877,1
-0.8788838,-2.0590754,0
2.6652231,11.998469,1
0.5994516,6.8547387,0
0.85129917,6.469627,1
13.086757,-3.2441876,1
2.943886,12.736175,0
13.994167,10.570052,1
-4.027365,13.240166,0
-1.6707268,2.1014576,1
-3.198775,12.825313,1
13.884203,10.101802,1
12.982656,-0.19489859,1
9.6728525,1.4084812,1
15.69197,4.3497014,0
3.7344196,13.864863,0
1.6428751,-2.6210268,0
4.635366,12.637016,0
0.9997925,-2.211163,1
13.674988,9.052251,0
10.80141,12.831632,0
-1.2585099,-1.1315372,0
12.621588,-3.069142,1
-4.6087656,3.003484,0
-6.157131,9.264324,0
-1.1864974,1.54737,0
-3.1315942,-1.2271775,0
4.6951346,14.837533,1
1.3720058,-3.0331817,0
-2.650225,-1.3290085,1
14.206707,9.326019,1
1.8412511,14.644811,0
-4.1625137,2.983408,0
-5.702026,2.7475717,0
13.052357,4.146088,1
3.68095,12.891547,0
-6.298428,3.4405773,0
-2.7857044,-1.671264,1
-4.025161,13.270807,0
9.371762,0.50967187,0
0.8843856,6.2172728,1
-3.7779937,13.121497,0
-1.5311524,9.840219,1
-0.7513431,-0.8971462,1
14.862848,3.975466,1
-2.535397,-1.1917831,0
-1.4604248,9.941488,1
0.67513233,14.180254,1
13.510777,3.7334585,1
14.190663,9.2149725,1
3.0538282,12.082729,1
-5.667697,3.4523878,1
-0.15878028,-1.8092378,0
7.85865,5.713039,1
-1.177312,2.335265,1
0.35314676,6.865043,1
-1.9528463,-1.8520229,0
13.833231,9.883008,1
-2.146175,10.72182,1
1.4967326,12.663408,1
-4.4719305,11.024951,1
-5.9639363,11.940795,0
0.5277004,6.0153184,0
7.1457877,2.5142915,1
-4.604567,12.998108,1
14.2767315,9.361748,1
-6.173031,8.929381,0
-0.58834916,-0.7780498,0
-2.7399986,-0.7876131,0
0.21291457,-2.126656,0
15.174661,3.884814,1
-5.7133093,12.40282,0
1.0964243,14.063043,1
10.266446,11.545987,0
0.190007,-2.6616342,1
14.081158,10.0014105,1
-1.1724017,-1.1388665,1
11.84382,-3.1864479,1
-5.4038377,11.157448,1
15.419163,4.0954,0
11.7651615,-3.0213506,1
-6.481943,3.420812,0
4.29731,15.219636,0
8.14964,2.4091654,1
-1.4742124,-1.6999444,0
0.6037844,4.675272,1
13.304867,-0.5888749,1
-4.743864,12.502071,0
10.739694,13.730695,0
12.756819,-2.9019542,1
10.565862,1.3201202,1
3.6311667,11.956921,1
15.07526,3.812012,0
3.8335948,14.083869,0
3.777775,14.011667,0
-4.9824324,2.6761441,0
-1.7598104,-1.2834277,0
14.247544,3.56986,0
11.0561495,13.708103,0
9.146592,7.1669602,0
-1.3621565,2.219542,1
-3.921567,11.67622,1
13.322367,10.310851,0
0.9872822,13.541172,1
8.152894,5.599317,0
13.233332,-3.7231739,1
-5.9491415,3.3360767,0
1.7548184,5.888089,1
10.772683,11.836689,1
0.34852922,-0.9667633,1
0.17179042,-3.3711762,0
-1.4077725,-1.068031,0
9.5891485,11.692186,1
9.610028,0.68346107,0
1.305583,13.887833,0
4.809092,13.102311,0
8.2960415,2.6649296,1
-4.6738753,11.400202,1
-4.195054,10.558739,0
-1.6877925,9.783413,1
1.0564648,-3.0772874,0
0.78572094,4.826031,1
0.56004065,7.141627,1
8.498142,5.919999,0
8.219015,6.067991,0
-3.6737218,2.6894948,1
0.09497669,0.25250518,0
-0.30253786,-0.1340159,1
13.802841,10.156229,1
-4.2307944,3.0136235,0
-2.6613529,-1.0678525,0
-2.9290266,-0.78862286,0
-1.6464487,10.023184,1
1.7598016,14.501675,0
0.8794146,-3.194805,0
-5.066882,13.00861,1
-2.0986037,-2.6497831,0
11.351148,12.638259,1
11.160268,12.891152,0
13.434551,10.363962,1
4.1550345,12.840002,0
8.289291,2.5253067,1
11.298916,12.356748,0
-4.678599,12.284652,0
11.316062,12.933748,0
1.8293052,14.621413,1
1.9238795,14.656782,0
2.9132297,12.374022,1
-0.06509923,-1.1122825,0
3.1686409,11.500888,1
13.92142,10.14493,1
4.198776,15.393038,0
-0.6475712,-0.09733645,1
0.60673743,0.2747403,1
1.3538611,5.9631257,1
14.311023,10.396198,1
-6.348893,3.237216,0
-2.0393248,10.335966,1
7.4229984,6.38561,1
13.843287,4.3667345,1
10.561223,1.5472319,1
0.54774445,7.3211255,1
-3.0817122,-1.0882074,0
-1.4616091,1.5466424,1
-1.1927863,1.538531,1
-2.6921668,-0.9530104,1
1.256338,-1.2053007,0
4.981633,12.677912,1
0.34200427,-0.050212994,0
-1.7139361,10.911155,1
13.270253,10.246352,1
2.4760573,11.397047,1
4.0838704,12.943257,0
12.74286,3.8487065,0
13.192329,4.4586124,1
0.23562703,-2.3514695,0
4.689473,14.998313,1
0.42910558,-1.4358057,0
13.172168,-3.3944035,1
-5.406585,11.535113,0
12.6593895,-2.1359446,1
10.176017,12.800214,0
12.3734255,-2.862215,0
12.851971,-3.0708334,1
7.787773,2.8148632,1
-2.6475909,-1.6180849,0
-4.242455,2.5842347,1
15.660015,4.3176637,0
13.291018,10.334372,1
2.9925773,12.530989,1
-1.8114444,10.544062,1
14.414734,10.411306,0
1.0997424,4.4548945,1
12.119435,-3.0623636,0
12.423622,-2.8704035,1
-6.211498,2.7854612,0
3.9102647,13.742859,0
-0.31211787,-1.7125466,0
15.1018095,3.9467866,1
13.232985,10.403813,0
7.5079994,2.2823179,0
-2.71543,-1.2738005,0
7.3478165,5.978025,1
8.506387,5.936076,0
-4.8656263,2.3781986,1
-4.5407753,3.1597195,0
7.59377,5.6719823,0
10.253353,12.670169,1
0.07150033,5.6443505,1
-5.757586,3.247692,0
6.984032,2.35401,0
14.722002,9.782716,1
2.863231,11.980621,1
4.5409365,13.325799,1
1.1242099,14.638217,1
-2.175421,10.859538,1
1.5047344,13.438457,1
4.6928544,14.604037,0
9.39877,0.90889645,0
8.892482,12.652697,1
7.347285,2.8557703,1
-4.548978,2.4858708,0
1.8594648,14.554725,0
0.24685182,-2.4631543,1
-1.9747647,11.071035,0
-4.952201,12.872276,1
10.920401,13.478223,0
12.873388,4.246606,0
13.362467,10.030952,1
14.220854,3.5932333,0
4.9860287,12.244915,1
13.534135,10.039594,1
-5.3341303,2.8520844,0
-4.71036,10.935331,0
15.113721,3.893775,0
-1.8428947,-1.8109812,0
-1.1704137,-1.5594438,0
-0.0064725373,6.1956096,0
8.481521,6.0108533,0
-4.7194066,13.180489,0
11.16004,12.976877,0
10.361549,12.108281,1
-1.9116725,-2.930453,1
-0.6388927,-3.0183153,1
11.4191675,12.656947,0
0.94009364,-1.5988741,1
-1.9130275,-0.8881462,1
12.905725,3.955891,0
13.830042,9.952049,1
8.364538,6.1210623,0
-1.4370823,2.2929308,0
-6.444627,2.8607817,0
13.306317,10.3348875,0
7.0302987,2.4088974,0
13.520006,-0.5196585,0
-3.5876448,10.5295105,1
7.869043,5.9630237,0
2.8850448,12.333341,1
-3.3236022,13.1096525,0
4.871165,12.613677,0
4.726658,14.782045,1
-1.343444,-2.04093,0
0.77422243,8.078731,1
0.76077616,-1.4048355,1
-6.7588534,2.9356263,0
0.72275984,5.535783,1
11.664884,-3.3381333,1
13.34621,-3.453152,0
9.409498,1.0543499,1
8.38037,5.8326106,0
-0.64224255,-2.4810584,0
0.088403724,5.5611105,1
4.5268207,13.439106,1
-5.8487406,8.344626,0
-1.4604236,-0.68107563,0
-4.9041085,4.6844726,0
-5.378074,11.672544,0
-6.0954313,8.265767,0
-0.1498207,-1.1340802,1
-2.6584134,-1.8845209,1
10.7591715,11.9118595,0
9.48491,1.3131435,0
-4.0813255,12.8910675,0
9.060563,0.70632344,0
-0.92454135,-1.0512922,0
14.193662,9.2207575,1
-1.7361344,10.275038,1
-4.6292624,12.959349,0
0.28333807,0.7800235,1
7.9409127,2.763815,0
9.522558,11.815206,1
-1.0633447,9.944207,1
9.684993,1.578313,1
9.044878,0.41215616,0
1.6726534,14.6021805,0
14.102082,9.966469,1
-0.97615045,9.919504,1
7.3640866,6.131395,0
13.841534,4.5709567,1
1.1312634,5.8245344,1
10.567945,13.756907,0
-5.899164,11.548448,0
10.529782,11.60087,1
-3.7878432,10.941844,0
13.746253,9.041094,1
1.4870503,12.741383,1
-0.03480427,-3.0479507,1
0.036908418,-2.957261,1
4.4746842,14.569875,0
-2.0828135,-1.215941,0
11.34615,13.190637,1
12.195153,-2.8602183,1
7.963528,2.6840594,1
-1.9117986,-1.0756277,0
1.5257275,4.4805536,1
1.3947407,-1.9885442,1
-1.7052138,10.888594,0
-0.09605072,-1.1412786,1
9.977899,13.132258,0
0.44454995,7.2179523,1
9.401192,0.7822382,1
7.5130777,5.890138,0
15.070739,4.035093,1
0.48000705,-0.3147277,0
13.295571,10.050701,1
11.409826,13.054947,0
1.2002928,6.2193866,1
-1.9485866,11.074286,0
0.3151274,5.9896564,1
13.262107,-3.701784,0
10.778312,11.639395,1
-5.112619,2.2634976,1
0.7798044,-1.4435216,0
11.374502,12.584941,1
-1.2522972,-2.7100868,0
-2.2669709,10.583203,0
13.1659975,4.4318466,1
-2.1435282,10.147831,1
-1.9775312,-2.9579523,0
4.2616343,13.046586,0
-4.9092507,2.7442348,0
10.50913,11.629707,1
-1.7126839,-0.86141664,0
10.798365,13.391577,0
7.410589,6.4688835,1
-1.3889167,-1.05369,0
3.1591125,11.788496,1
9.230684,7.2125607,1
9.899873,12.595859,1
-0.8947366,-1.7310683,1
0.60892385,5.000184,1
-1.4495935,9.718078,1
0.9247703,14.300775,1
1.1698198,7.4454675,1
4.6625633,15.082889,0
1.333627,-2.8778815,0
-4.9965825,2.6936407,1
15.63515,4.2902937,0
-4.701959,11.229844,0
-5.4282336,2.3343563,0
4.2655573,12.642734,0
0.16362664,5.5067515,1
-0.8561504,2.2781632,1
-1.8908085,10.499756,0
-1.2101202,1.510899,1
-3.7165666,12.413684,1
-1.9309715,-1.3827324,0
-1.3094182,2.3045473,1
13.6058655,-0.31992134,0
1.4904175,4.485173,1
-5.0903864,2.9621868,0
1.5824996,-2.1706238,1
7.7427564,5.853072,1
-5.274237,11.267121,0
0.75133187,5.3646116,1
-4.263407,10.8938055,0
-0.32118177,2.0060027,1
-4.341292,11.395719,0
0.35457835,-0.13266991,1
12.709316,-2.9809003,0
13.341237,-0.25868735,1
12.820643,-2.0326657,1
12.661512,-2.1442776,1
-1.3260031,2.3356864,1
10.502988,12.439713,1
14.645687,9.929655,1
1.3553826,-1.9414278,1
-0.9278239,1.2889969,0
4.786812,14.961302,0
13.233993,-3.7148294,0
15.65944,4.3173347,0
9.926235,1.2168739,1
-0.83987886,1.373894,1
14.19165,9.1171875,1
-0.047789216,5.925548,1
9.789479,1.5093814,1
-1.4324272,10.539024,0
11.724386,-2.9130464,0
10.417183,11.797758,1
-0.31735042,2.3688164,1
7.027282,2.3671117,0
0.7237687,0.14697926,0
3.850147,13.481623,0
-4.9912825,12.975964,0
-6.1997313,9.381655,1
-3.8255978,12.690257,0
13.054927,4.389248,1
-6.032699,3.6551883,0
-0.88324094,1.4306812,0
2.686558,12.143103,1
15.699838,4.1880865,0
0.28611803,5.077002,1
-4.778843,11.308042,1
9.131719,0.68080693,0
9.747065,7.3658714,1
1.3122848,7.2402496,1
-5.764021,9.514445,0
-5.8810854,3.431468,0
-3.2425702,2.759877,1
12.631401,-2.2057536,0
1.0319792,7.280791,1
9.046804,0.51163954,1
4.788617,14.922247,0
-2.1589358,11.184351,0
7.6181197,5.646086,1
-0.4316909,-2.9546785,1
13.020571,-3.5872731,0
-4.332695,12.474921,1
0.67434317,8.271039,1
-5.248118,3.4755483,0
-3.4392483,12.871719,0
-1.3160703,9.502477,1
-6.29039,2.6099544,0
13.51268,-0.076299906,0
7.3585877,6.0641465,1
-2.2508366,10.165731,0
-0.25632602,-2.148951,0
7.2061334,6.5086713,0
-1.4873023,9.992141,1
-4.2885785,13.180306,1
-5.745933,12.361385,0
-1.9362708,-0.3127083,0
1.3321706,4.53934,0
-1.34961,-2.4413567,0
1.5680708,14.661832,1
-4.727011,11.758729,0
-6.171737,9.012672,1
14.113123,9.753584,1
7.400389,5.862724,0
-4.423807,10.696496,0
-5.1549726,12.574086,0
-5.769623,2.7641883,0
9.816593,1.3538136,1
-1.9915788,-1.2874825,1
3.7924936,12.085702,0
4.594356,13.054237,0
13.928506,10.114347,1
-1.8483986,-1.9611404,0
3.582305,12.044188,0
11.026441,13.766058,0
13.022578,4.1309824,1
13.446669,0.017830757,1
1.0390141,-2.9756808,1
-5.0073204,4.5586996,0
8.126285,5.5489655,0
-2.9936862,-0.89843374,0
0.08065196,5.4742765,1
1.2612747,14.253815,1
9.515897,1.6210889,1
-5.731151,3.3723626,1
4.5983987,12.769827,0
-1.1660033,2.5221107,1
0.58176756,7.578822,1
14.570179,10.032771,1
13.129032,-0.34480128,0
-5.8014555,2.8171039,0
15.246316,3.9463038,0
9.553082,0.40295458,0
-5.8769836,11.4914255,1
10.570574,11.509194,1
0.36104307,5.093979,1
13.31202,-0.23814328,1
9.418179,1.2886742,1
-4.374554,2.444214,0
13.859992,4.3811784,1
8.2151375,6.063637,0
-4.367344,10.366604,0
-5.934691,11.567264,0
3.801017,14.10127,0
9.642295,1.0200813,0
-1.6024613,-0.1124557,0
-5.9993935,8.925316,0
-6.3048596,3.0620732,0
4.980034,12.408271,1
0.39231762,6.168267,0
13.198559,-3.2791305,1
-5.7339225,8.394085,1
11.294042,13.110793,0
0.87853396,7.7602277,1
13.796001,9.855131,1
9.280595,0.6972419,1
4.5076046,13.134354,0
-6.159112,8.855348,0
-1.4158806,1.1089507,1
-6.005805,3.689965,0
1.6264818,-2.0759835,1
-3.7828887,11.621425,1
9.661633,1.2129374,1
0.19045648,5.223742,1
7.213357,2.7415133,1
0.50411075,6.5061564,0
4.4712405,14.196781,0
0.39589143,6.686493,1
12.347949,-3.540092,0
4.505966,14.539151,1
-1.6607931,10.095191,1
15.080316,3.9597683,0
13.309216,10.096921,1
13.475773,-0.04370079,1
-5.4941487,2.6265028,1
10.067308,13.17634,1
0.8317217,5.766903,1
-0.9438853,0.646347,1
9.950494,1.6397319,1
7.074747,2.6179616,1
-6.0937524,8.963897,0
-4.067,13.020199,0
0.066528976,5.6737146,1
-1.0316582,-2.70665,0
-5.536649,11.550065,0
0.93328017,6.1461287,0
11.300775,13.211752,0
10.371684,1.2440233,1
-3.4049373,13.342839,0
14.251703,3.7544134,1
-1.0425085,-2.174362,1
1.000885,-3.1564872,1
13.496907,8.889122,1
-4.6505365,12.993435,0
9.333086,0.78561753,0
-3.9960034,13.261655,1
0.6770642,4.512901,0
12.495545,-3.28468,1
12.434412,-3.3859596,1
9.806656,1.3955963,0
0.051335014,5.620556,1
13.492756,10.284961,1
1.30951,14.056804,0
0.774801,-1.8959554,0
-6.3287067,3.550952,0
8.889317,12.677217,1
10.258202,12.262585,0
0.81193537,5.7545934,1
13.782759,9.0888405,1
0.16227469,-2.7848363,1
4.9833846,12.619014,1
4.3775053,12.76469,1
-5.2808795,11.4894495,0
1.4497216,-2.977932,0
-5.720611,2.6093774,0
9.390262,0.90686464,1
12.963969,4.3414483,0
2.828655,12.077769,1
-5.7400312,3.407657,0
7.8999343,6.934174,1
-5.9930716,9.434342,1
10.941068,12.362103,1
0.3639712,5.979758,1
9.891509,12.475034,1
14.706311,9.655212,1
8.039157,2.3418105,1
13.288578,-0.2572448,1
-3.1903512,12.969988,0
0.66627526,8.140956,1
-1.5485934,1.2642354,1
9.973137,1.6736137,0
-4.722538,13.190803,0
-0.17544754,0.58944,0
15.688996,4.297333,0
13.6541815,9.089486,1
-4.624607,10.961648,1
1.1096724,-2.7825332,1
-4.231335,3.5787756,1
1.42771,12.891424,1
-1.6613047,2.1007824,1
9.2361355,0.59329987,0
12.8272295,4.1152105,0
-1.2575485,1.1310209,0
13.786658,10.7030735,1
0.28765008,4.992075,1
-3.5175693,12.190064,0
6.981955,2.3841097,0
-1.9308674,-2.9472265,0
4.3704586,14.488396,0
12.149339,-2.977613,0
13.07199,4.4340625,1
1.3474858,13.250642,0
-1.0698133,9.993998,0
-2.411581,-1.0581386,0
10.960381,12.367554,0
0.7346007,-1.6023437,0
11.37418,12.540835,0
0.09525495,6.5101905,1
-4.7031384,3.2165008,0
-5.22291,11.450582,1
14.443481,10.334979,1
13.664989,10.610509,1
-6.512399,2.8961625,0
0.14844805,-2.9476125,0
-5.1809373,12.938962,0
9.827981,1.1810302,1
-0.23451719,0.57580787,0
11.909322,-3.1430147,0
13.82103,10.141237,1
10.686264,13.878487,0
-5.6654143,12.179517,0
0.9093623,-2.0951898,1
-4.335935,12.738474,0
-1.7466372,2.0224488,0
10.536858,1.4826299,1
11.167052,12.610658,1
-1.877524,9.986639,1
-5.9880323,2.8522644,0
13.409965,-0.34214324,0
0.36435094,6.57538,1
9.67484,0.9254918,1
1.645286,4.8555017,1
-6.0639524,3.5101051,0
13.629719,9.324901,1
13.703856,9.674364,1
-5.9095025,2.2573144,0
4.79277,12.31706,1
0.554065,-2.9502494,0
-6.966428,3.3562107,0
7.773407,2.3085961,1
-3.842443,12.861905,0
3.5131853,12.636371,1
1.0564789,-1.3829465,0
7.8770037,5.810365,0
9.85784,1.3199809,1
9.502121,0.5263635,0
1.0125419,7.570914,1
-4.437177,10.638383,1
15.333012,4.0727715,0
10.479936,12.014004,1
15.194713,3.890447,0
-2.6832738,-1.8650236,0
10.92715,13.712308,0
1.5241663,13.541254,1
4.176824,13.1276045,0
7.891851,2.3090386,0
-0.55677265,2.28543,1
8.246403,6.6590624,0
1.3925453,4.41602,0
1.3181281,6.665509,1
8.110427,6.8345327,1
-1.7716904,2.009853,0
-0.33787063,-2.026203,0
-0.96745265,9.885052,1
9.963349,11.3017435,1
4.300568,12.747495,1
-5.2630696,11.245805,0
-3.9963195,10.797315,1
1.5246851,13.256619,0
9.865315,1.5493065,1
13.5897455,-0.0148043595,1
0.49481905,0.8906987,1
0.4026739,7.080611,1
-1.0853728,-2.677338,1
3.7587848,12.263198,0
4.70435,13.362003,0
9.865184,1.2933357,1
1.3330162,14.718163,0
-4.075211,12.760576,0
-3.9943335,13.157658,0
10.320459,11.495888,1
1.3790971,14.693734,0
14.397306,9.843133,1
7.4071503,6.340145,1
-3.9840417,2.7690692,1
15.117164,4.064741,1
-0.03279438,-2.8283541,1
8.990896,0.4760696,0
7.3412275,6.427697,1
11.721326,-3.012322,1
-5.849593,12.193197,1
-3.345822,12.419807,0
-4.1763053,12.105702,0
-5.509176,9.320438,0
0.57900697,6.84812,1
-0.34908855,2.046743,0
0.78412527,5.893435,1
-4.389159,10.597211,1
14.344391,10.0354805,1
14.091492,9.179821,1
10.096341,13.199845,0
0.11673979,0.85623544,0
14.20973,3.7273185,1
0.43470788,6.3473544,1
4.0582223,13.804725,0
-1.5633826,10.471007,1
13.385634,4.5516176,1
9.205432,6.981583,1
4.015807,12.820562,0
-4.717736,3.9220138,1
-6.083393,11.702603,0
-4.6953573,3.8299887,1
12.781256,-3.301218,1
4.592149,12.720189,0
7.213157,6.61534,1
-6.0924573,3.5026224,1
13.240644,-3.6774228,0
-1.3324913,2.3155472,0
9.878686,7.488931,1
13.07003,-0.14663236,1
3.8253722,14.00956,0
-5.953364,2.3198493,0
0.30647796,0.917618,1
-4.9906373,2.2045462,1
15.706974,4.3734446,0
13.376424,-0.42076412,0
12.476263,-3.1091282,0
0.30221015,6.753381,1
3.867778,14.053805,0
0.7212661,5.924794,0
12.4137125,-2.8840375,1
6.975848,2.3076112,0
13.505294,-0.28650507,1
9.346395,0.65623045,1
-6.012909,9.396897,1
-1.3195237,-0.15859587,0
13.217934,-3.6992133,0
13.577474,-0.5039895,0
7.715103,6.2563486,1
-4.0388284,12.187705,0
1.4838653,14.645384,0
-6.780601,3.3909826,0
10.977193,13.829394,0
13.813416,9.847369,1
-1.8769898,10.012263,1
9.122678,12.167077,0
10.79512,12.368578,1
9.021351,12.329969,0
10.342426,1.2626438,0
-0.52477676,-2.482471,1
9.004297,0.5034767,0
0.4730581,-0.41532007,0
9.476765,0.85131305,1
7.657688,2.794961,1
2.6997426,12.263172,1
8.230398,6.5019283,0
-5.172766,1.9740348,1
9.8238325,12.147461,1
12.512173,-3.1086357,1
13.229494,3.8418894,0
14.56402,10.0108,0
-1.6791127,-2.8405895,0
0.21486473,-1.8678811,1
1.179436,14.172655,0
-4.287127,10.96051,1
1.8042839,14.293323,0
9.24869,0.41610292,0
-4.2095575,11.2333355,0
-4.615508,11.285306,0
9.244767,7.096761,1
13.523963,4.360855,0
4.5256596,14.701414,1
14.291488,9.7497225,0
1.6361854,6.477435,1
12.46839,-3.565942,1
14.4982605,4.1610827,1
-3.9751744,12.598554,0
1.257176,-2.270427,1
-5.9876,11.443172,0
-4.686681,2.5545073,0
1.0929203,7.4557486,1
-6.0408745,8.640461,0
10.3964205,11.979889,1
-3.4213433,12.593757,0
7.351544,2.3579254,0
1.1721128,6.7250285,1
14.195292,9.228586,1
-5.594045,11.314036,1
0.9998675,14.377831,1
-0.9194643,2.034378,1
-4.9553914,3.3635294,0
10.692314,12.965193,0
8.01589,5.6501975,1
3.8312957,12.650351,0
0.7933919,-2.2481318,1
-4.6877947,11.608729,0
-2.1045997,10.243502,0
-0.0487953,-3.3430905,0
9.895338,7.487409,1
0.69370526,14.273316,1
10.181536,12.707391,1
10.209734,12.249959,1
0.25071052,1.3398492,1
0.35840482,6.340858,1
14.181017,9.980532,0
-0.79982674,-1.9730424,0
-5.191762,12.358642,0
-4.218337,10.9314,1
4.663348,12.785157,0
2.6497228,12.184384,1
1.288044,-0.94231254,0
10.992177,13.60141,1
4.489314,12.778271,0
-1.8869957,0.7004164,0
-4.866221,11.711571,1
0.91525537,7.891533,1
-3.5418563,13.229181,0
-0.7777435,-2.5490842,1
4.579244,14.979116,0
-6.6761594,3.557656,0
12.099434,-2.9536147,0
0.4329395,-1.1204394,0
11.120185,12.193452,0
-3.6047356,12.795022,1
-0.6250107,-1.5175248,0
-5.7957006,9.291847,0
1.1334709,7.1318984,1
10.759128,13.660139,0
-6.1716094,8.864594,0
-4.2228656,2.6459816,1
0.5825456,0.49270305,0
13.148138,-3.7617328,1
0.23829925,6.790631,0
-4.732772,4.2083383,0
-2.8569126,-0.91831934,0
-1.9422292,-2.6670687,0
11.766434,-2.8204448,1
4.5631957,15.069481,0
7.5392485,6.503148,0
7.001708,2.3616335,0
14.189218,9.219876,1
-0.8184598,1.4145011,0
1.5811988,-2.4593022,0
4.9362736,14.528379,1
1.2457138,-2.3151186,0
7.3798647,6.248674,0
8.18307,6.638146,0
9.378731,0.65111923,0
12.581425,-3.0165257,1
14.782367,9.890192,0
1.0634831,-0.29676673,0
-1.5153812,2.269248,1
13.996259,9.670389,1
3.3507955,11.959321,0
12.235942,-3.0098553,1
-6.01057,8.989303,0
1.8922371,14.5978775,0
-1.938629,-1.0202808,0
-6.364976,3.444563,0
15.11913,4.143357,1
15.62282,4.2914553,0
11.292347,13.191032,0
0.6938481,7.712182,1
1.5028929,4.8020096,1
-0.9376661,-2.2059917,1
-1.1899277,-2.6263278,0
7.778955,6.858515,0
1.000079,4.4510174,1
-5.666192,3.4219468,0
-0.012894612,6.144437,1
7.8032255,5.618769,0
4.317311,12.803137,0
-5.0642323,11.713186,1
10.870434,12.399769,1
-4.067174,13.295977,0
-2.2693136,10.838937,0
1.0443972,-2.9308233,0
13.356497,9.656565,1
9.66102,1.5091729,1
9.446121,12.476359,1
1.7040266,4.9863963,0
3.863215,14.105332,0
-4.954605,2.0386508,0
11.396143,12.720065,0
14.686749,10.1016,1
10.550177,13.983795,0
-6.4596624,3.5627136,1
9.588392,7.255109,1
13.811855,10.020027,1
5.059246,12.511528,0
12.894323,4.24235,1
0.9653743,5.5683904,0
8.348256,6.0020275,0
-4.389163,2.9047604,0
3.627015,12.027605,1
12.53237,-4.035327,1
14.116091,9.118719,1
10.474235,11.376284,1
8.243413,5.559166,0
2.9972456,12.145489,0
7.263504,6.1041484,0
0.36125022,5.0210967,1
-4.6132946,2.540479,0
12.500874,-3.4600637,1
-6.025029,9.358895,1
9.99879,12.620338,1
12.093925,-3.4971156,1
13.616067,-0.0894294,1
0.62825507,-1.9530838,1
1.7090596,5.9066405,1
14.629964,10.258527,0
9.823624,1.2541811,0
4.3866425,13.315386,1
4.076376,12.409161,1
3.7407086,13.507699,0
0.42072475,6.7940803,1
-1.7273705,10.819341,1
15.116265,3.9069417,0
12.924287,3.963211,0
1.6027281,-2.7080433,0
3.930137,11.972109,1
0.37399608,-0.8490427,1
-1.3423017,-1.9414904,0
8.3939,6.053413,0
0.16839814,-3.0416234,1
9.716805,0.5786332,0
-5.4818764,12.00536,0
3.5142689,12.728112,1
14.000388,9.335876,1
10.539069,1.29211,1
-1.5259614,2.2794197,1
14.211792,9.258595,1
4.728497,13.138638,1
-0.36666545,-1.1720558,0
10.410067,11.7381525,1
-5.7456646,8.442161,0
8.323023,6.0297375,1
-6.129747,8.84261,0
2.8081725,11.787698,1
13.258613,4.441165,1
14.4381485,9.315451,1
-5.0954995,2.3524761,0
0.096652076,-3.3155622,0
4.0858088,12.104168,0
8.4795265,2.8710709,1
-1.3055239,1.510333,0
-5.5834312,2.3856955,0
1.0894252,14.00725,0
13.199048,-3.7382023,1
-4.1272817,11.183485,1
-5.124409,2.9443007,0
-0.87092763,-1.5298849,0
7.5797863,6.2554502,1
-1.0300542,2.2687428,1
4.13049,12.214357,1
8.519387,5.9751315,0
9.384417,1.2089804,1
12.603491,-4.1933913,1
-0.73684895,-0.7718556,1
1.3443671,13.246937,1
10.623354,14.030607,0
12.844472,4.2235155,1
10.552228,11.90387,1
-4.99062,2.5175445,0
10.286618,12.118041,1
-5.1238656,2.0047944,1
1.7333724,14.68311,1
3.2077947,11.75421,1
4.2797227,14.596348,0
-1.903379,9.999254,1
4.7682776,14.775372,0
0.01634855,-3.110454,0
0.58128697,14.053018,1
9.302742,7.323812,1
1.4235569,13.549767,0
-4.9629493,4.3048086,0
-1.6659502,-2.5664713,0
4.9243298,12.694431,0
1.439582,13.78282,1
13.279535,10.333258,1
14.776335,9.893046,1
-4.9865994,12.973547,0
1.191074,6.233102,1
-6.1106987,11.478004,0
12.694556,-2.234723,0
-4.9494014,12.876868,0
7.3348155,6.5088797,0
1.0568231,6.0983257,1
13.231646,4.030487,0
-6.1907473,9.046208,0
-5.1045074,4.5060444,0
-5.8785315,2.1105394,0
4.020169,13.27231,0
-0.5073416,-3.21718,1
11.777247,-3.3688152,1
-2.7811244,-0.92047745,0
1.2898208,4.524282,0
3.7385113,11.949784,0
1.1609193,14.02183,1
15.062003,3.8883276,0
-1.2773056,-1.1543969,0
-1.881803,-2.8867688,1
13.936209,10.647244,1
10.493411,1.3071376,1
12.44757,-2.8098154,0
-3.4370358,3.572113,1
-4.550527,11.152902,0
1.221577,-2.7811048,0
2.9070284,12.263981,1
-4.850261,2.8719888,1
-1.7599128,9.999273,1
-3.5940976,13.23456,0
-1.1277813,10.000618,1
1.6479108,14.78562,0
11.322252,12.818419,0
4.695056,14.864003,1
3.3191617,11.9065075,1
9.918452,1.7462116,1
-4.1221175,11.068041,1
12.245307,-3.425288,1
-0.42369363,-2.9881275,0
4.2422886,15.366306,0
12.379415,-2.264352,1
-4.552927,12.456616,1
9.743732,7.364921,1
11.313631,12.767818,1
0.24504164,6.808203,1
-1.8873885,-0.50105596,1
0.040009975,5.73349,1
-6.1919446,8.926519,0
7.628032,2.7211897,1
-1.0478446,1.7192411,1
15.189421,3.9021964,1
-4.298177,12.265043,0
-0.37256795,2.1987567,1
11.223694,13.235769,0
13.451471,-0.6557924,1
-0.6419329,9.151802,1
4.3480988,12.214989,0
13.824367,10.295422,0
7.4385486,6.41691,1
13.334128,9.705341,0
9.342465,7.10924,0
-5.0699806,3.957162,1
-2.3038006,-2.1236396,0
-1.0908175,0.10387965,0
4.030551,15.057237,0
1.0908151,-2.5169077,0
1.5470808,6.2952714,1
13.2156,-0.48294893,0
-1.8811171,9.9115505,1
0.80600876,5.2996635,1
1.1972574,14.590662,0
1.2794218,-1.1705648,1
12.407919,-3.4783754,1
0.693697,14.088816,1
13.218617,-3.7169993,1
-0.48017588,-0.43352267,0
-6.147742,2.457334,0
12.536347,-2.185388,1
-6.902146,3.1576135,0
4.925334,14.680893,0
7.008691,2.3828444,0
9.29818,0.6484589,1
10.496291,12.159794,1
4.5212455,13.412702,0
13.609447,-0.56485474,0
9.459311,0.4570485,0
0.29563427,5.044862,1
1.4405707,6.10148,1
15.057825,4.0124183,0
-2.5439293,-1.4609072,0
0.84662426,5.625279,1
11.2512,12.123778,0
-4.9613605,11.174119,1
0.0020391345,6.1581264,1
-0.004713255,5.6231327,0
-6.0415187,8.233158,0
-5.4061007,11.099135,0
11.681658,-3.298874,1
8.239957,2.4183023,1
2.6510208,11.705848,1
13.257311,-3.6607351,1
-0.62305737,0.65113,0
0.6919968,-2.707568,0
8.987975,0.48031798,1
8.297711,2.3205912,1
-6.173963,2.5248287,0
10.994766,13.272039,1
7.673929,5.9181466,0
-1.2402115,1.081847,0
9.032423,0.43229607,0
-1.3497045,-1.101806,0
13.709785,9.210398,1
12.2342415,-2.8194363,0
4.2489147,12.158461,1
11.323877,13.230682,1
-3.3262541,12.443073,0
-6.2341056,9.331172,0
13.428728,-0.46924666,0
8.012201,2.3308907,1
9.778787,0.9274585,1
-3.3322668,13.155504,1
7.2388067,6.756302,1
-1.2946852,-2.9519608,1
-5.3763566,12.51996,0
-3.32349,12.323504,0
-6.0006304,9.415671,0
13.331199,4.071154,0
-6.063203,8.292534,0
12.741272,3.880391,0
-0.16547947,0.13580316,0
1.4543965,-1.9426771,0
-1.6630251,2.3587325,1
9.763862,1.3545711,1
7.862228,7.0080447,1
-2.6094613,-1.9239874,1
10.388605,11.948113,1
3.7210586,13.393485,0
13.271212,-3.6753075,1
3.773041,13.859466,0
9.113119,12.266254,1
-6.4249663,3.0621524,0
4.82726,13.03891,1
8.365115,3.2845726,1
-6.1098075,11.498398,0
-4.258511,3.0117617,0
1.7453418,14.811561,1
1.5795949,6.7603626,0
-4.173875,11.673564,1
0.23233725,-0.39352405,0
8.105314,5.5357704,1
13.580261,-0.26736093,1
8.450472,6.112512,0
-3.2810354,12.975246,0
8.508297,6.1210203,0
2.7279518,12.297482,1
12.457001,-2.8545012,0
0.16191207,-2.6625402,0
4.5310936,13.421949,1
0.42483371,0.099828824,1
9.692779,1.6552863,1
-4.4859886,3.8442118,0
-0.26656038,-1.9998935,0
0.1488172,5.825466,1
6.9922276,2.3427305,0
4.0177326,15.010919,0
0.11597984,5.4635077,0
1.2808661,-3.035271,0
13.13234,-0.36617765,1
12.581826,-3.1528327,1
-0.8952288,-1.9264946,0
7.577928,2.43171,0
-0.8001472,1.976739,1
-4.3938117,4.1996546,0
9.193951,0.5990311,1
7.439238,6.04455,0
7.864526,2.7549515,1
-1.6694667,10.8907385,1
1.1806315,14.602894,0
12.874131,-3.7031238,1
-5.3598423,2.5648494,0
11.683438,-2.840717,1
12.965298,-0.34758726,0
12.795367,-0.015828533,0
0.8384576,-1.9069598,0
14.021187,10.318693,0
-1.6380806,-1.5692657,0
4.4002914,15.28908,0
-4.044549,12.818103,0
14.31974,10.033197,1
0.72371376,-2.236846,1
1.0476482,-1.3040786,0
-4.8924513,2.1823204,0
-2.7708569,-0.6642674,0
4.8523474,13.043495,1
1.3385538,14.665395,1
-5.0806184,11.8138485,0
9.805774,11.58846,1
-6.8631897,3.1376042,0
-1.6334276,1.1507555,0
2.865906,11.9086685,1
4.980909,12.233599,1
-1.9211234,11.030471,0
-5.7240353,9.170401,1
11.172745,12.579044,1
-5.657984,2.8197582,0
11.344588,13.162224,0
-1.0638542,9.984252,0
9.94056,12.665562,1
-5.9607882,8.610525,1
1.3144685,-1.9092317,1
3.3332,11.882625,1
0.24449235,0.056784615,0
-3.6670787,12.018689,1
-4.967348,12.836198,0
1.2744006,14.544237,0
10.274806,12.04851,1
-6.0895796,9.005477,1
8.146729,6.15925,1
-6.1095634,8.371367,0
-5.093511,2.4281814,0
12.532032,-3.7773714,1
-6.051473,9.340253,0
15.889818,4.516684,0
-1.1629971,-1.0988358,1
7.555803,5.7306166,0
14.126104,3.7387898,0
9.891806,13.273544,1
-3.2907329,12.501677,0
15.672389,4.3129306,0
13.553525,4.2641053,1
3.5274498,11.759682,1
-5.3950768,2.2141566,0
13.3082485,-0.5575505,0
10.745685,13.954361,0
-4.486081,12.001167,1
-3.9572935,13.210127,0
4.276935,13.220711,0
9.924064,12.394443,1
-4.9226847,4.0553684,0
-0.9524764,1.767011,1
1.1402984,7.4927144,1
1.4415438,13.265196,1
13.380931,-0.23093605,0
-3.1958144,12.859688,0
-0.11322383,-2.9564037,1
0.29425478,5.6654997,1
13.615907,-0.45301613,1
-1.7139779,-1.3063077,0
3.7796097,14.064963,0
-6.2882056,3.5001478,0
-5.9671946,8.889123,1
12.792027,-3.6890218,0
1.1136034,14.530349,1
-1.3806777,1.3346304,0
-0.58463925,-3.2753732,0
11.215342,12.156634,0
1.4891441,-2.5838418,0
11.758593,-3.3196287,0
-3.6772876,12.970834,0
0.9475621,13.616536,1
0.35075703,6.9559503,0
-1.7191397,10.3265085,0
-0.7998922,1.2972676,1
10.056512,12.805883,1
0.27642456,6.8697844,1
-3.9804232,12.629519,0
-1.3921783,10.197799,0
9.364074,0.7572714,1
0.5223471,0.020223383,0
10.508463,12.263829,1
0.18438978,-2.2451775,1
-6.819462,3.3457923,0
1.3833046,-1.7776113,1
-0.58370245,2.2234647,1
7.410666,2.2686818,0
-3.0237284,-1.0362592,0
-1.7025876,2.4877212,1
3.041771,12.049324,1
-0.62814295,-1.502596,0
-1.9916434,11.068302,1
4.8090563,14.858282,0
8.252558,6.7361107,0
-1.4250883,-1.1026717,0
1.7493383,6.455861,0
-4.638153,4.1747046,0
-6.127614,2.557687,0
1.1469326,7.524724,1
3.1728628,11.676681,0
-0.006668766,5.6466966,1
-4.294702,11.453734,0
12.88313,4.0264163,1
-0.118253775,1.2749327,1
9.056393,12.308901,1
9.006776,12.556458,0
8.300877,6.640841,0
-4.0404677,2.7332928,0
1.4277365,12.999426,1
14.234582,9.297802,1
-4.57176,2.294394,0
13.258186,3.7539306,1
-5.5759997,11.77973,1
10.401074,12.270986,1
1.8081676,4.984114,1
12.859435,-3.4597542,1
1.7929678,14.84825,1
11.87678,-2.8939068,1
11.906715,-2.9673777,1
6.987435,2.3298085,1
8.232034,5.5179424,1
0.739695,-2.5413532,1
0.42966336,-0.35993916,0
-3.863084,13.278337,0
0.89730877,-1.0061488,0
1.0497938,6.6029167,0
-1.7467064,9.88315,1
10.002494,11.327833,1
11.994109,-3.211695,0
-4.4702015,3.0208728,0
-4.064272,13.225499,0
8.052725,5.654214,1
0.54874825,5.5334997,1
9.636442,1.4751152,0
-5.6937776,9.124199,0
-6.7127795,3.3778517,0
10.688352,13.81946,0
13.043818,-0.35167578,1
9.687713,7.327052,1
1.6326085,13.51888,1
0.6507384,13.924507,1
15.379973,4.1522207,0
0.41715014,5.173006,1
15.08509,4.0126514,1
-1.6848481,10.010218,1
13.597596,-0.29308593,1
8.433772,2.6160176,1
1.7328426,4.7773128,1
12.965598,-3.3968227,1
1.0634584,-0.7076897,0
14.461571,10.377917,0
-5.1461773,2.143255,1
14.3058,3.7144887,1
1.6532185,4.7007976,1
14.630057,9.456159,1
7.6326423,6.09849,1
-5.8287416,11.464078,0
8.357166,6.5650344,0
-0.5458271,1.6167945,1
0.8438423,-0.036584005,0
3.8431668,13.502833,1
-4.061821,10.590219,1
-2.0839722,2.8465493,1
2.8691893,12.525425,1
10.250254,13.529082,0
-3.3114645,13.260633,0
12.886928,4.185133,1
7.1783032,6.5831256,1
-2.075372,-1.254087,1
1.0219238,14.477402,1
7.139693,6.7750134,1
10.723712,12.561277,1
4.402401,14.986392,0
-3.7196267,13.119827,0
-0.92650014,2.2858324,1
14.072102,9.692963,0
-3.8808823,13.143775,1
7.9888663,5.5536094,1
7.1485295,2.3739338,0
0.0749891,-1.0716189,0
1.6270745,4.726025,1
-5.223584,12.939162,1
9.625988,0.4896515,0
12.567544,-3.1097012,1
12.603422,-2.1622467,0
1.8291419,14.671684,0
10.862522,12.990739,0
4.7978516,14.817372,1
0.4575945,0.1038434,1
10.035737,13.430482,1
-0.24828637,-2.3463793,0
-5.3288403,2.21624,0
-5.4043546,2.5217743,1
-5.7513127,12.215629,0
14.832721,3.9375563,1
10.558043,1.4780328,0
7.312494,6.328386,1
10.5746765,1.4324043,1
7.402269,2.2512918,1
9.262173,12.451511,0
-4.055414,2.8459587,0
-1.9954053,9.982899,0
9.7068,1.534193,1
8.1796,2.5525696,1
-4.0415463,13.437998,0
-2.9406106,-1.3070929,0
3.3022156,12.517665,1
13.595742,4.240984,0
-0.09728608,-1.4045208,1
8.153607,5.764696,1
-1.4506842,10.364795,1
14.833133,4.317458,0
15.39415,4.1558943,0
9.2063465,7.0095716,0
0.83616215,14.334739,0
12.043406,-3.0024362,1
-0.7630061,-3.308966,0
0.44171777,5.5155506,1
0.30819604,0.25017637,0
12.757486,3.840565,0
9.168143,0.567675,0
3.7683816,13.860481,0
9.942485,13.242796,0
7.5161824,2.8079302,0
0.86983645,14.24813,1
-3.319488,13.046666,0
-1.8716645,10.89556,0
-1.909303,11.051676,1
1.4019821,13.070766,1
9.874138,13.232037,1
15.1122675,3.9415774,0
9.750085,11.716179,1
1.8267496,14.767629,0
9.317495,7.3492837,1
13.573931,-0.3446293,0
3.994562,15.150552,0
1.3266077,-0.8913875,1
-5.7500377,12.373992,1
10.532083,12.258188,1
7.3017154,2.34055,0
4.248017,12.732947,1
2.7137506,11.293925,1
0.79697555,5.1499076,0
-6.098104,11.692186,0
-0.61169857,-0.19656734,1
-0.4240203,1.168171,1
13.39251,4.228442,1
-3.6345286,13.204491,1
11.026593,13.70952,0
1.3987995,4.363077,1
3.6296654,12.9908,0
1.4627059,14.597589,0
-6.0431747,3.6655447,0
-5.107375,11.764491,0
4.5746646,12.816282,1
-5.376857,11.543136,0
0.9152712,5.687727,1
-4.9690676,4.0212274,0
4.377254,14.57449,0
1.14483,14.151672,0
-4.3460574,11.936334,0
-0.48652235,1.718725,1
-2.9229488,-1.3358274,0
7.8700733,2.2760093,0
9.743313,1.1178305,1
0.6120412,-2.73803,0
-4.754677,3.8827257,0
1.4325175,4.8362646,1
-5.2409406,2.0789304,0
12.696949,-2.1297584,1
-4.2318263,11.509321,1
-3.8886604,10.752006,1
1.5395769,6.6283956,1
-0.53498137,-0.48676524,1
8.241686,6.695713,1
11.19958,12.41742,0
10.521953,1.5460535,1
-3.7252362,12.919973,0
0.76123667,-0.092125446,0
-6.099592,11.681895,1
11.854329,-2.340416,1
0.04684104,5.673145,0
-5.6071806,9.301033,0
13.337172,-3.4054334,1
13.808802,4.354947,1
13.344486,9.827182,1
12.802826,0.06781992,1
11.920621,-3.4407794,0
-5.1000686,2.0050657,0
-4.992476,2.0118377,1
-5.671348,2.277459,1
-2.865826,-1.5131218,0
14.302037,9.985067,1
-1.3599883,2.3205705,1
-6.737719,3.5963326,0
-1.7358421,2.4123483,0
14.277729,4.2940354,1
-4.5274816,10.785946,0
-1.7178038,10.287939,1
-6.118512,3.4763026,0
7.7627068,2.329106,0
-0.28695485,1.1837935,0
2.5477445,12.036565,1
1.0117797,-1.3873538,0
14.673562,9.530094,1
12.982852,4.356859,1
7.663898,6.752026,1
-3.71871,2.8456151,0
-4.2358403,3.6667714,0
-3.64473,12.296738,1
-2.4862711,-1.9442382,1
14.508047,10.353064,1
-2.640651,-0.9601518,1
10.297811,11.478879,1
0.7728936,-2.4471226,0
7.104675,2.4445434,1
-4.49557,11.97027,0
5.027535,12.361,0
4.4548645,12.514684,0
4.124466,15.034121,0
8.481873,6.123589,0
15.660742,4.2602053,1
-5.3104796,12.872734,0
10.936572,12.420053,1
-1.0702845,-0.99654835,0
-5.524425,11.513756,0
-5.0829635,4.806304,0
9.421726,0.8985149,1
0.5180095,-0.7517072,0
12.287144,-3.5064194,1
-2.0672877,10.773101,1
5.0179563,12.3784,1
-5.758478,9.102553,1
11.319882,12.35562,1
1.250641,6.0448294,0
-4.6824837,11.108154,0
-2.7736073,-0.60080576,0
-1.849952,-1.0710069,0
-5.99723,8.50226,1
-3.537543,13.449383,0
12.468991,-3.321216,1
0.9289741,-2.1314225,0
-1.0776445,-1.412463,0
-1.4979601,10.084453,1
-2.6156871,-1.7627736,0
9.386024,1.1123416,0
9.135854,1.0811217,0
13.969693,9.415288,1
4.642845,12.411241,0
4.7817745,14.7346,0
11.3494005,12.57708,0
0.22313187,5.9000883,1
10.099625,13.54907,0
9.555784,1.5859503,1
1.3345562,13.584577,1
13.07971,4.5290484,1
9.233779,0.6017216,1
-3.65957,12.211154,0
13.415438,-0.5412362,0
8.909577,12.7668495,0
4.748225,12.676163,0
0.042149488,-1.1860286,1
0.47755632,-0.1903621,0
-4.5545797,3.7846937,0
0.74480504,7.5569706,1
13.294327,4.103456,1
0.5360382,-2.5077577,0
0.34227958,-2.981686,0
12.621167,-2.8181026,1
-0.8606751,1.3668616,1
10.86358,13.043012,0
-4.943487,10.998019,1
12.544404,-2.202774,1
-2.5190227,-1.549943,1
-6.0255294,2.2449305,0
1.5719244,-1.3498231,0
7.7989984,5.7681465,1
-0.3521832,-0.94458246,0
1.1589859,7.2455506,1
1.1908383,5.831147,0
1.4847419,4.374605,1
4.253082,12.274683,1
8.1140995,6.8868217,1
13.2899,10.100587,1
0.34669858,6.5461435,1
-1.8157096,-1.2500688,0
-1.2663215,-2.9559193,0
4.6802025,14.710282,1
-1.1775582,2.3096712,1
14.702936,9.488468,1
-3.5571501,10.445791,1
1.8180441,14.742436,1
4.079103,15.190622,0
-0.105014496,-2.9544437,1
-6.821995,3.5438085,0
9.014304,12.518322,1
0.38466352,-0.053586528,1
9.882799,13.134124,1
11.001229,12.129367,1
-0.1176773,0.18192226,0
14.488458,9.375179,1
13.509854,4.359955,1
1.1682906,5.4413304,0
-2.7222347,-0.5380294,0
2.8396723,12.370134,1
1.5126328,6.6497693,1
7.4017224,2.8540778,0
11.849982,-3.1707592,1
-1.32542,-3.0247767,0
10.7846365,12.395938,1
10.263359,1.5429413,1
9.911447,11.422836,1
-4.960711,11.907662,0
0.5800767,8.194944,1
9.290149,0.80012834,0
-5.7676034,12.318566,1
14.550294,9.348704,1
15.520657,4.214356,0
4.629141,12.873656,0
-1.539047,10.750579,1
0.016563857,6.051483,1
10.359176,11.905632,1
9.8155575,1.0462761,1
10.795504,12.323677,1
-4.875393,2.454291,1
0.116401,-3.2952733,0
0.38878375,-0.13605602,0
9.193815,12.674497,1
12.640812,-2.9092538,1
1.2541114,5.896469,1
4.0944877,12.667876,0
-1.3651744,-3.0589855,0
-1.0483484,-0.25725672,0
13.391194,-0.39742383,0
-5.708533,8.4837265,0
4.127732,12.089979,1
-2.281518,-1.8232651,0
0.72715944,14.208089,0
3.7874827,12.892641,1
-0.8346477,1.6148175,1
-4.279795,3.0443127,0
8.560685,2.283042,1
-3.954413,10.545855,1
1.2376188,-2.825029,0
14.95713,3.9557703,0
-5.693554,12.44148,1
-1.9373957,-1.7056034,0
-5.463421,11.089455,0
14.630859,9.78009,1
12.355316,-3.5241184,0
-0.059930768,5.799126,1
1.58219,13.048622,1
1.7387474,13.739517,0
-5.340917,2.9042804,0
-3.878903,10.846541,1
0.63210636,8.162895,1
-1.7633874,10.225722,1
14.055491,10.229217,0
15.769955,4.394722,0
7.5259104,5.789196,0
-2.7130735,-0.91309446,0
12.85904,-4.029784,0
-1.9088758,10.425323,1
-1.8906287,-1.8514675,1
1.1707914,6.1086464,1
1.1543308,-1.2625248,0
12.0223675,-2.9632998,1
0.12796304,5.2778063,0
-5.4406905,2.7148633,1
13.260857,4.506685,1
7.382905,2.1718214,0
14.156395,9.944415,1
-1.5366294,1.6093307,1
0.09910664,5.7002864,1
15.41465,4.093997,1
4.8789763,14.707453,1
-0.1246425,-0.53021777,0
13.360381,4.1854243,1
13.541373,9.938994,1
1.2106189,-2.509032,0
-0.8692523,-1.744828,0
0.410045,8.175732,1
10.46035,11.930064,1
-2.2368007,-2.509881,0
-0.78917915,1.433839,0
-4.8077784,4.2611327,0
-0.8872726,-0.42110595,0
1.5342351,14.676026,0
-5.922576,9.423596,1
-4.406155,11.772764,0
2.9388485,12.746742,1
0.21516384,5.9342394,1
-3.5361903,11.431021,1
-5.0194054,12.396447,1
-1.574631,2.6232355,1
8.260706,6.7062426,1
0.36993453,5.9924297,1
-5.301106,12.572753,0
14.215216,9.790969,1
0.8173315,-2.1448264,1
7.1145926,6.894553,0
1.16954,6.6261516,1
-1.0282981,2.6135786,1
13.822475,4.365258,1
-2.5957398,-0.56003106,0
11.863515,-2.1758013,0
5.0348716,12.65569,0
-0.3895582,-1.0852256,0
2.9181364,12.169867,1
-0.35049236,-0.5739203,1
7.514777,5.901309,0
-5.7617307,12.292131,0
0.21970864,6.4888105,1
13.388352,10.312449,0
13.247758,10.384545,1
-1.2672083,-0.8793143,0
10.983615,13.347512,0
15.226562,3.9812326,0
9.325794,7.3945704,1
4.317152,13.422065,0
0.4395118,8.164867,0
-5.109798,2.81759,0
-5.9415884,9.433371,0
-4.098301,13.023745,1
3.6431334,13.900133,0
0.6526254,5.8527184,0
9.890748,1.6453786,1
7.935349,5.632967,0
12.782536,-2.0399036,1
-1.2305889,-2.8698149,1
-0.9167034,1.6492295,1
1.2227949,7.616309,1
1.1963197,13.182573,1
8.147427,5.624243,0
13.56513,0.10065079,1
4.3798623,12.8092165,1
13.439018,10.319308,0
-2.098411,10.276169,0
3.5331209,12.52395,0
9.060965,12.318832,0
-4.9741473,12.978675,0
13.568328,-0.6013507,1
-6.3816915,3.431109,0
-1.5699403,10.850961,0
0.87643594,4.980688,0
1.7629371,6.4857264,0
-4.710703,11.378074,1
10.845913,13.158371,0
-6.141695,11.443894,0
-1.950096,-1.8505667,0
-1.3918426,-2.5355284,0
8.268584,5.5329833,0
-5.2028627,11.314035,1
9.208337,12.203718,1
-2.170915,-2.7561898,0
6.9027405,2.3664713,0
0.21695809,0.86786896,1
12.67973,-2.1148415,1
-2.1861496,-0.8008422,0
-1.2578669,9.701718,1
1.7291433,14.553523,0
9.87114,12.591922,1
-6.008628,9.299686,0
7.70084,2.6573296,1
-2.1431947,10.61517,1
15.354992,4.044507,0
7.615536,2.2897248,0
10.478851,12.067087,1
13.320594,-0.015303568,0
10.158708,11.721155,1
11.839389,-2.170408,1
1.2525291,4.5086784,0
-3.550638,10.931666,1
-5.069635,4.351746,0
12.113762,-3.7778938,1
12.048142,-3.0122373,1
0.06743339,-3.328947,0
9.781739,1.3427682,0
13.837876,9.886889,1
11.859489,-2.4952178,1
14.302575,9.040392,1
7.537856,2.6811366,0
1.4830593,-2.9497674,1
3.4766502,12.577165,1
-2.3583965,-2.4668667,0
13.184789,-3.6652713,1
-5.0341573,12.404675,0
0.31033966,4.963168,1
-0.85535705,9.767936,1
1.5976353,-2.7093306,1
4.1826577,13.263435,1
12.693245,3.8044941,0
9.829535,1.1458799,1
14.133087,9.629402,1
13.329065,-3.5930347,0
-1.3112413,1.1928766,1
-4.0610614,2.7042494,0
8.239102,2.3790357,1
1.4925526,-2.6854079,1
-0.43145135,-0.37822226,0
12.4901285,-2.9359577,1
-5.1820183,12.808176,0
9.242106,12.253701,1
-5.6377215,11.307531,0
-6.2689857,8.426178,1
12.256076,-3.101315,1
-0.73592615,-3.298168,0
-3.980584,12.025948,0
4.228038,15.282496,0
-1.2514254,2.0905867,0
1.3048067,-2.5335498,0
14.663175,9.427167,1
-0.106516644,1.318383,0
12.527611,-2.8299308,1
14.394189,9.360266,1
4.246856,13.1659355,0
-1.221979,-1.7393341,0
12.937259,3.960499,0
11.237815,12.1550045,0
10.010383,12.700297,1
0.68208253,8.055499,1
15.299491,3.9688993,0
7.883258,2.8035738,0
14.7570305,10.035426,0
14.166805,9.735145,1
1.1120788,5.7998333,1
6.8880987,2.3516421,0
12.470592,-2.8399963,1
9.316151,7.3671646,1
14.650582,10.118555,0
7.6957583,2.3332415,1
-1.623649,-2.7792249,0
10.009546,11.342259,1
-5.6505013,9.590786,0
-4.3136296,3.25632,0
4.465401,13.215405,0
8.888387,12.785274,0
14.087358,9.612479,1
2.903628,12.378589,0
1.5085676,-2.8176398,0
7.0912657,2.3568556,1
3.085851,12.526569,1
2.8644757,12.422813,1
13.576118,-0.26945007,1
12.7183,-3.6945312,0
0.57791984,14.0416155,1
4.593823,12.851786,0
0.27410114,-1.139403,0
-3.6376593,13.472748,0
0.5251331,5.560761,0
-5.1502857,1.9783437,0
0.58581954,14.083748,1
0.79623514,6.3720813,1
-2.668462,-1.6969672,0
-2.399701,-0.38228405,0
14.596547,9.707454,0
9.658428,1.1142435,1
-6.0053735,8.247482,0
9.92778,12.751673,0
13.139254,-0.08339126,0
0.4249556,5.561804,0
1.8038524,4.8336787,1
-2.1036232,2.9692516,1
11.821416,-2.2850661,1
0.43105617,6.625203,0
-1.4306598,-2.5308433,1
13.520483,4.306386,1
0.47199157,5.429414,0
4.1039634,12.517997,0
9.911912,1.6786076,1
-5.309959,11.277407,0
4.001845,14.776732,0
-3.7728791,11.02051,0
-2.8832197,-1.207303,0
-4.004259,3.975854,1
13.294685,4.078402,0
8.060986,6.9163675,1
-0.07926931,-3.2143786,1
0.57857215,6.9875298,1
-2.2033205,-0.79728943,0
9.630956,1.7441317,1
11.3585415,12.807118,0
1.0476079,-2.4533143,0
13.404012,4.2132616,1
3.061295,12.333268,1
-1.446951,-0.9408277,0
8.273768,2.4870768,1
13.056033,4.3623424,1
12.435396,-4.0562754,1
-1.5715967,-1.6589057,0
13.42635,-0.38135058,0
0.85343254,13.655024,1
-5.084983,11.304175,0
13.9421625,9.448635,1
8.901065,12.581332,1
-0.71541095,9.451829,1
10.699967,12.276778,0
1.536215,13.600069,0
0.99970317,14.595033,0
-4.3206058,13.267861,0
-1.0785092,-0.18380962,1
-3.300001,12.68341,0
7.833344,2.6578486,1
-1.9422948,9.928524,1
9.383655,0.632522,0
14.0823965,9.648286,1
11.30461,12.804609,1
8.549853,5.9719696,0
1.2993325,-2.1549885,1
8.183753,2.4837573,1
14.117477,9.966026,1
-6.049999,11.475755,0
-6.1252213,9.374903,1
13.013756,4.175266,1
1.2670612,6.7154164,1
-3.84412,11.17809,1
10.050705,11.411554,1
4.48241,14.737719,0
1.3236386,4.5375147,1
1.8586284,14.6037855,0
-1.3362179,-0.1902394,0
-4.5920205,11.973494,1
11.810124,-2.9510984,1
-4.634078,4.475292,0
0.0029081134,-2.5445065,0
13.310911,-0.4802161,0
-4.670462,2.673976,0
-0.46414793,-2.6390831,0
-2.8855946,-0.8975083,0
3.8422558,13.663593,1
-4.7718844,3.9598012,0
-6.0054216,9.250838,0
3.7242844,13.870521,0
11.696933,-3.2897623,1
11.941339,-3.1362221,1
5.037596,12.638051,1
12.715623,-0.053820133,0
-0.5347236,0.6984712,0
4.8700933,14.8452835,1
10.407074,13.734974,0
-5.251294,11.298189,0
-3.9907048,11.952249,0
-4.407167,11.248836,0
11.901814,-3.024768,0
8.363715,6.5983787,1
-0.018927032,-3.096887,1
-4.928032,2.1295614,0
12.917899,4.0600214,1
4.2301846,13.315865,0
-1.6652777,10.676414,1
-6.080622,2.814497,0
-5.1145067,4.771999,0
-5.3964853,2.7690597,0
9.876124,1.0668105,1
1.0957491,6.707696,1
-4.512105,11.713876,1
-5.403418,2.5795388,1
0.6309003,0.04590203,1
9.1529045,12.23341,0
10.565928,1.4850357,1
0.21908258,-0.37566698,1
1.7016165,14.229261,0
1.828412,14.7322855,0
-4.3128915,2.5181167,1
9.235297,0.9207666,1
-1.3673141,-3.1889865,0
10.193204,12.202054,1
4.6388063,12.82795,1
-3.9293487,2.831738,0
-5.7037725,2.711212,0
-0.49201354,-1.1822927,0
1.1233195,5.2910833,0
-6.0807304,11.50284,1
14.61403,4.2007484,1
11.099309,13.25961,1
9.853544,1.7710215,1
-5.7091055,9.575548,0
-1.6071315,-2.4297342,0
4.9529114,14.707606,0
1.7293915,4.676602,1
3.9953053,15.019304,0
1.2950016,5.9939356,0
0.9411529,-1.5157036,0
1.2942297,-1.675026,0
0.12921639,6.5775747,1
-4.607238,12.597445,0
8.163881,6.8877063,0
-1.4897916,-0.00891554,1
1.4197688,-3.0066404,0
13.877104,9.063064,1
-4.950007,2.3267407,0
-4.9569798,12.884088,0
-0.72036386,9.841612,1
14.718947,9.507559,0
13.831336,4.3731523,1
0.030694224,-1.1386263,1
-5.362933,2.4494545,1
8.150104,2.4143775,1
13.243949,4.252568,0
0.8909151,13.871159,0
-3.371026,3.689163,1
-6.2462945,8.3314495,0
4.580896,14.679718,0
1.7321371,-1.8878838,0
13.80356,10.060942,1
11.271245,12.902212,0
-3.380502,12.465411,0
-0.53512806,-1.5617386,1
-4.976692,13.082282,0
1.6153523,14.760325,0
15.217261,3.9212277,0
3.9324057,12.246559,1
15.448068,4.213137,1
4.826624,14.796021,0
11.30568,13.225575,0
1.4689064,12.932367,1
13.865244,10.633908,1
0.3588829,-0.6436334,1
13.553282,10.044905,0
4.132936,13.097938,0
10.754813,14.018903,0
-2.2175875,-2.767906,0
10.691006,12.505689,1
8.333693,5.579115,0
-5.0274963,12.388867,0
11.423554,12.8400135,0
-1.0209391,-2.225468,0
-6.262604,3.548198,0
9.236054,12.162809,1
0.23550777,6.5637407,1
-6.4748693,2.801483,1
13.354551,4.057434,0
1.123228,14.25286,0
10.490991,12.270971,1
7.6225986,2.7060876,1
-4.3690906,12.646465,1
8.289543,5.5510406,0
-0.41684458,1.6840541,1
0.42969796,1.2142626,1
-1.4267569,9.585437,1
3.7337189,13.895314,0
-1.1477036,9.40584,1
13.154607,-0.031144023,1
9.881002,12.598544,1
-4.1509824,3.020904,0
12.941493,4.0621476,0
-5.7911596,2.2345665,0
9.410706,1.0046455,1
-0.71618956,9.513609,1
-4.152717,10.477154,1
8.603932,5.9630113,0
12.049255,-2.8055634,1
14.06773,10.586764,1
10.654373,12.040809,1
15.054974,3.8885043,0
-3.5017796,13.193107,0
-4.433117,2.3908079,0
-5.2539597,12.906787,1
-5.75976,9.413623,0
-6.3490124,2.679201,0
-0.15481398,1.2907014,0
7.695147,6.34717,1
9.483366,1.7025839,0
-4.484715,11.795177,1
14.105536,9.722213,1
9.244867,12.199882,1
10.546571,12.16817,0
6.985387,2.380641,0
0.5434462,6.0937696,1
7.4087186,6.575661,1
-6.1545563,3.4493248,0
14.646977,4.2206216,1
-1.7107508,-2.0856442,1
-6.8819366,3.4136815,0
-2.040777,-2.4640484,0
13.044298,4.1138573,1
4.8448,14.773255,0
0.6843324,8.248864,1
7.3787193,2.813167,1
14.0080385,9.3127365,1
-5.6529064,2.6326509,1
9.413775,0.70431614,1
9.547641,0.4339118,0
4.8794627,14.820315,1
-4.7417207,11.066838,1
-4.375985,2.973984,0
14.090594,9.86002,1
10.822432,12.812036,0
13.821401,9.335696,1
-6.2971587,3.4685092,0
-2.8730261,-1.0290464,0
8.195425,6.74484,1
13.15913,-3.749857,0
-5.539994,9.418545,0
-4.8320403,11.812496,0
9.008731,12.840533,0
12.194665,-2.893674,0
1.789496,6.499383,1
9.873707,12.301717,1
0.928977,-0.32787943,1
2.6181788,12.381944,0
13.372611,-0.36305785,0
-3.1765969,12.865912,1
-5.43619,11.101671,1
7.3308687,2.83014,0
8.037391,2.7161176,1
11.344903,13.188177,1
13.213501,-3.4926279,0
-5.41412,11.658356,1
-3.0787175,-0.93806934,0
-0.7126719,-2.8869836,0
-4.2385955,10.945874,0
-1.0241395,0.2962395,0
12.830527,3.969649,1
-4.924862,2.5604541,0
1.618861,14.689633,0
-5.860846,11.441948,1
-4.276916,3.627311,0
14.714676,4.044969,0
7.9679303,2.3567984,0
7.531461,2.2704985,1
5.0026913,12.713601,1
-5.7980933,3.2927473,0
4.3901153,13.470567,1
13.205611,-3.8041043,0
10.828197,13.937326,0
-4.523663,3.807665,1
9.244015,12.211669,1
1.1824685,6.1878138,0
9.40406,0.7544706,0
9.152192,7.1051803,1
14.068293,9.25855,1
-0.05493598,-1.4662806,1
-4.348662,3.1353035,0
3.4829483,12.5976515,1
-1.682287,2.418096,1
-4.6079683,4.336975,0
1.0913793,6.617831,1
9.863561,7.4521146,1
11.159426,12.745535,0
15.427665,4.080427,0
7.802761,2.3576431,1
14.155908,9.16145,1
0.32524595,4.9337964,1
-3.0764852,-0.86655664,0
7.9222016,5.530372,0
0.29504657,6.865656,1
-0.9970771,9.479394,1
-0.71310914,-3.2844186,1
9.444627,0.40074244,1
-6.0300927,3.7309332,0
-6.914993,3.175667,0
12.100249,-2.9323747,1
15.216801,3.9717267,0
-2.9865196,-1.4219595,0
13.168782,-3.2922666,1
-0.7293569,1.7401121,1
-4.2137303,13.007017,0
1.444465,5.7782393,1
12.540555,-3.2128131,0
-1.7329046,9.887117,1
-6.046209,8.93334,0
9.261864,7.3136864,1
10.286562,11.741132,1
4.408103,13.441672,1
-0.8935007,-0.35260838,0
7.615268,2.2817113,0
-0.6330283,0.6565192,1
-1.317027,2.3338857,1
15.581273,4.1857142,0
13.279439,-0.40136096,0
-2.1972785,10.308259,1
-5.946301,2.2701607,1
-0.29634726,-1.9605374,0
13.46497,9.555179,1
13.374602,-0.41612765,1
-2.0517797,10.3624525,1
14.058662,9.883856,0
-0.68123317,-0.699874,0
12.183179,-2.7610595,0
10.257986,11.819405,1
-6.103143,11.583838,1
13.077189,3.8013725,0
0.43280736,0.2715826,0
12.007155,-3.372142,1
4.798636,14.879336,1
1.4950017,13.63096,1
-0.05953102,-2.5326438,0
-1.6100711,9.991912,1
1.8819901,6.8671083,1
-5.089042,11.784839,0
11.826317,-2.3668637,1
-3.46016,12.431362,0
4.5204706,14.975262,0
-1.423395,1.3282903,1
-1.1581228,9.617098,1
-1.3491775,1.5028579,1
7.9130454,5.581154,0
-6.4021297,3.5295413,0
2.4046364,11.995618,1
9.909014,1.5300395,1
11.929842,-2.9001763,1
-6.1124883,9.383605,1
-0.33940956,-1.6902478,0
-4.0580177,2.668604,0
-1.7739885,-2.3950765,1
-1.4246742,-2.064042,0
15.631582,4.3265853,0
-7.0585265,3.319226,0
13.216007,4.310826,1
12.214481,-3.0958478,0
-4.009975,2.8520665,1
0.19718939,6.6943083,1
1.3837761,6.0207977,0
-2.5890431,-1.5261792,1
8.249627,2.4668155,1
-6.0153465,3.2839775,0
0.3242448,6.780992,0
10.723379,13.797278,0
-3.2642713,12.758058,0
-4.0089545,3.465383,0
9.02332,12.473184,1
0.045802753,-0.20760952,0
13.949886,10.603484,1
-2.477113,-2.1428401,0
-3.6415632,11.754231,1
1.3060745,13.083141,1
14.5348,9.714577,1
9.428418,1.0663545,0
4.3179584,13.406063,0
1.3735452,-2.0721269,1
-1.3171802,1.4728187,1
-0.7483907,-1.8642135,0
-4.0023556,2.7782617,1
-1.6608342,10.880418,1
12.983662,4.0938196,0
9.84878,1.0671507,0
14.033209,9.908889,1
1.0384022,-0.65700895,0
7.5601645,6.117943,0
0.5526788,0.76067024,1
7.0689645,2.4416678,0
-1.3671552,10.547744,1
14.346266,4.3310833,1
-5.783181,9.269472,1
7.3473144,2.3585243,0
-1.0050149,9.866658,1
-4.408374,12.812197,0
11.107754,13.283585,1
14.50397,4.1224113,1
-0.23576556,1.2745903,1
1.3771087,13.070585,0
-5.8946404,3.5296013,0
4.091072,12.062302,0
-4.7752037,3.9759412,0
14.594146,9.724034,1
4.892935,14.541456,0
-5.7637157,2.685465,0
-4.392215,12.041971,0
1.4142238,-2.7499847,1
-5.17903,11.076747,1
13.80043,10.73299,0
-5.1767917,11.505209,1
14.40164,9.593668,1
14.094068,9.99035,1
9.67386,11.630245,1
-3.1959631,2.7992334,1
-4.937493,12.868781,1
9.12001,0.6366662,1
14.469599,10.356774,1
1.7420741,-2.3637,0
-2.1953423,-0.6302682,0
-1.4548857,1.0932363,0
-1.6649336,10.535533,1
9.124675,12.236421,1
10.590121,1.4180286,1
9.159846,6.921343,1
-2.155649,10.591048,1
15.61387,4.194509,0
10.030813,12.833045,1
14.255862,3.5464087,0
1.2699447,4.6187944,1
9.9790125,11.258956,0
-0.4742159,1.4331213,1
-4.2948503,13.419933,0
-6.173923,2.5448482,0
0.53186464,0.43355507,0
-1.8814353,1.9229385,1
-6.1970944,9.067677,0
12.782971,0.00943264,0
-6.012849,3.727752,0
0.9074891,-1.3715671,1
0.64043623,-2.6748881,1
9.136439,0.5358516,0
-5.805032,12.202341,0
-0.75673705,-3.314492,0
12.341405,-2.9417214,1
-3.3808098,13.012505,0
0.91890746,-0.08368196,0
-0.45315132,-0.64892656,0
10.210573,11.667818,1
1.7315623,-2.2791634,1
7.723588,6.13215,1
4.5314593,14.616552,0
-4.811171,4.284685,0
-0.24035816,9.169646,1
4.3658013,12.832641,0
-6.2283463,9.180035,0
1.3615441,4.46763,1
11.176588,12.07968,0
10.612551,12.050744,1
2.9646013,12.416357,0
13.2794075,10.261491,1
-6.220779,2.546153,0
0.7237749,5.317381,1
15.713959,4.3871794,0
-1.2238817,-1.7140646,0
-5.296551,11.505268,0
-5.954344,8.379347,0
-5.2484994,11.701468,0
13.513061,9.9992895,0
-5.6233954,2.9313862,1
1.50825,13.285851,1
-5.7511525,9.542837,1
-3.9641075,12.71819,0
12.692739,-3.259208,1
4.5322933,14.693898,0
10.572397,12.215544,1
9.361491,12.061672,0
9.750404,0.57662827,1
-4.7945127,11.5379305,0
-1.7719994,10.931181,1
-1.0483555,9.95667,1
10.920958,13.716656,0
-4.070124,12.680332,1
-0.7820669,-0.92618835,0
-5.1880193,11.839972,0
15.452447,4.1473694,0
2.1717567,6.8217297,1
-4.528327,11.819563,0
-4.8339534,11.328133,1
-1.4893627,9.894254,1
13.692957,9.320298,1
14.837298,4.2523384,1
-2.3271525,-2.4632623,1
2.6889114,11.278662,0
0.2558312,-0.59561944,0
0.1427797,-2.0418181,1
-5.920574,3.6740537,1
1.2500614,5.6850967,1
-1.753098,9.931841,0
10.301868,11.459339,1
-1.3407899,1.4377502,0
13.703869,9.140213,0
9.852121,7.449589,1
15.072633,3.8679435,0
0.87696195,7.220551,1
7.599114,5.746862,0
-3.716139,12.385914,0
-6.0033507,11.736874,1
0.4257237,1.2766907,0
-0.5500711,-2.5435433,1
4.6188536,15.002176,0
9.857492,13.177776,0
4.1080837,15.029068,0
7.450776,6.253659,1
1.178014,-1.186147,0
-5.2531295,12.373174,0
8.919155,12.553521,0
12.415582,-3.954213,0
1.2040386,4.5447135,0
4.5621276,12.733571,0
11.842561,-2.8445876,1
-5.218759,3.770439,0
1.2385901,-2.6599553,1
-1.2473998,-0.04338344,0
0.28034046,5.9370484,1
7.219006,6.598299,1
-6.828337,3.6355288,0
-1.3071239,2.7803104,1
1.251306,13.661177,1
8.091658,2.4181323,0
-0.06851974,6.0309668,1
1.4214299,4.365712,1
10.842524,13.670084,0
7.380431,6.0685616,1
1.3117186,14.198243,0
4.384974,13.481007,1
-0.9772167,2.1082823,1
0.044241633,6.230452,0
10.050889,13.184519,0
0.34707862,-1.0399002,1
14.228164,9.20711,1
-4.8066616,4.206527,0
-5.368845,11.519772,1
7.7477355,6.094914,0
0.85731405,-1.3170238,1
-1.1041336,1.6399485,1
-5.2342877,2.9966564,0
12.959582,-0.16791609,1
0.73329216,6.2341795,0
4.3372126,14.449503,1
-5.2783027,12.637741,1
9.2321205,0.65782154,1
15.8013735,4.419004,0
4.058833,15.234884,0
-1.4004157,2.07474,1
-5.5971146,2.2378511,0
13.35753,-3.326346,0
9.893013,1.4415116,0
14.751992,9.962696,1
-3.8190465,10.911849,1
9.176798,6.9248004,1
-1.1276029,-1.1841551,0
1.722926,14.74242,1
-5.0857563,2.1424782,1
1.4220958,-2.398839,0
14.962155,3.9718287,1
4.5224395,13.284745,0
12.567575,-4.0868783,0
-1.7573779,10.779293,0
13.273564,-3.5377104,1
14.376468,10.453024,1
14.461641,10.3258505,1
1.7384679,-2.3326378,1
1.3029044,-1.7085179,0
0.488322,6.0152802,1
-4.073701,13.265387,0
0.09042046,5.452042,1
14.283544,4.323341,0
1.4915524,7.1319747,1
12.668834,-3.242419,0
9.658361,1.1039839,0
9.884621,11.937644,1
-1.7971723,-2.317025,0
11.299989,13.034179,0
-3.9283888,2.8643298,1
-6.9101963,3.3246498,0
13.260463,-0.2559348,1
9.078626,12.886949,0
1.2602158,14.634236,1
-5.7968235,3.3320117,0
-5.822141,12.237457,0
0.45287636,-0.009170786,0
-5.786598,12.3308525,1
-1.0458835,1.6964003,1
1.2485739,14.554563,0
12.33786,-3.970979,0
-4.929852,11.060063,0
13.492921,9.854897,1
13.2006855,-0.18834779,1
12.694837,-2.9683378,1
13.566027,10.144465,1
11.155324,12.016602,1
-0.030225566,-2.819515,0
12.404512,-3.5587654,1
10.847273,12.887288,0
11.8570795,-3.1878753,1
1.2413696,-1.9345244,0
-6.6581798,2.795228,0
-4.923448,4.675285,0
7.964325,2.329043,0
-3.6320019,13.6080885,0
4.521082,13.478073,0
0.6171484,0.10336129,0
10.205863,12.242853,1
-1.6267216,-0.3012203,0
-1.6871305,10.859667,0
0.4029076,-0.30678275,0
10.208973,13.565087,0
-5.4880943,12.212933,0
-0.7792959,0.113857836,1
12.916026,-3.3761609,0
4.674338,14.624899,0
10.843133,13.28585,0
0.1244969,-3.1756887,0
-4.2318015,12.379705,0
13.026516,3.792203,0
1.3758823,13.130317,1
0.9880562,4.4250045,0
13.999505,9.510108,1
-2.1978936,10.171783,0
-0.34314394,-2.5702,0
11.842603,-2.230679,1
-2.1334183,-1.8787903,0
11.367217,13.0624,0
-0.878244,-1.554999,0
7.6652346,2.7538717,1
13.794249,9.895626,1
-5.2234654,3.0753024,0
0.11112929,-3.2321038,1
-2.2229862,10.198636,0
-6.182142,8.888382,0
-1.1114724,0.1949455,1
7.2314186,2.734565,0
-2.2305856,0.2926813,0
10.521113,12.621174,1
-5.5278387,11.1435375,1
-5.9037004,8.352307,0
13.293084,-0.4213592,0
-6.104545,11.7507305,1
10.027176,12.166976,1
12.571391,-4.200768,1
-3.927913,13.165509,0
0.9623055,-2.1354458,0
9.143495,0.46758223,0
7.1866846,2.3557823,0
0.2088156,-0.022750515,0
14.315156,4.309283,1
-1.7453121,10.040532,0
7.2589736,2.770994,1
-3.7845354,2.767128,1
13.590536,-0.37645203,0
-1.3456361,-0.46287185,0
13.368626,-0.41096416,0
-3.296837,13.108767,0
0.6082569,14.05241,1
0.5516063,-0.54614913,0
13.686777,-0.19654238,1
-5.946444,11.761828,0
0.17910825,-2.6276104,0
1.4437344,-1.4453363,0
-5.7877955,12.288623,1
1.0926788,5.949149,1
1.5595089,12.6500435,1
15.123371,4.054049,1
2.9119172,12.346883,1
-3.622268,13.400815,0
-5.755601,11.305929,0
14.198381,9.5643425,0
9.358501,11.991806,1
-0.14920726,-1.864225,0
9.693001,11.6224985,1
-1.4258928,2.1516924,0
-4.337318,4.2778735,0
-1.6660587,10.882724,1
-5.772326,9.565291,0
0.25887004,4.9716477,1
-0.08140824,1.4797475,1
13.38064,-0.31809017,1
7.5309906,2.3037753,1
8.154571,5.691577,0
9.36193,12.316712,1
-1.6471313,1.1827586,0
11.05357,13.675295,0
0.65437627,5.49262,1
8.476653,5.8409986,0
1.6308727,4.7215943,1
11.096811,13.681462,0
10.448466,1.2330763,1
1.5017867,4.8235884,0
1.6087939,13.413113,1
12.494884,0.034878798,1
1.0555228,6.561888,1
-5.483401,2.9834316,0
14.023764,10.118444,1
1.2202759,14.2605915,1
12.946261,4.0074353,0
-5.396293,11.880865,1
-1.1923563,10.184999,1
1.5550431,14.413676,0
-6.5700006,3.7765977,0
-2.343265,-0.82206863,1
-3.8687384,13.398266,0
0.8802218,-0.9791337,0
-3.6028976,3.1446452,1
0.2753772,5.530618,1
0.381552,1.2380097,1
-4.506851,3.7328372,1
-1.4534384,1.2078525,1
11.90421,-2.6822171,1
11.124851,12.027212,1
0.02469166,-2.7801871,1
4.049458,13.362462,1
0.4847686,5.5824733,1
0.46452895,7.1158996,0
13.403305,0.05082874,1
13.144538,-3.47099,0
-3.497325,12.611489,0
1.1253537,14.161532,0
0.8475985,5.515475,1
8.2095,2.6332507,1
-4.3958635,13.321847,0
-2.206647,-0.8178866,0
-1.3917352,-0.03208496,0
0.8031581,6.788209,1
-3.2177372,13.076793,0
0.291577,6.8169947,1
7.2709126,6.1277056,1
9.396465,1.0636489,1
11.847858,-3.0784845,1
9.1201935,12.233296,1
1.2691652,13.684883,1
1.5033543,5.2627172,1
7.5900717,2.7519212,0
9.708103,1.4738336,1
-1.901211,11.038039,1
8.301621,6.0759554,0
13.209231,-3.8082013,0
1.6221656,6.7881494,1
-1.4936993,-1.8919744,0
15.651591,4.221369,0
-6.255661,2.6575012,0
14.466116,10.037528,1
9.856295,12.053569,1
-4.88386,4.7046266,1
-5.0740685,12.603488,0
-1.2847154,-2.7636456,0
1.0045114,-0.4130155,1
-5.5371346,2.6599352,0
-5.1105347,4.3014975,0
14.124753,10.096461,0
0.16690598,-2.399145,1
1.5033108,4.7055583,1
9.649395,11.47677,1
-4.780485,12.534905,0
-5.4137425,11.143497,1
-4.1807756,11.984666,1
1.9201672,14.662629,0
8.434816,3.316826,1
11.893826,-3.2002468,1
4.639291,14.3455515,0
0.84209144,-1.4703835,0
-6.0160437,8.247151,0
10.561327,1.2825859,1
7.736809,2.7224514,0
1.2284793,4.4622264,0
0.33444345,5.0839095,1
-1.4713002,2.231045,1
-5.623364,12.320084,0
1.7050968,-2.3530285,1
1.5010933,14.627875,0
-3.3406892,12.9099455,0
9.046125,6.760158,1
13.625633,-0.099914126,0
0.52770215,6.9431257,1
0.024787044,0.80457085,0
0.06935505,-0.436099,1
0.62617254,7.6745563,1
1.5696132,12.51567,1
13.967497,10.019898,0
-2.1387124,-1.121752,0
-1.2689853,9.972794,1
1.2291145,13.57329,1
9.087575,12.889342,1
13.2318945,3.769042,0
15.023039,4.0294585,1
7.9267445,2.4250562,1
10.477948,1.2638102,1
-2.232183,-2.769729,0
-3.4750884,13.15705,0
-5.1188855,4.1417384,0
8.650247,5.6371946,1
-2.186977,-2.7829795,1
-2.3586526,-2.2629092,0
15.143835,3.8333817,1
-1.195231,-2.792609,0
11.9666195,-2.0154772,0
4.012492,15.206509,0
12.876964,-4.0459347,0
-2.5808706,-1.8080221,0
14.528151,4.2466135,1
4.5364757,14.605013,0
9.912598,7.497374,1
8.998897,0.5571234,0
1.1450651,6.1210628,1
0.56030875,0.7392216,0
4.56655,12.948776,1
-1.3123327,2.379828,1
-4.383195,2.9352648,0
-4.1209755,3.6466687,1
8.227069,2.4552274,1
-1.3952707,2.1362424,0
-5.8480325,3.388372,0
8.4854965,6.0094767,0
1.4590569,4.3299646,0
-4.5943832,10.922835,0
10.953301,12.526072,1
-2.037195,-2.9312494,0
1.4767915,-2.963435,0
0.91562086,13.568705,1
0.3298416,-1.2655592,0
-1.7707993,1.4057534,0
2.8315709,12.414937,1
-1.4281955,1.3972757,1
0.9461604,6.1077585,0
-6.949729,3.3458307,0
7.285978,6.7009697,1
-6.6789985,3.3423564,0
13.888449,10.523175,0
-5.902547,11.390266,1
-5.1532364,12.965245,1
-1.373346,9.61541,1
-3.7997437,11.046167,1
9.213261,7.193429,1
-2.3064148,-2.449191,1
-1.3385471,10.406364,1
11.335737,12.655436,1
7.413664,6.047886,1
-2.6900728,-1.3447318,0
1.2304,-1.5298206,1
1.4871383,4.626607,1
-4.851421,11.190274,0
8.2713175,2.5392072,1
10.022984,11.558374,1
9.1872225,7.007362,0
-2.1470706,-2.5322094,0
-0.09518006,-2.4924104,0
15.579941,4.177134,0
11.219953,12.074852,0
10.578685,11.480679,0
10.337831,11.815011,1
14.348973,4.304602,1
7.491382,5.905066,1
3.7154782,12.080032,0
2.9532335,12.401294,1
4.951694,14.64918,0
-6.664494,3.1773903,0
8.259895,5.55356,0
-0.25404358,1.35023,1
8.030724,5.9849777,0
4.2346964,13.224066,0
3.7964015,14.029196,0
4.0427556,15.118988,0
1.3753952,6.2850184,1
-4.6636453,2.590764,0
1.523656,14.661848,0
7.4449153,2.8605928,1
4.2524514,15.343951,0
12.96394,-0.07028832,0
11.357631,13.152245,0
13.536892,-0.57866985,0
7.506491,6.0588837,0
4.0678043,15.184947,0
-4.3914385,12.736694,0
1.4265641,4.867058,0
7.066583,2.5900383,0
11.275027,12.86979,1
1.3122237,14.545724,1
8.999226,12.557465,0
9.10532,6.960678,1
0.84727997,6.562274,1
-6.431042,2.5734973,0
9.453586,0.98702866,0
0.1396378,-2.942086,1
10.80287,11.752131,1
8.900813,12.642455,0
-1.6646527,-2.1842904,0
12.595074,-4.203348,1
13.453717,3.7440636,1
9.388938,0.8263734,0
0.1518368,1.0076348,0
-2.1222107,-0.86680967,0
-1.4826216,2.2860317,1
0.5160428,-1.4771094,0
9.140352,0.76350594,1
9.954719,12.271866,1
7.2629538,2.2640707,0
9.611989,1.662788,1
4.6252656,14.618391,1
-6.986367,3.5577266,0
13.812078,9.55544,1
0.64273655,4.692543,1
-4.8556147,10.946642,0
9.961395,1.7327973,0
-4.56439,11.98222,1
15.301609,4.1137037,0
1.1432291,13.599416,1
-3.8805077,10.495147,1
7.601676,2.6145527,0
-0.958111,-0.32976896,1
4.855424,14.586063,0
0.64339894,-3.300739,0
3.9073284,11.988776,1
13.218765,-0.18124615,1
10.06188,12.639745,1
6.9718513,2.3682747,0
13.320562,10.225236,1
4.6214027,15.042412,0
7.850231,2.2730982,0
-6.353,3.2981822,0
12.253222,-2.9912665,0
-5.577809,8.864931,1
10.847965,13.196855,0
12.930789,0.090200566,1
4.3360877,12.737474,0
-1.7255937,10.124118,0
-6.1339455,11.813423,0
3.3525147,12.821575,0
13.246763,-3.6676552,1
-1.3844997,-1.1266415,0
1.5260123,7.0804863,1
9.032173,0.51725906,0
7.4670167,5.8241043,1
-1.4727709,-1.497305,0
-4.368921,13.141746,0
-1.1659874,9.867613,1
0.45144537,5.806493,1
-2.1914523,-2.0640361,0
1.5222254,-1.674113,0
0.24728483,5.0105195,1
13.206842,4.3631253,1
9.964201,12.750304,1
8.276248,5.5136786,0
10.561983,1.4723632,0
1.2109646,6.1713486,0
-3.102846,-0.97688276,1
12.737158,3.8353484,0
-4.4169507,10.624516,1
0.14200298,-2.6019216,1
-5.836862,11.71169,1
7.2449775,2.6878645,1
11.050584,13.723131,0
-2.9335048,-1.4801865,0
7.068593,6.946893,1
0.20648791,1.0234319,0
-1.4121771,-2.0090826,0
0.016929077,6.201286,1
12.6095915,-3.0217755,1
14.058307,9.815636,1
0.20833147,-2.10197,0
7.418276,6.5899887,1
-2.7408125,-0.7039939,0
13.329005,4.0696516,1
11.922037,-2.9329205,1
0.77644354,-2.1924486,0
-4.912094,4.1050563,0
-1.3237485,9.741434,1
-0.34244254,1.5790803,1
-3.779882,13.635118,0
-1.5662502,10.767664,0
1.4749731,12.98528,1
9.851213,12.617892,1
0.3740544,5.8929214,1
15.54174,4.232139,0
-4.0264335,13.524537,0
7.7450323,5.626745,1
10.858708,13.887244,1
13.539833,10.321201,1
-1.6461385,-0.09876543,1
12.548411,-3.5699239,1
-2.1733456,-2.5669196,0
8.039784,5.9410024,0
-5.269545,1.9914416,0
4.378173,15.313121,0
2.5783744,12.220462,1
-1.1848506,9.449764,0
0.046231646,5.8196054,1
3.9929442,12.71192,0
-5.098722,11.763045,0
14.503426,9.959294,1
1.8545033,14.700561,0
1.6950303,4.630249,1
12.297558,-3.8725579,1
2.6627524,11.864593,1
15.733538,4.350883,0
9.245587,7.378586,0
-4.049489,13.443279,0
14.068628,9.825546,1
-6.089183,3.4419198,0
-1.3848721,2.0850286,1
-4.1260886,11.084863,1
13.850753,10.235414,1
10.552157,11.700544,1
0.89625657,7.174017,0
9.626147,1.5874333,1
1.3303889,6.660922,1
7.282204,6.7399106,1
-5.0262456,1.9842622,0
14.336478,9.366377,1
14.223675,3.7455115,0
1.3376049,13.861156,0
-5.1673217,11.378622,0
-3.3856452,12.353956,0
-0.99807936,0.19515651,0
-1.8999528,11.016276,0
-0.6558119,-2.2763894,0
-6.0796485,2.4364161,0
15.620352,4.3005395,0
0.85911256,5.4551425,0
14.563405,10.18581,1
13.606097,-0.2211667,0
1.6488035,4.633703,1
3.318677,11.683934,0
1.0789883,6.4543796,1
-5.062199,2.100451,0
0.5285615,5.5954633,0
15.574973,4.2136555,0
14.420886,4.307955,0
-5.0991955,12.385505,0
-4.708355,3.8697896,0
13.791583,10.748038,0
8.230956,5.500003,0
0.4143174,1.3057735,0
-4.3692746,11.396586,0
-6.827995,3.1747818,0
-5.189903,12.459005,0
9.290506,7.276424,0
7.1282344,2.3803976,0
-0.6671146,-3.293895,0
10.574318,11.546161,1
-5.936514,3.3882113,0
-4.377277,3.723265,0
13.295835,-0.5585315,0
-4.8951044,2.1834414,0
-2.9879882,-0.82331157,1
9.813186,0.89696324,1
14.540658,9.224652,1
1.4507747,-1.7507236,0
4.075137,14.982283,0
-0.73667276,1.4121741,0
10.656143,14.0063505,0
-0.22319157,-3.0565865,0
0.39434895,6.3842783,1
4.585351,13.344925,0
1.4807931,4.6939273,1
4.670173,13.262708,0
9.849313,13.14214,1
-0.8077572,9.692771,0
14.870727,3.9860597,1
-4.259506,11.041626,1
-0.47844052,2.1529522,0
-5.7884274,12.302843,1
-1.9738276,-2.3841913,0
10.855979,13.426212,1
13.533308,-0.12208809,0
11.854575,-2.2718036,0
14.690783,9.615385,1
-4.8946958,11.845416,0
1.1776685,14.115242,0
-1.7054274,-2.358879,0
-6.818239,3.6147368,0
-4.3554482,12.357562,0
-1.4549086,-0.9483805,0
-4.3824396,13.336552,1
4.908227,14.751107,1
0.87616724,14.482456,0
-0.91220826,1.4290723,0
14.704475,4.193168,1
9.307659,7.3533506,1
-1.7178648,10.862844,1
7.560939,2.7765553,1
-1.9437989,-0.66344213,0
-6.7328715,2.9288402,0
12.889142,3.963314,1
-1.4653343,2.2069902,1
1.6297313,4.748829,0
-0.82648134,9.966469,1
0.6117605,-3.1899571,1
-1.2916803,10.646755,1
-0.8537279,-2.9743702,0
-4.377863,12.824713,1
0.7910383,4.8129005,0
-5.8080277,12.266829,0
-4.5435576,11.960715,0
1.8211356,14.590405,0
-4.185291,13.213346,0
1.5121367,12.998935,1
4.838976,14.801302,0
9.702794,0.76504123,1
-4.353523,13.330878,0
9.910089,11.994302,0
-3.8271265,13.413209,1
-0.91552633,-0.7190578,0
14.084919,9.5788,1
-4.1049013,10.608652,1
-0.7800896,-3.2862866,0
0.62243235,5.698872,1
10.162661,11.667777,1
-6.106434,2.4211001,0
9.207681,6.969166,0
1.7232021,14.334606,1
7.3856525,2.8806276,0
12.647464,-2.3390226,1
4.654956,12.76999,0
10.158528,12.472108,1
14.360687,10.511523,1
-5.260496,2.6116426,0
0.13003154,1.3285452,0
-1.4785453,9.75977,1
9.841697,1.5346606,1
-4.7365127,12.9752655,0
0.85978264,-1.1398302,1
4.7892547,12.489787,1
-6.156028,2.652203,1
-6.080762,2.514246,0
-1.2386094,-3.192829,0
7.745619,2.436416,0
14.862766,3.892357,1
-1.3211875,-3.1525981,1
0.73494035,14.115463,0
8.197165,5.539464,0
-4.8614593,11.368587,1
-0.4466597,-1.2969067,1
10.312452,13.542545,0
7.1914463,6.6707,1
1.3188928,13.18339,1
1.5681379,14.68605,1
0.54355055,7.4841695,1
0.88776374,-3.2196248,0
12.901558,4.2635603,0
-4.2543364,13.294234,0
-4.44822,12.844051,1
0.5474628,-0.85328716,0
-1.2324842,-2.4620438,0
3.7945993,13.995416,0
0.9713386,5.4400353,1
4.2278194,12.955945,1
-1.3030715,-1.8327153,0
4.637249,14.949294,0
0.5040449,0.6369153,0
9.943625,12.853597,1
-1.0896285,9.985876,1
-0.09057512,-1.1434532,0
-4.914648,1.9694767,0
-5.850723,8.550685,0
2.651168,11.320678,1
-4.3466673,11.310466,0
8.182972,6.843839,0
12.633335,-2.156046,1
-1.4656292,10.442684,1
9.948168,11.196613,1
-6.0894737,8.276285,0
-4.8686643,2.4816527,1
-2.661413,-0.6014629,0
13.506703,-0.3490877,0
-1.3122964,-2.5305908,0
9.359492,12.21427,1
9.292958,7.2424483,1
-2.7062702,-1.3201611,0
12.679078,-2.168947,1
-0.99166757,-3.047782,0
-5.6352353,8.989867,0
-4.401549,4.272476,1
-0.35202837,-0.813604,0
-1.7064909,-3.0031648,0
13.283023,10.365575,1
-4.0921535,2.9611862,1
-2.4516401,-0.96832687,0
-4.402781,12.795325,1
-2.1297648,11.214507,0
-5.9854946,8.2293215,0
8.234099,5.4764595,0
-5.9844756,3.4214313,0
0.065632425,-3.3495848,0
0.6561292,-1.0695014,0
11.873449,-3.4737072,1
15.10883,3.8317351,0
7.990968,6.871676,1
-5.3633986,2.0268967,0
-1.8095537,1.9808384,1
-1.4915862,-3.0919757,1
3.349988,11.74582,0
1.4158037,-1.9022819,0
13.236237,4.4361243,1
9.5575075,1.2859955,1
10.481255,12.591703,1
-5.9067636,12.063316,0
-1.7542839,-1.2330143,0
1.4442784,4.807169,0
13.178306,-0.49849054,0
10.487772,1.2857445,1
-5.113573,2.8997486,1
-1.7745566,10.864584,1
3.7410102,13.934081,0
1.2973344,6.104185,1
9.663074,0.7166806,1
13.115408,4.371691,1
-6.4399934,3.410017,0
-1.7075826,-2.421796,0
9.889236,11.884006,1
7.851216,6.977131,1
-6.0417013,11.47997,0
9.300233,0.98496956,1
15.651539,4.267698,1
14.740094,4.3049726,0
-1.7591248,10.341305,1
4.494238,15.019412,1
-2.5327444,-1.0259671,0
1.7636102,6.4844837,0
-2.5337746,-0.67531705,0
-5.078392,2.2994566,0
3.5961006,12.286117,0
-3.3030095,12.6343775,0
7.783689,2.3697653,1
-2.1655986,-1.9199467,0
12.426873,-3.762111,1
-2.8320844,-1.6865108,0
14.309812,9.403428,1
2.4417226,11.972364,1
-3.8741612,11.656951,0
-5.6697516,9.0386715,0
0.70793283,14.260471,0
-1.729965,-2.361553,0
7.7576275,2.3101969,1
-4.6759315,2.851161,0
-1.8712484,10.581924,0
0.5946318,-2.7116718,1
14.721813,10.175884,1
-5.0188217,4.1738453,0
14.7135315,9.50667,0
-6.172582,8.787129,0
13.090502,4.4440904,1
-5.0837502,2.213804,0
-1.8743074,-1.4402405,0
2.8696027,11.923019,1
9.386257,0.53853333,1
-4.3168035,2.9937322,0
13.018314,4.11054,1
-6.315032,3.2774515,0
1.209719,-2.2929215,0
9.910804,12.635146,1
-1.4388127,10.294645,1
1.2978964,-1.9141899,0
-3.392399,12.459329,0
-2.1112633,-1.1179899,0
10.843999,13.089998,0
-1.3858172,10.449877,1
0.9814661,7.375332,1
15.213744,3.897333,1
12.523317,-2.8762865,1
11.439162,12.778571,0
10.572313,1.4317762,1
4.5323806,13.42829,1
14.478874,10.370351,0
-5.562725,2.0185385,1
4.2225556,14.649147,1
11.426498,13.0882225,0
12.249762,-3.212518,1
-5.2683654,12.53704,0
-0.61141485,-3.315168,1
14.256697,3.567385,0
-0.96412885,1.7290051,1
-0.9659267,-2.2356806,1
1.8974725,14.673512,0
-3.9395378,13.035019,0
-0.64807963,9.316396,1
1.2775797,6.0521007,1
-4.6987624,11.214587,1
-3.1829472,12.730763,0
-2.4535735,-1.8893391,0
9.167422,12.122493,1
13.097124,-0.39104432,0
10.552466,11.888082,1
9.246295,7.0663548,0
-0.38182995,1.1672848,0
13.495788,10.208195,1
7.7304535,2.2745125,0
-0.50011015,-1.8225559,0
-2.6774023,-1.2538637,0
-1.4503918,-3.0768838,0
-5.972707,11.700095,0
-4.7488117,3.9518943,0
10.781654,13.80531,1
-1.950774,-2.3422956,0
3.7273695,11.991959,0
-0.8517158,1.177118,1
14.158546,9.18998,1
-2.246728,2.803061,0
-0.77508,1.6401082,1
10.492281,11.302415,1
13.328572,-0.4626264,0
0.13672356,-2.1739998,0
3.6830842,13.972669,0
7.2298,6.707834,1
-3.8356323,12.683678,0
1.6872783,5.2880607,0
-2.405832,-2.019848,0
13.424056,3.7307978,0
-0.25806904,2.016493,1
11.180862,12.828852,1
0.8793301,13.950978,1
-4.27876,2.55118,0
13.420771,3.5443847,1
1.0920956,5.98761,1
11.775143,-3.0523133,1
-4.014384,13.548021,0
12.42392,-2.848055,1
11.367188,12.706436,1
4.27407,13.522768,0
9.882426,1.1895144,1
11.080043,13.697387,0
14.117369,9.781693,1
3.0294764,11.9531765,1
1.3485259,5.919358,1
-1.6748656,10.78349,1
15.056475,3.8957732,1
10.537002,1.4070295,1
-4.9150357,12.818043,0
-6.0505595,3.6868923,0
-1.9907607,-2.975107,0
10.106196,11.308762,1
0.7451252,14.2708645,1
7.520528,6.1002,0
1.4103485,-1.2863289,1
-6.9708605,3.488844,0
10.793881,12.187239,1
7.7007933,6.3023763,1
15.544999,4.30885,0
1.7019281,5.6828732,1
1.5911016,-2.7862248,0
7.486461,6.389947,0
-3.9703312,13.204843,0
-2.5745957,-1.5554053,0
13.568483,-0.054257017,0
-2.0804105,-0.84978217,1
5.024035,12.355621,1
8.307757,6.0310774,0
0.6362321,14.155787,1
-6.036407,8.303117,0
7.883577,5.582054,0
8.102057,5.806877,0
13.330593,4.164584,0
-1.9861295,-0.3787055,0
-3.3438845,13.216607,0
8.262455,2.3867683,1
-5.3010902,2.1941447,1
1.6675801,5.9648848,1
-0.40862304,-0.75260144,1
10.6374,11.76468,1
-1.0949818,-0.78371847,0
8.967658,12.8313,1
1.2345719,4.493906,0
9.9172535,11.829622,1
12.997789,-3.4217625,1
1.5122218,-2.5733042,0
12.888458,-3.2904503,0
-1.8712356,1.9110864,1
9.919201,12.337773,1
1.4163369,-2.8071926,1
10.946577,13.643074,1
11.867937,-2.2000537,1
13.482772,4.2476125,1
3.774041,13.512856,0
11.413719,12.724949,1
9.886513,1.5396588,1
-4.0639358,12.810132,0
4.0075192,12.087923,1
1.3439054,5.9832053,1
0.9928715,7.1837277,1
-2.2498984,-1.649141,1
3.7243018,13.828097,0
3.6809776,13.219604,0
0.117730655,-3.2159686,0
-4.3485417,13.282232,1
-1.4805158,-2.5075495,0
-1.4591866,10.410558,1
4.398053,13.059293,0
0.78273827,5.1427994,1
13.013914,-0.030011548,1
-5.3599753,12.455055,0
0.2558312,5.949963,1
14.388876,9.892459,1
9.07074,12.292969,1
-6.0130143,11.769327,0
3.745461,14.075256,0
9.629908,1.3830395,0
2.6823673,11.722742,1
-4.867453,11.357426,1
1.6910537,13.612789,1
-4.460847,3.0603192,0
9.044093,12.986214,0
1.315643,4.2601666,0
-1.0074764,1.6765888,1
-6.1786237,8.85162,0
-4.774999,12.543083,0
0.6581018,14.110598,1
-5.772207,2.1566167,0
13.133591,-0.042521905,0
11.111944,11.866672,0
12.488811,-4.0235167,1
-5.5192947,2.7621086,0
-2.052624,10.65065,1
15.155564,3.85792,0
-1.6690425,0.04885874,1
3.5689275,13.696324,0
4.669468,14.330215,1
13.10195,-0.108216144,0
0.46364844,6.033875,1
7.518834,2.2475495,0
2.4170587,11.708288,1
0.2542938,-1.19133,1
-1.278203,-3.2257903,0
12.561902,-3.1756606,1
12.1935625,-3.080596,1
-4.3787365,12.766935,1
3.889155,14.229225,0
9.311864,1.916821,0
-5.381029,3.4927366,0
-6.1298485,8.852178,0
13.105966,-0.116060905,1
7.4940476,6.785838,1
-5.8445716,11.341372,0
-4.934943,12.037848,0
1.5852429,12.343496,1
1.144571,14.505989,0
3.4945445,11.910775,1
13.363129,-0.30019894,1
9.290708,11.998644,1
-4.1043544,12.531278,0
10.832601,13.183945,1
-1.6712933,1.1565672,1
-0.589951,9.255723,1
-3.1018841,-1.0307871,0
13.241147,-3.2614555,0
0.5375794,6.6495748,1
-1.3331094,-3.180148,0
0.6802452,7.7485967,1
9.294719,0.616185,1
9.869799,12.025584,1
1.1938784,14.238486,0
-6.681715,2.7922843,0
-6.5779605,3.5399525,0
9.738504,1.211836,1
7.380415,6.3688183,0
-6.333681,3.5744367,0
0.4628717,0.93902516,1
-6.128067,11.658176,0
12.919949,-0.109383665,0
0.28129563,6.578992,1
13.642246,9.9728155,1
-2.4282527,-1.0656772,0
8.90582,12.7877245,0
15.627757,4.217364,0
11.14541,12.9331,0
-2.9083788,-1.0870646,0
9.836657,1.1865264,1
14.865859,3.9536994,0
13.242791,-0.29461256,1
7.3639817,6.146468,1
-1.9511324,-0.6214711,0
-1.4427757,-3.072795,0
4.3670444,13.320308,0
4.2876706,13.365034,0
9.859917,12.340989,1
3.2823942,12.623493,0
-0.033832796,0.6417173,1
-5.3124437,11.487316,1
9.924194,13.352141,0
0.40890086,-0.49599925,0
15.413104,4.13837,0
9.264993,0.65939265,0
0.51426846,5.584283,0
9.803113,0.87863153,1
12.832482,3.9154797,1
13.44573,10.2433815,1
14.606921,10.107308,0
1.1218958,-1.6216037,1
0.7021641,-1.0417112,1
-5.0463586,4.7919927,0
-0.57258576,-3.2748663,0
1.3662302,-2.672744,1
0.98808205,-0.38463423,0
1.2022543,14.218703,0
13.28058,10.193329,0
-5.0259995,2.0211277,0
0.14690319,5.5829873,1
2.4296992,12.006671,1
1.1989933,-1.3246067,1
10.508548,11.544455,1
-1.8885107,10.362417,1
10.9717865,13.817684,1
-5.665111,9.131142,0
-5.9563813,11.960828,1
-6.8081737,3.0151105,1
-4.501413,2.5780513,0
-1.6634641,1.1832092,1
7.867751,6.9687166,1
11.754733,-3.3064218,1
-4.542972,2.850438,0
1.7572619,14.756947,0
1.720208,4.769285,0
-2.5514665,-0.15571381,1
0.91029716,-2.488519,0
-0.95627815,2.2985678,1
-4.3188233,11.231417,0
-0.31400248,-2.6014702,0
0.6169214,-1.0987371,1
14.061839,10.546417,0
-0.67944217,9.433575,1
0.45323718,5.506639,0
-0.5233385,1.1027156,1
1.3813328,12.960392,1
9.060378,12.87167,1
2.4391882,12.060018,1
12.978717,-0.2787311,1
1.6622801,-2.3180587,1
-4.973943,2.1627169,1
0.6297302,6.6981263,1
1.4785185,4.4336395,1
-6.381507,2.8965976,0
-4.8771696,4.3747706,0
-2.5180135,-1.443927,0
-2.1197417,-2.6218495,1
1.6911482,6.7365513,1
7.1821604,6.591538,0
-5.743329,8.774899,0
-6.100916,9.355044,1
-0.17800693,-0.07050387,1
4.041908,14.268928,1
-0.08562416,-1.5223398,0
9.337673,7.180632,1
1.2727262,6.0079618,1
-5.0947843,4.769354,0
0.07474998,5.6028247,1
4.086444,15.159014,0
9.81659,1.0865926,1
1.6857847,-2.623106,1
10.471107,11.936448,0
0.20050624,-2.7173343,1
0.6248125,13.963258,0
-3.0828075,-1.1242764,0
-1.5513057,-0.038980596,0
10.890087,13.708312,0
-2.6068518,-0.85427284,1
-1.0796316,-0.6024025,0
2.1510122,6.818403,1
1.7687988,4.997828,1
-1.2279898,-3.1971142,0
2.8156638,12.472455,1
14.308087,9.4553795,1
4.9111357,12.660862,0
10.4273615,11.709779,1
15.495624,4.2255235,0
-0.85812694,-0.9677453,0
0.53324735,6.0338216,1
0.2612058,6.447918,1
0.72756535,-0.19638264,0
-3.465281,13.447013,1
14.724797,9.584692,1
0.042018093,-1.183458,0
3.9004438,12.601085,0
4.5774407,12.700532,0
14.44383,10.337196,1
2.515198,11.733344,1
-3.3172538,12.508242,0
-2.8815398,-1.5332303,0
1.6291345,6.4189715,1
8.077942,5.8888674,1
-1.903811,-2.5071685,0
10.584219,1.4597526,1
9.191987,12.710238,1
-0.55943036,-1.0575662,1
9.4073515,1.4556776,1
-0.63108724,-3.302716,0
-0.32073006,-2.0504456,0
-0.7499434,9.622137,0
7.653235,5.638319,0
-1.2634879,9.510264,1
11.013234,12.561787,1
-4.5134563,10.93988,0
14.586252,10.012994,0
14.854782,4.3497186,0
14.132835,10.054904,1
-2.9893153,-1.2850353,0
14.460398,4.1963234,1
12.9313135,-3.5395606,0
-6.1837316,9.195144,0
-4.900217,4.571875,1
1.1588349,-1.5938336,1
0.02456396,-2.8430617,1
14.144996,9.634798,1
-5.110613,3.7976892,0
4.869588,14.620291,0
-1.6236222,-0.7188571,0
-4.600063,3.7655706,0
5.048605,12.478402,1
0.19717371,5.9138794,1
-1.0984936,-2.700918,0
9.614607,1.4318608,1
-6.1559753,3.43431,0
15.374008,4.152079,1
1.8330649,14.5746765,1
13.014827,4.0631795,0
4.5918293,13.369338,0
-1.2033732,9.454339,1
2.6828535,11.896853,1
14.751864,9.7154255,1
4.784143,14.903289,1
13.582718,9.255318,1
-5.9113226,3.6744905,0
-5.286698,11.659636,1
-0.59577173,-0.2597497,0
9.107838,7.007472,0
9.919334,12.676126,1
9.879306,12.660753,1
-5.0657244,4.427622,0
1.793463,4.8246512,1
-4.4221745,12.905366,0
0.48182458,0.028367821,0
3.4840589,12.179372,0
-1.6125493,-0.58726335,1
-5.1408153,12.474489,1
0.4456638,4.8764915,1
-5.2422714,2.2238574,1
-6.7318144,3.5233715,0
-3.0835056,-1.0693592,0
10.880967,13.864239,0
-2.1059122,-0.5452229,0
1.826176,14.708644,1
3.4823685,13.331854,1
0.8894097,5.8347135,1
11.122304,13.177044,0
10.672376,13.7562685,0
4.7866945,14.752851,0
8.993536,12.906188,1
9.622035,1.2339579,1
-1.501521,9.679524,1
-2.1054287,-0.83185655,0
-6.7890444,3.1369877,1
-4.864374,2.8848057,1
-4.9728928,4.7737765,0
10.14147,13.659318,0
-6.2240267,8.455524,0
-0.62137496,9.511392,1
8.878859,12.643283,1
-2.0533507,-0.43734452,0
13.99061,10.556274,1
10.882139,13.818772,0
1.8425308,14.291497,1
9.363641,1.0627326,0
-1.7492294,-1.869055,0
15.1835165,3.9269118,1
11.763507,-3.530888,1
-6.9330354,3.2767172,0
-3.098864,-1.0923427,0
13.08849,4.3594036,1
-0.7557259,-2.2144623,0
-0.32580182,0.548132,1
-0.07453017,1.8593745,1
-1.7386916,10.405084,1
1.6483696,6.46413,1
-0.9234216,2.3069208,1
-1.4302125,2.2175136,0
-5.7085347,2.877406,0
-0.98418415,-2.0705752,0
0.36636508,5.871247,1
-3.46817,12.860336,0
1.2442294,-1.4041944,0
8.888234,6.5475745,0
1.5624198,4.5319066,0
-3.1992111,12.832154,0
1.0427353,-2.3460093,0
1.3235403,-1.2943853,1
4.8914514,13.054757,0
-3.9533932,2.710004,0
-6.348068,2.4769025,0
-1.8921976,-2.2311375,0
1.3253738,-2.9963856,0
9.579097,1.4489567,1
13.310194,10.2579155,1
9.432869,12.202706,1
9.306001,0.45668092,0
0.57616115,14.111027,1
-4.425819,12.403229,0
7.607052,2.2693772,0
0.25428772,5.7081733,1
11.024849,13.71256,0
8.018635,5.60702,0
0.6357829,5.6200056,0
-2.5478122,-1.6609945,0
-0.27398092,-0.79816204,0
4.4237175,13.081438,0
13.40053,4.5087843,1
-6.820465,3.5992088,0
0.77232015,6.3344393,1
1.5834537,12.615125,1
10.442252,1.3390057,1
-2.2752678,-0.78412205,0
-2.0342965,0.48589772,0
1.0753173,13.981993,1
14.612985,10.125208,1
2.5826302,12.255704,1
9.125888,12.786293,1
0.63248813,4.6482024,0
14.258529,4.321858,1
14.15755,10.041964,1
-3.2921252,13.16612,0
13.246169,-0.41535076,0
8.352143,2.617317,1
10.134042,13.245625,0
1.4627849,13.232442,1
4.203256,12.3043995,1
7.311978,2.217484,0
15.43278,4.212374,0
13.566028,-0.6025528,0
11.31026,13.203455,0
1.177758,13.700519,0
-1.2484908,9.421026,0
8.344762,6.5645247,0
1.7356169,5.865743,0
10.590764,12.698272,1
-5.801867,2.225987,0
13.851844,9.851059,1
1.8326106,14.429806,1
-4.4801784,11.965188,0
1.4415778,-2.8408043,1
-4.8738146,4.468671,0
13.523821,-0.0480784,0
4.5191545,13.445148,0
-6.389099,2.889959,0
-6.666173,2.9882388,0
-3.704333,11.54446,1
0.6825804,-2.6732607,0
14.456236,4.2841034,1
0.36870426,7.319438,1
14.576655,4.2346334,0
13.404217,10.151405,1
13.736862,9.200248,1
2.729925,12.072629,1
8.215482,5.509753,0
9.628416,1.0732504,1
4.7880735,13.212577,1
0.38159248,-0.1312028,0
1.2066611,-1.439611,1
-6.024736,8.380644,0
9.835847,12.733963,1
0.3189171,6.102304,1
-0.9119674,-1.8309082,0
-2.925927,-0.9893752,1
12.548641,-2.9648,1
15.807721,4.429671,0
-1.8937728,-0.4472591,0
-3.5834138,12.375021,1
2.7636757,12.294777,1
7.4285684,2.3695316,1
11.095203,12.906605,0
-1.9405583,-0.4193331,0
-0.15162767,0.87761253,1
4.6852818,12.768513,1
1.5859456,-1.3339103,0
-5.256974,11.315717,1
-2.2877953,-2.3838277,0
0.4445314,7.117518,1
8.42878,2.8995035,1
-1.6348656,1.1742684,0
1.2643102,-2.2678406,1
-1.5498208,9.673994,1
14.308662,3.6644106,1
12.918644,4.2999077,0
10.443116,13.725552,1
4.3986588,15.032814,1
3.8162234,14.103177,0
1.4573734,13.166539,1
-4.001596,13.447792,0
-1.6604617,9.7879715,1
3.5407891,11.87621,0
10.450091,11.674893,1
4.2458353,12.53298,0
-3.2768223,13.098432,0
-5.2411337,12.9098015,0
0.99268407,-0.2627967,1
9.973812,13.190413,1
13.214416,10.4284315,1
10.389291,1.3161782,1
10.009881,13.442925,1
1.438123,6.8203444,1
-2.574228,-0.9569888,0
9.680286,1.6308973,0
-5.3341613,11.319398,0
14.018251,10.099039,1
7.927756,2.804764,1
-1.7388635,2.0828278,1
9.864991,1.3164265,1
1.1341931,4.3713555,1
9.067296,0.45276996,0
9.923305,13.366114,0
-0.6887398,2.1618366,1
-5.048751,2.8766036,0
-4.4556828,2.7862656,0
9.827747,13.22382,0
13.182322,4.4759803,1
-0.5184688,2.107657,1
13.565468,0.04461475,1
1.2481761,-1.9541476,1
10.477629,11.799834,1
-5.0676136,12.347277,1
-5.5882587,12.012068,1
9.813291,7.4129033,1
-6.1280246,9.341848,0
13.051027,-3.3591232,1
0.65072495,8.320373,1
9.619519,1.0633602,1
-5.7413683,11.123135,1
13.145823,4.3364725,1
0.1051866,-3.0384686,1
3.2417305,12.378345,1
3.9973977,15.196846,0
-2.5141041,-1.4517485,0
13.195313,3.776615,1
1.4848703,-2.840866,0
0.35157648,6.187216,1
0.7024898,-0.5230176,1
-6.1575274,8.955444,0
12.58655,-2.860023,1
13.476968,-0.14083073,0
0.18325056,-0.022075184,1
-4.6740627,2.5118566,0
-0.9341573,-1.104808,0
1.2013538,-2.4743807,1
0.93812764,6.4795504,1
12.575274,-4.114641,0
0.38152525,6.420959,1
-0.58234286,-0.21563607,0
-1.5297197,-3.0078738,0
-4.9251533,4.6615596,0
14.829592,3.8808608,1
4.7989297,13.251962,0
0.4498913,6.0333767,1
13.356262,9.694646,1
-5.8336725,2.079497,0
8.092727,6.8901873,1
-6.388834,3.3615992,0
0.43018025,5.4616446,1
12.3980875,-2.8842678,1
1.6569438,6.5211697,1
-0.44613016,0.633959,1
0.77419466,-2.5269337,0
8.180672,2.4485195,1
3.8872507,15.033488,0
13.092885,-0.04481858,1
-1.7946957,0.8658852,1
10.540441,11.780407,1
-6.256005,8.399584,0
-1.2791603,-2.843846,0
12.312247,-3.565344,1
15.638847,4.3113894,0
13.118619,-3.771014,1
1.858194,14.238059,1
11.430476,12.794918,1
3.750936,12.065364,1
1.1162537,14.141989,1
11.84432,-2.2566652,1
-3.8349438,13.162492,0
9.090906,7.030312,1
1.5368364,13.151938,0
1.0203056,-0.34460655,1
-5.736578,8.519983,0
-2.393662,10.73344,1
7.4511824,6.5994844,0
0.3403046,1.2865945,1
9.859613,1.1115973,1
4.7467527,14.890389,0
-5.789828,8.91174,0
-2.6892426,-0.639554,1
-1.1845771,-1.1600921,0
-3.0125337,-1.0027328,0
4.07921,15.271003,0
1.6413664,14.466661,0
4.960489,14.772806,0
0.79979974,13.8143635,0
11.873525,-2.8272657,1
10.949057,11.703806,1
6.9711146,2.3380787,0
13.3478,3.9672832,1
-0.7809888,-2.860842,0
1.2718524,6.1663713,1
10.636643,11.560187,0
1.4526371,7.2945976,1
14.220556,9.997724,1
9.607715,1.2102901,1
4.2553315,15.334545,0
4.728408,13.137992,0
-1.2644371,2.2819002,0
0.8974955,6.051859,1
3.5993094,12.155658,0
13.485045,0.06995913,1
-0.17082267,1.2750194,1
-4.400502,12.84284,0
10.535273,12.465534,1
-5.2055364,2.1890855,0
-3.5479257,12.120318,0
-2.5590796,-1.3942233,0
12.404873,-2.9114354,1
4.334433,12.15,0
1.8147918,6.6656404,0
-1.4940385,10.498092,0
0.9181845,7.71013,1
9.888616,12.644662,1
-1.7652098,10.939359,1
0.9111367,5.2437563,1
-4.027903,11.771633,0
-7.0221896,3.3649945,0
-2.154809,10.126221,0
0.69074184,14.14267,0
9.981586,12.6195,0
9.730213,1.186734,0
-5.716391,11.165483,1
10.176198,12.319749,1
12.86944,3.9485042,0
-4.966271,12.898847,0
4.8003416,12.309884,1
9.992955,13.288545,0
-3.3889966,13.277332,0
7.664452,2.410506,1
9.21445,0.7534038,0
2.8699362,12.214305,1
-4.5648484,12.917005,1
-4.841554,2.7914388,0
-0.31248605,-1.5853342,0
-3.0320022,-1.0630943,1
-1.0103141,2.0162096,1
-1.8163497,2.4616694,1
8.899733,12.6315565,0
10.539766,11.669804,1
9.422895,0.7971715,0
7.324202,6.274187,1
13.343471,-0.23536272,1
-1.6370783,10.6555805,1
-1.1822709,1.5621175,1
1.2002444,13.756853,1
-5.71814,9.396397,1
9.756019,7.361728,1
-2.268829,10.376868,0
13.325577,9.752321,0
4.708066,14.973955,0
-4.7938457,3.8710535,1
9.076144,12.895762,0
8.501647,5.8973193,0
9.632354,11.862068,0
9.517103,1.1143103,0
0.7031077,13.832558,0
4.1507597,13.805437,0
0.03819452,-2.7974308,1
7.718924,6.2152443,1
12.977797,4.004545,0
12.973992,4.105132,1
10.442414,12.016362,1
-4.4733047,10.810199,1
7.0888224,2.6021075,0
-4.970201,3.0755982,0
9.497697,0.99897504,0
-6.3993773,3.476809,0
11.836076,-3.1523876,1
14.026736,10.247915,1
-1.2535014,2.2119987,1
-4.596838,4.0107384,0
13.816871,10.679355,1
12.506692,-4.1551986,0
-1.5715477,-0.62379736,0
9.349171,1.8386834,1
-1.7181907,1.1031092,0
0.060498193,5.7435417,1
-6.0088735,9.094265,0
14.298515,9.607605,1
1.6847484,5.0535135,1
9.59759,1.5324234,1
-2.4050307,-1.2053819,0
13.469443,-0.71290225,0
-1.9020787,-2.976467,1
1.5686022,14.438659,0
4.1715894,15.112522,0
4.363771,15.330116,0
12.92225,-3.1550665,1
-1.284336,2.2166264,1
7.6672034,5.9637413,0
-3.2527173,12.7857065,0
3.725736,13.315235,1
0.8368386,13.87757,0
0.5635875,4.7940226,1
9.872167,1.2640451,0
0.69770336,5.0547886,1
0.6420731,8.243477,1
-4.375282,10.684379,0
-4.71703,13.018565,0
15.131484,3.8343594,0
2.678646,11.927225,0
9.014076,0.52364594,1
0.7723365,-2.5036504,1
10.557679,11.660019,1
15.375867,4.0212646,1
11.9821005,-3.2684667,1
0.9560712,14.184306,0
-0.052311864,-2.8264148,1
10.520798,12.057998,1
4.237772,12.475705,0
13.46848,9.874106,1
3.030096,12.390688,1
1.2740862,-2.7653995,0
8.377911,6.0514803,0
7.6613283,5.837628,0
8.250943,5.5011673,0
-3.8804398,11.842113,1
0.9047534,7.856541,0
-1.0613898,-2.9095368,0
0.056137476,-2.9519854,0
9.845385,1.4716197,1
9.997315,11.995577,1
14.2429,9.553076,0
13.006453,-3.2659328,1
-2.8320992,-1.2084208,0
4.323157,12.252712,1
-5.7300754,8.809261,0
1.1045804,-2.532568,1
-6.8627954,3.6094453,0
-4.0396333,2.627285,1
11.377223,13.073392,1
7.8439703,2.4118295,0
13.194929,4.357002,1
1.0441164,4.3842525,1
12.946263,0.039641786,0
-5.9157424,12.0984955,0
12.179526,-2.3664515,1
9.18197,0.69434273,0
13.027108,4.0944304,1
12.944113,4.3510356,0
10.146939,1.7298323,1
-1.4254655,10.31455,1
-4.45369,12.756253,0
0.6761585,4.7180376,1
11.349627,13.148415,1
-1.8087845,10.915532,1
14.690167,9.950195,1
1.5894631,4.7849813,1
4.497481,15.000966,0
-1.7446308,-1.0296437,0
13.603182,0.0141168805,0
-1.8223981,1.9786565,1
-5.6536317,3.5181513,0
13.085998,4.178014,0
-4.3016734,11.032188,0
-1.3544754,10.557583,1
12.867232,4.257872,0
-1.4628286,1.3398153,0
13.877749,4.616871,1
-5.298073,2.0334299,0
-5.067234,11.376496,0
-5.070854,4.528313,0
-1.7793206,10.895897,1
12.847778,4.1547737,0
-4.357203,12.134538,1
7.5597444,5.7926345,0
-0.3100913,2.0753326,1
9.26393,12.623263,1
-5.939888,11.645217,1
-3.5901759,12.163216,0
7.711312,6.260899,1
2.8677094,12.650774,1
-4.030244,13.410328,0
7.999328,2.2734294,1
-0.5332555,1.5857263,1
8.310327,6.4886446,0
-1.1219307,-2.4094863,0
11.077627,13.758986,1
14.801369,4.2736936,0
9.645999,0.4641883,1
10.978883,11.827912,1
-0.48911706,-3.3095238,1
0.89348066,7.2004833,1
8.485592,5.95689,0
2.5721185,11.767398,1
7.382536,5.914807,0
2.6545346,11.554031,1
10.438539,12.159988,0
12.965299,-3.4478464,1
9.520483,1.6478058,1
12.124908,-3.3645203,1
4.5002737,14.667805,0
-1.7419877,10.081885,1
1.4860846,12.806659,1
9.940081,1.6710662,1
2.7283967,11.386336,1
-3.444857,12.335581,0
11.7202215,-3.3671644,0
9.088708,0.7529671,0
1.57868,14.867038,1
10.858545,13.929303,1
-4.96206,12.894327,1
-0.98587644,-0.697085,0
13.804358,4.352918,1
7.127923,2.5313554,0
0.86547744,7.331068,1
0.9139098,-1.2528825,1
9.162207,0.7496799,0
10.528301,1.5281895,1
0.2819492,6.9814215,1
9.854423,1.6101743,1
3.2605562,11.83366,1
-6.007242,11.77041,0
14.69391,4.2964764,0
9.077789,0.86047554,0
-7.0352798,3.4186637,0
-1.3234415,-2.558371,1
-0.2546769,-0.60391587,0
8.200357,5.5886803,0
-5.5204954,2.8609536,0
2.8807971,12.139146,1
2.7602348,12.420848,1
3.7371914,13.884815,0
9.513371,1.2203023,0
-4.8301663,3.1064162,0
15.547266,4.1228514,0
-2.1933274,-1.7829714,1
1.407759,12.926359,1
-5.480441,12.126895,0
9.650294,7.3278837,1
3.954876,13.944053,0
-1.9894415,-1.8876357,0
3.0627632,12.236897,0
-5.584343,3.0805311,0
1.6617954,5.8722796,1
1.1028324,-3.2008824,0
3.709594,12.061841,0
-1.0696698,-3.0765636,0
1.7538447,-2.4239137,1
0.2125834,5.754963,1
0.6165848,7.673172,0
12.769373,-2.04324,0
7.2876353,6.3358197,1
-4.5726914,11.1133585,1
9.816951,13.114302,1
4.513672,13.36003,1
-5.592523,11.915385,0
-1.699714,9.952232,1
13.331583,-3.5411966,1
-2.2120757,10.136572,1
-2.9351988,-0.65229374,0
12.602342,-2.168302,1
-2.6473565,-1.0513438,0
14.2056675,9.724171,0
-2.784463,-1.2731944,0
8.907281,12.590012,1
-4.7217274,2.5564752,0
-5.643776,8.530392,0
1.4357082,13.050174,1
-4.495562,2.488958,0
13.854662,9.766927,1
13.429556,9.488763,1
1.2509104,-0.9425771,1
-1.4461195,-2.098903,0
-0.21823007,1.9894985,0
-6.0922585,11.4019375,0
13.337707,3.7752922,0
4.761805,13.028698,0
-1.0678309,0.17092168,1
-0.7973123,1.3886914,1
0.91365635,13.568996,0
-0.6221066,2.273155,1
-4.00614,12.667774,0
12.389653,-3.2329116,0
1.7170509,4.609692,1
9.918823,7.501926,0
13.121945,-0.08053234,1
-4.5871286,3.8896067,0
-1.36791,10.569589,0
-1.5753798,-0.05115153,0
4.8086042,12.9867,0
4.1718616,14.616676,0
9.833804,1.1438963,1
0.5267783,6.4994655,1
-3.1877224,12.927207,0
1.6491092,7.2212963,1
7.1930513,6.6439624,1
11.937523,-2.8979461,1
13.345172,-0.3891768,1
-5.340259,2.5131307,0
2.8990505,12.664625,1
0.45432448,1.1582521,0
9.658199,11.912438,1
10.446985,1.3044128,1
8.306624,2.552425,0
-4.3647604,4.1288576,1
-1.7586213,-0.17479226,0
-1.3225639,-2.8199637,0
-2.1315663,-1.889876,0
13.417449,8.845946,1
-5.8247366,9.173069,1
-2.2839525,10.563423,0
2.92608,11.949528,0
7.7835045,6.0614567,0
0.19873056,-1.2689078,0
1.4519132,5.8634124,1
1.3089081,6.9414086,1
14.685993,10.048405,1
12.366882,-3.9273417,1
-6.256449,3.6788485,0
12.24089,-3.3880267,1
-2.3239326,10.758572,0
-2.785689,-0.5605058,0
0.9703776,-2.1660256,1
2.4908566,11.580523,0
-5.104831,4.7990856,0
-3.370749,13.206585,0
-5.7716475,8.393213,0
8.93083,12.818575,1
-2.1189075,10.580453,1
1.5442873,-2.6281261,1
1.1726468,4.4591045,1
1.4965923,14.568228,0
12.732073,-2.0600934,0
13.550572,-0.3452984,0
-5.9654555,2.456874,0
-4.881427,4.087126,0
-5.668065,2.6796443,0
-2.9124448,-1.0067002,0
7.2205577,2.7809222,0
9.242161,12.310191,1
-4.1603503,10.536533,1
1.6943984,5.901601,1
4.844774,14.69802,0
7.374963,5.947608,1
0.19156452,-2.5045695,1
-5.7817197,12.33555,0
2.668898,12.085187,1
12.901859,4.2934637,0
0.6209581,-0.69810295,0
9.205828,7.089808,0
4.97306,12.759065,1
9.397062,1.8146034,1
0.04477485,-3.2712963,1
8.650066,2.2268245,1
-5.9363194,8.989968,0
-6.3589554,3.4240766,0
13.103572,-0.21481577,1
9.892891,13.253869,1
7.558622,2.2621994,1
1.1750214,6.7724233,1
14.338949,4.2959666,1
4.0702753,15.25395,0
-1.0475856,-1.5206637,0
-4.8301864,12.692823,0
7.81359,2.4036436,1
1.4926796,5.1679,0
-0.7860003,-0.13063298,0
10.509365,12.096571,1
1.7597444,14.700263,1
13.057961,-0.08636965,0
-2.0590909,10.414038,0
11.373275,12.591204,0
8.19977,5.5463147,0
13.188596,-3.3386662,0
-1.513874,-0.05088186,0
-0.5459868,-3.206026,0
3.1920712,11.513444,1
1.4267987,-1.1436486,0
-4.2583447,3.546887,0
13.495135,-0.58312714,0
12.036227,-3.1664805,1
11.326584,13.231525,0
1.4554998,7.0192933,1
4.824729,13.016034,0
-0.5182048,2.1440234,1
10.328677,1.211592,1
8.895673,12.674213,0
12.189934,-2.3917787,1
1.5939769,4.598356,0
7.1472054,2.309263,0
2.7850456,12.442319,1
1.420822,14.269574,0
-0.8378177,-1.6220235,0
11.268633,12.840697,0
8.4173155,3.4061031,1
13.040364,-0.095408164,1
15.290502,3.991846,0
5.072812,12.503759,0
3.8436387,12.214231,0
12.813027,4.1426425,1
0.11550138,-3.2762833,1
11.972415,-3.2716873,1
-0.8374133,-0.044982065,0
3.5378563,12.838872,0
-6.104516,9.294028,0
-5.6472173,12.260767,1
11.872979,-3.1202016,1
-5.7222195,11.411791,0
-6.131926,9.151935,0
-2.6422555,-1.2745482,1
1.6673145,4.9792504,1
13.018944,-3.531896,0
-3.7967608,13.11319,0
14.249578,10.567122,0
8.174196,2.4823787,0
3.7803025,12.657435,0
12.163355,-3.443032,1
12.68527,-4.196849,0
-1.8726314,10.342081,1
-1.6280215,10.846054,0
11.003332,13.310236,1
-4.353013,10.579705,0
11.1242485,13.572604,0
4.825736,14.915468,0
12.8842125,4.2776504,0
-3.4224756,3.7090797,0
8.717837,6.382985,0
12.861328,4.228011,1
-2.6824973,-1.0431291,1
-6.1208215,11.695855,0
4.0642114,13.666304,0
-5.9988084,2.9075677,0
12.4415655,-3.5477226,1
11.354791,12.556559,0
-0.6039531,-1.4915197,0
14.87468,3.9027967,1
1.6424333,13.507533,1
9.176341,6.964038,0
0.8981183,6.1552835,1
9.093088,0.7637737,0
-5.9077253,9.2374325,0
-3.2996166,13.101588,0
0.27315336,5.962557,1
11.25907,13.241738,0
8.520619,5.925024,0
-4.8306103,2.2143233,1
14.51323,9.624167,1
-0.32090393,-1.9235204,1
-1.4299947,10.112885,1
15.684858,4.3162575,0
4.879719,14.599963,1
15.64685,4.2221036,0
-4.6329803,12.357386,0
3.8826656,12.210532,1
8.108111,2.6259015,1
9.027281,12.706555,0
13.617056,4.2479615,1
1.2165563,7.5788846,1
2.7270024,12.423414,1
0.64140546,6.9434514,1
13.325866,4.3104587,1
-5.6322107,11.251229,1
-2.8108397,-1.2152196,0
12.908652,3.9356143,0
-5.810686,12.282571,1
13.091966,4.354285,1
13.754022,3.7647426,1
9.813412,13.05493,1
-0.48892188,-0.4551764,1
-0.09970365,-1.2776852,0
13.155286,-3.2618177,0
-1.0077099,-3.0005445,1
1.1673986,-2.2330034,0
1.831256,14.821375,0
7.8707123,2.41656,1
9.45195,0.7813678,0
-3.5342486,11.7395935,1
-1.5120488,-1.2360187,0
-1.3324264,-1.0943799,0
-2.3093631,-1.7802579,0
3.1374993,11.804801,1
9.592923,1.6812876,1
12.781297,-2.0807128,1
3.685918,12.367269,0
-5.302932,2.445722,0
-0.24979034,-0.08109933,0
10.713714,11.598034,1
4.611594,14.992731,0
15.602066,4.234999,0
1.4740927,-2.779192,0
0.94271135,5.5320005,1
-4.3547683,2.8590956,0
13.623958,-0.4581177,0
1.3685988,12.959827,0
1.2510852,14.618984,0
1.3180813,6.3408628,0
-1.0829409,0.07626903,0
-6.486389,2.6861982,0
9.375134,0.8631371,0
13.80958,9.643009,1
-4.528911,10.960152,1
-6.7881403,3.3803496,0
8.222608,5.531621,0
13.386395,3.7333167,0
-4.253295,11.378205,0
-0.20176925,-1.7496878,1
-0.9674614,0.5555545,1
-0.41511968,1.6732932,1
0.33446354,0.4444602,0
13.269228,-0.23891006,1
3.839094,13.996347,0
-3.4823055,2.7789023,1
4.314261,12.579537,0
14.376851,9.580771,1
7.6870866,5.692848,0
-1.5688875,10.735702,1
5.0083413,12.268743,0
9.171719,12.245955,0
0.8134225,5.4624944,1
10.852028,13.942947,1
9.409922,11.835796,1
10.47686,11.867749,1
-5.6963058,9.187127,0
0.27986288,4.940707,1
1.3614835,-2.08262,0
10.678813,12.721131,1
8.096912,5.769674,0
1.3725065,14.390777,0
13.226366,-0.15926471,1
1.2436919,-3.1484783,0
12.251935,-2.856743,1
-0.05248311,-3.2179432,1
11.0455265,13.6523485,1
-2.339404,-1.7800086,0
15.6463,4.2175937,0
-1.4471072,-0.012555653,0
-4.0740213,3.388203,1
9.864003,1.0585173,1
-4.382427,13.200205,0
-6.836807,3.3964775,0
8.502412,2.6797137,1
10.899383,12.424812,1
1.4021833,-2.4186628,0
-5.8066354,9.545588,0
0.076034196,-3.0309067,0
13.502254,-0.5548287,0
-3.6106446,13.139903,0
13.218218,-3.2405474,1
-0.7520371,-3.2831879,0
-5.0721245,4.3208528,0
7.154104,6.6830435,1
13.537109,-0.11529126,0
-1.8984014,-2.5685558,0
-4.286119,13.359967,0
10.696729,13.930731,0
-2.1516335,10.564016,0
-4.475704,2.8839355,0
11.319882,12.941065,1
1.1574776,6.167158,0
-5.630809,8.960987,0
-5.475499,11.118599,0
12.745223,3.8413324,0
7.2861347,6.1607575,1
-3.1101863,-1.2249382,0
14.342811,3.6546867,1
-3.758558,12.801489,0
12.738468,3.8665795,1
0.33457747,6.6025867,1
1.0434871,-2.8814387,1
13.5466795,-0.23245513,0
-1.1563112,-0.19332443,0
3.8259304,13.97292,0
-4.184365,2.5926821,0
8.559246,6.0180655,0
8.602205,6.00009,0
7.392241,6.666411,0
12.885272,4.316496,0
7.1284475,6.6880703,1
13.558956,-0.71280235,0
-2.863994,-1.0628688,0
-1.2645339,-2.7369556,1
8.899077,12.6717825,0
-6.016343,3.6901977,0
-4.73417,12.597119,0
3.8628042,14.222157,0
0.23578107,6.771916,1
12.003649,-2.7913444,0
10.279326,11.502652,1
7.3799543,6.141224,1
0.43126535,6.350208,1
-0.37309787,1.6577177,0
0.5371174,-1.9401937,0
-4.807881,12.766946,0
13.152172,-0.10445409,1
12.15393,-3.7067795,1
12.816962,0.00023028733,1
0.8998978,-2.2691832,1
12.070232,-3.4671957,1
4.9537663,12.543381,0
-0.8435032,-2.9158933,0
-1.2739674,2.117075,1
1.7095325,4.666226,0
-4.9877295,2.0936136,0
13.384985,-1.0091096,0
1.4170835,13.758207,0
10.266382,12.89027,1
-0.25350612,-1.0816064,0
-4.262766,11.225222,1
-2.9102552,-0.9558146,0
1.6376932,13.793549,0
2.4207845,11.626114,1
-5.1870213,2.9403276,0
1.3999867,6.0208163,1
14.17515,9.186808,1
-0.6125758,2.2214143,1
0.9437381,7.0959883,1
13.530366,-0.6636497,1
-0.7823529,-0.8412043,0
-5.8103256,11.331905,0
15.168674,3.8745782,0
10.478709,12.040101,1
1.0084294,14.059093,0
-4.324343,13.398273,0
9.619543,7.301452,1
10.077547,11.70425,1
-0.7644843,-0.9922,1
-6.2284975,3.4477117,0
9.736427,0.6130163,0
-0.73827213,1.5484463,1
-4.944436,11.168855,1
13.549751,-0.5233331,1
8.169671,6.1379213,1
4.6711707,15.028903,1
0.44361135,7.384278,1
14.504359,10.145172,1
7.2878156,6.547608,0
-6.868934,3.3992007,0
10.554178,11.896135,0
15.754737,4.419745,0
9.562467,0.97102517,0
13.702812,4.296693,1
12.555623,-2.9620807,1
13.333628,9.775446,1
9.817409,1.424485,1
15.529897,4.1711473,0
-0.30995968,-1.2059014,0
-5.236753,2.147122,1
0.7998831,6.5511723,1
1.8843315,14.700333,0
-3.4921966,11.453909,0
-0.008930972,0.2646366,0
13.725885,9.176639,1
15.604669,4.2724814,1
-3.21538,12.906135,0
9.821485,1.7656448,1
-5.080819,4.7476506,0
-6.238853,8.405737,0
7.414443,6.0025373,1
8.31297,2.5349054,1
7.926172,5.602112,0
13.474555,-0.6850606,0
-0.4908616,-3.2448325,0
10.8604355,13.988296,1
1.3642558,6.053317,1
0.7518757,14.290721,0
14.271314,9.385699,1
-4.9091797,11.468511,0
12.587697,-2.1948488,1
0.7711233,-2.1565828,0
3.4469898,11.816021,0
-4.753465,11.166729,0
1.8281617,14.74288,0
1.294403,13.085738,0
-2.0060568,-1.3635421,0
-0.85660934,-0.59033984,0
-1.4529486,9.82556,1
-4.953232,2.1820295,1
-0.18123156,1.1861577,0
1.0969616,-3.25987,0
-1.5109481,1.3376733,1
13.63847,-0.520701,1
12.342619,-2.8807237,1
-1.8871626,-2.2383277,0
11.4586935,12.830165,1
7.2686186,6.21543,0
0.9423881,6.187839,1
13.011025,-3.0900784,1
-1.8735628,-0.27206793,0
13.175561,4.538989,1
-1.4258884,1.264099,1
10.155564,13.344808,0
4.705624,13.101209,1
1.5910393,12.957755,1
-5.5724773,2.86762,0
-4.9697165,4.0943522,0
2.3965964,11.867877,0
11.881018,-2.7473178,1
13.340255,-3.391711,1
9.985177,12.580987,1
12.607719,-2.2200546,1
1.6979094,5.8870783,1
11.8960085,-3.145436,1
1.7956836,4.955711,1
1.4047549,6.6746435,0
15.491694,4.2782855,0
8.089716,2.4250653,1
-5.915484,3.4909737,0
-4.048411,2.919572,0
6.934653,2.3964956,0
1.8624322,14.606809,0
15.260514,4.034591,1
-1.19519,10.635579,1
-4.675273,3.6521065,1
10.808845,13.808343,1
-4.3817625,2.7563584,0
1.1864665,7.4742923,1
-5.9205985,8.296136,0
-0.9664335,-2.9088244,1
0.89273316,-3.2329261,0
1.1640261,-1.1374112,0
3.2053611,12.088999,1
-0.32342008,-2.5428536,0
-4.104847,2.8327653,0
0.337195,-1.4288284,0
-1.4796095,-0.03845952,0
12.817826,3.860769,0
2.5759647,11.858883,1
0.58359486,14.0569725,0
-4.8372703,4.282916,0
11.387795,13.150614,0
1.5113314,13.339187,1
3.7980328,14.140843,0
-0.36872557,-2.884945,0
-1.528484,-0.035822473,0
-6.5653067,3.3624759,0
-1.7751521,-2.3599238,1
0.6272674,5.549331,1
11.093166,13.716335,0
-6.059693,8.387845,0
13.244706,4.484373,1
-1.4857805,1.5805931,1
11.210076,13.041887,0
0.73925245,-0.1284815,0
8.892185,12.638175,0
10.563464,12.1743355,1
12.018624,-3.4126914,1
-1.508968,9.826649,1
-5.7460065,8.633925,0
-6.9623566,3.3627381,0
-4.170503,3.4792652,0
-0.123120554,-1.3652825,1
10.910832,12.278759,0
-4.7680335,3.9717348,0
0.5737168,-2.7293625,1
9.197785,12.680705,1
12.193532,-2.9723902,1
0.92397714,14.123805,1
7.567087,2.2354245,1
-6.173718,9.022521,0
13.11069,-0.18859495,1
-5.045967,11.592358,0
0.23825929,1.1222922,0
3.7409513,12.040773,0
7.7006593,2.7404268,0
4.245906,12.78738,0
14.7735615,9.826988,1
11.215239,12.448496,1
14.333843,4.312601,1
0.25732407,5.8345613,1
1.324676,-2.802508,1
8.407229,5.211424,0
-0.85415965,-1.2823569,0
0.24504809,5.922277,1
-2.0577524,11.146625,1
9.851824,7.452134,1
-5.8086214,9.478756,0
-4.186024,11.146939,1
-5.7898417,2.3160057,0
4.78973,14.855967,0
15.71947,4.339696,0
-6.0190725,2.3024912,0
14.585387,9.748742,1
7.3321214,6.4241185,1
-4.082614,13.352339,0
0.88000184,-3.2610526,0
8.24273,2.409194,1
13.393897,10.138926,1
4.573453,15.05194,0
1.0966464,7.2149405,0
-0.8543324,2.2544415,0
9.70358,1.6870286,1
13.317799,-0.21583286,0
-1.555903,-0.61433196,0
9.931928,10.960382,1
8.134154,6.7594395,1
1.7142802,13.8284,0
-1.3594387,-3.1410294,0
-1.9296745,10.581806,1
7.583151,5.663405,0
12.722381,3.8458924,0
10.444696,1.3696817,1
-1.3007792,-0.8541311,1
11.865295,-3.3422847,1
0.03131578,-0.06622694,1
1.2273606,-2.188483,0
8.377868,6.0619493,0
7.820936,5.724254,0
7.5947514,2.2456174,1
-5.1731277,4.348975,1
3.5251563,12.491389,1
4.0818973,12.987577,0
11.830186,-2.7927125,1
0.8694503,5.3809114,1
10.164532,11.62277,1
7.9751472,5.9976726,0
-5.4550977,2.5577505,0
12.937428,4.325509,1
-4.253307,11.197674,0
1.3403845,13.043872,1
10.141159,13.524641,0
10.687433,14.023357,1
11.192493,12.0422,0
-2.1691506,-2.6657932,0
-6.3655195,3.5650792,0
-5.764376,2.7509928,0
9.196357,7.330946,1
-5.10508,4.8325405,0
1.5652694,6.8625426,0
-2.0177958,11.07895,0
-4.7638736,12.519647,1
13.293271,10.178108,1
-1.2542372,10.011879,0
-0.06906342,1.4937372,1
10.842111,13.81646,0
1.447733,12.644032,1
12.524872,-3.3859723,1
1.5443943,-2.894545,0
-1.4163285,2.114666,1
9.671342,11.662651,1
-4.345697,11.44489,0
-5.52426,9.2060795,0
7.3731804,6.6675754,1
-0.9063887,9.694622,1
-1.8335291,10.029664,1
7.8971033,2.715961,1
-0.3659426,-3.2411406,0
7.1794853,2.403819,0
-5.826335,8.309553,0
-2.4908452,-2.025265,0
7.848739,6.9393735,0
10.659025,12.38892,1
8.17413,2.3489797,1
8.488591,6.234701,0
3.4789476,12.099962,0
13.302456,-3.6401906,0
1.2648839,6.174389,0
8.193356,5.51259,0
-1.8963894,-1.0250423,0
0.19172531,5.205561,1
3.0803778,12.372805,1
1.2249296,4.504679,0
1.3198688,-2.8867667,1
-3.791228,13.082347,0
-1.2601349,2.655614,1
-4.6434855,12.650648,0
-5.912604,3.617517,0
11.044229,13.091512,0
11.178045,11.9302845,1
-0.74428815,1.8565814,1
0.7115785,-0.7323998,1
-2.170122,-2.7136135,0
7.6831207,5.6826425,0
-5.948201,2.2980206,0
-2.8669198,-1.5671834,0
10.487159,1.2579323,1
6.943332,2.3698535,0
-3.2574768,13.060498,0
9.150553,0.841032,0
7.1615405,6.7256703,1
2.6374934,11.920178,1
11.395911,12.839474,1
13.201367,-3.2791762,1
0.12210548,6.2365303,1
-4.2441883,11.807739,0
13.241282,4.035359,0
9.903191,11.970442,0
7.4950757,5.831469,1
-2.0936675,10.301078,0
-4.0395775,2.9877577,0
1.7372348,-2.2588286,1
-0.5004522,-1.4251493,0
13.297689,3.7989113,0
13.242734,10.396133,1
13.477332,-0.58360034,0
-1.8719566,2.5857248,1
-2.5696883,-1.509978,0
13.978779,10.555536,1
-0.92125493,-2.0043857,1
-0.15189861,-1.7317144,1
-0.390053,1.6542841,1
14.314699,9.221433,0
9.932109,1.2181607,0
0.2924179,-2.3124328,0
13.930469,9.284085,1
-6.201838,8.886987,0
8.128615,6.0114174,0
0.14257896,1.2253278,1
4.854483,14.851122,1
3.7537465,13.499291,1
14.457707,4.202384,1
1.3489916,-1.7755286,0
15.079502,3.806599,1
-4.8461776,4.0027285,0
-1.4461138,9.967709,1
-5.2775574,11.453556,0
13.035472,-3.2315407,0
4.8019695,14.225237,0
-1.3530314,9.641455,0
14.004519,9.119806,1
4.895221,12.680927,0
9.326563,11.971049,1
-2.6864254,-0.52110475,0
-0.38181397,-1.9210808,0
-2.0314603,-0.39996907,1
9.241748,12.133161,1
13.587855,-0.46983665,0
10.857603,13.316533,0
-4.4943953,2.7872474,1
7.238753,2.34853,1
12.609701,-4.268523,0
4.29433,12.705696,0
10.988127,12.388352,1
11.599221,-3.2778897,0
9.061004,0.42534482,0
13.881457,4.408361,0
-2.0876236,10.5765295,0
-3.6479447,10.586552,0
-5.8025126,8.341809,0
7.0475235,2.3641715,0
12.52579,-3.6398368,0
-5.038393,4.337263,0
0.1981782,0.8457074,1
15.549137,4.2447734,0
7.3197284,6.050299,1
13.452538,-0.3730279,0
-5.590454,9.10524,0
1.7653389,-1.917255,1
-0.5797981,-3.251081,0
13.148759,4.3918386,0
1.6549412,6.536371,0
10.269996,1.5429142,1
8.43073,3.3106866,1
9.486953,1.0919058,1
-6.2668686,8.827126,0
-1.5492008,10.636931,0
4.4588895,15.056902,1
2.5055957,11.325476,1
11.02297,13.6839,0
-1.070478,-2.7016373,0
1.8902651,7.071245,0
-6.108177,2.559468,0
7.4451942,2.3885167,1
8.226695,5.5161333,1
-6.3125634,3.5013552,0
10.873859,12.915548,1
0.12707579,-1.6187367,1
4.7639556,12.508779,0
3.1790237,12.29139,0
14.734324,4.2790713,0
-1.2019316,-0.1570977,0
11.821359,-2.5762172,0
11.050837,12.830106,0
-4.0199556,13.191429,0
9.230213,0.75317246,0
0.7986392,5.99974,1
-4.857571,4.3060107,0
13.656724,9.12771,0
-1.4108719,2.3052294,1
13.586213,9.386294,1
-1.3086357,1.4771823,0
8.423618,6.3848596,0
-4.6593337,11.901977,0
9.326777,12.335612,1
13.87995,9.748415,1
4.4899964,14.712058,0
-0.7632525,9.570548,1
-1.0958062,0.073268324,0
7.162063,6.696957,0
1.0119743,4.395541,0
9.605675,0.54716414,0
2.4281158,12.152244,1
14.262153,9.160175,0
0.2739784,-2.2978914,0
9.83607,13.105217,0
1.1871185,6.7240224,1
-4.6237926,2.8816566,0
4.2702146,12.615939,0
13.341332,9.644508,1
9.044581,0.5565723,0
-6.6932917,3.3139563,0
-1.7939322,10.367053,1
12.664992,-3.157023,1
11.941129,-2.8964727,1
-3.7959058,10.6343355,1
-0.006941106,6.2585196,1
-1.5577353,10.0208845,1
1.4620979,4.6399198,0
-4.0884852,2.89472,1
-0.20320113,8.983283,0
14.863117,3.9244754,1
0.33003178,7.313392,1
4.1732,13.733358,0
14.573607,9.4545965,1
1.0288123,7.7721615,1
0.14462596,5.5625787,1
14.40049,10.464943,1
-0.28623083,1.6097398,0
14.283418,10.494838,1
9.673789,1.5644164,1
0.45170027,4.7732067,0
4.565229,14.658706,0
1.1536812,14.1296625,1
-5.763707,9.4193125,0
13.850917,4.4617558,0
0.6719881,13.947198,0
1.6682106,13.6048765,1
8.495972,2.5082471,1
14.558061,9.995895,1
3.4649882,13.760316,0
14.843934,3.9151335,1
12.542329,-4.1677127,1
10.458776,11.935876,1
9.452029,1.3116835,0
-0.77723795,-2.927508,0
-1.5644789,-3.1420524,0
7.9658747,6.9360585,1
10.1760435,13.58879,1
13.794487,4.351759,1
3.3831146,11.955506,1
3.72971,11.9960575,1
-0.59620005,-0.2982453,0
-6.175367,3.4294307,0
-5.020989,4.5281386,1
-1.7453758,0.8358115,0
9.696105,1.454346,0
-5.4041557,9.578935,1
13.780876,9.577281,1
13.822013,4.374111,1
12.363775,-3.8853366,1
7.735856,6.2435093,1
8.244058,6.6754313,1
0.6848055,0.22580212,0
1.6233826,14.7095375,0
0.24415617,-0.5351779,0
-3.6212158,13.608409,0
10.13631,13.482048,0
1.0376073,5.4418855,1
8.033835,6.845462,0
3.8283234,12.502785,1
-6.1427712,8.850179,1
7.1907377,6.527882,1
4.395964,12.852681,1
8.74028,6.4659796,0
8.091897,6.868581,0
10.950579,13.65384,0
0.04143178,-0.98107976,1
-0.7689265,2.3848925,1
9.823287,12.38009,1
9.336532,0.47420463,0
10.5686,11.761715,1
0.09502608,0.31173155,0
12.584595,-2.8568485,1
4.799959,12.522318,0
0.64110917,-3.2087603,0
9.270816,12.118871,1
0.8891009,5.6873474,1
11.938718,-3.0292401,1
-2.647018,-1.9309677,1
-5.4747453,2.2510254,0
14.361213,10.14951,1
13.773692,4.3369746,1
1.6023122,14.744252,0
12.731198,-3.4100814,1
-5.580163,2.229602,0
9.41625,1.1978114,1
-1.1051061,2.667226,1
0.23428005,-0.22128597,1
13.516229,0.032478034,0
14.264178,3.5618315,0
9.230476,7.0306177,0
7.718701,2.807988,0
14.358981,10.145997,1
10.969532,12.313978,1
-5.072132,4.684032,0
13.589217,0.05637214,1
-6.442792,3.4393172,0
-0.013621305,6.4292593,1
-0.965117,-0.26778418,1
-5.651632,2.6181757,0
0.17804801,5.531559,1
-4.745581,12.456271,0
0.69183135,6.9549236,1
-0.3319683,-0.8249035,0
7.145187,6.4617176,1
11.356687,12.460292,0
4.650939,12.632785,1
4.245768,15.337122,0
2.690565,12.186699,1
4.06708,12.584017,0
8.907596,12.59744,0
-4.3040276,13.166969,0
0.43301728,6.419766,0
4.6661677,12.5284395,0
9.55767,1.283822,1
13.08632,4.4708714,1
3.4469566,11.848638,1
0.5703328,-1.0916905,1
-6.9044456,3.1694987,0
-2.115124,-0.94637597,0
-3.9071655,11.412466,1
10.237016,11.666548,1
-7.013495,3.424515,0
13.211049,-0.31302196,1
10.7233715,1.5829263,1
-5.095335,4.582058,0
0.9415173,6.823614,1
-2.7720084,-1.2924145,0
-1.9191655,10.510341,0
9.932127,13.006529,1
13.477121,3.712311,0
1.467361,-2.041023,1
1.2642828,-2.1834311,0
12.870069,-1.9791324,0
7.197859,6.51813,1
-5.0788746,4.754892,0
9.325966,12.467788,1
-6.1050878,11.8025465,1
15.408697,4.1760306,0
15.198406,3.901032,1
0.23500967,1.3207837,0
13.933251,10.324224,1
-6.995836,3.387311,0
9.352192,0.6876848,0
12.615439,-3.3316123,1
-0.7129603,2.1978467,1
-5.623429,3.405567,1
3.7312608,14.018191,1
-4.000765,11.669411,0
4.2476025,15.365908,0
-3.3459861,13.25752,0
1.0526736,6.4553924,1
11.823619,-3.1635354,0
7.503419,2.5804238,1
0.43831503,1.0575162,1
12.158411,-2.9580436,1
1.1378304,14.06849,0
8.295898,2.5431082,1
10.81916,13.949792,0
8.550749,2.558023,0
3.5974965,13.053736,0
10.208419,11.460988,1
3.933895,14.071973,0
12.499185,-3.1790485,0
-5.9053106,8.544036,0
7.078255,2.360179,0
-2.1839309,10.176349,0
-4.438725,10.692966,0
-4.0731335,13.362836,1
-5.7986345,11.706691,0
14.228105,3.7355158,1
-0.034905165,-2.8018014,0
2.4940815,11.637785,1
1.5594745,14.133388,1
-3.966506,12.234443,0
3.3162131,11.642094,0
-1.9161271,-1.2284218,0
9.155939,0.50463325,0
9.265319,7.3111386,1
-6.925003,3.2284677,0
10.432021,11.724759,1
-5.785876,9.482381,0
2.4083724,12.141755,0
4.735948,14.494633,1
-6.3690047,2.5187893,1
-5.1307316,12.470195,0
-2.2070403,-1.741696,0
9.22124,0.77075213,1
1.7781919,-2.1653767,1
0.5629731,6.155835,1
1.1822579,-3.0628893,1
0.91814715,-3.2168348,1
-1.839262,-1.7092016,0
-6.102242,9.196924,0
2.7760284,11.981207,1
14.866302,3.957748,1
12.358433,-3.1151829,1
4.3814135,15.238654,0
-5.813451,8.38839,1
-1.1426718,2.0224493,0
0.68666065,14.216775,0
-4.6442223,3.9644647,1
3.4018633,11.904444,1
-1.2287691,-2.8319063,0
0.45936674,0.49394184,1
0.9738095,-2.6025538,1
1.3994861,12.957038,1
-1.4036282,-1.8618954,0
-3.6550338,12.128192,1
10.570262,1.2935674,0
7.8487134,5.619232,0
3.3872552,11.8061695,1
-4.0975,13.433454,0
4.014845,14.884766,0
8.920104,0.4558325,0
-6.059193,3.7403767,1
-4.6259294,3.253537,0
0.69346756,13.990815,0
9.185518,0.7766012,0
1.49215,-2.0801375,1
14.406153,9.649998,1
3.0943959,12.650679,1
7.6586723,2.8019502,0
9.298208,0.69691473,0
13.322903,-3.4346404,1
-6.7787194,3.6455965,0
-0.12141219,-1.6990952,0
15.064907,3.884237,0
4.3811007,14.360091,1
9.918327,12.176832,1
13.246791,10.406544,1
-0.6425844,9.247694,1
14.226011,9.822865,1
3.867755,12.143228,0
8.097971,5.57364,0
1.312151,-1.8456285,0
0.46871504,-0.30101562,0
7.57602,2.3055463,0
12.935327,-0.12985244,1
0.50052327,7.1476164,1
-1.477555,10.469368,1
-4.057832,13.306178,0
-5.9401526,2.2580342,1
8.969803,12.405756,0
-5.0426693,2.089766,0
10.519401,1.2744361,0
-4.5298643,3.814518,0
1.2596326,-2.064876,0
-3.692542,13.106515,0
-2.3127112,10.944412,0
13.3875,9.754859,1
0.80533785,7.215232,1
9.922886,13.0191965,1
13.522871,-0.19305679,1
-2.1310217,10.524911,0
9.9025,11.416626,1
12.752322,-2.120357,1
-5.9480715,11.765302,1
12.330708,-3.173902,0
0.4019613,7.2223415,1
14.18518,9.114111,0
-1.7426422,2.7597451,1
-6.05761,8.73591,0
-3.7329192,11.160988,1
0.7269855,-0.18295331,1
1.1292976,14.5436535,1
-5.2496185,2.1922994,0
-5.923119,11.442443,0
-0.7815044,1.1686288,0
10.529957,11.908733,1
1.6645143,6.4719214,0
0.7990969,-1.0073835,1
8.259792,5.528535,0
9.211299,7.107662,1
13.255363,10.418204,1
4.413457,15.175307,0
-4.633601,12.90305,0
-6.1536484,3.4673805,0
-4.6103444,3.2027636,0
7.5410833,6.3715525,1
-4.957312,1.9605237,1
0.4410199,-3.3437824,1
10.967353,13.760685,0
14.119314,10.106904,1
4.6569448,12.9179125,0
-4.5547967,12.143909,0
9.330984,0.62108904,1
-4.970722,12.891831,0
8.519664,2.3268833,1
-6.4303546,3.4615655,0
3.0745487,12.625622,1
-4.0308795,12.563599,0
10.512697,12.151009,1
14.862817,3.9848273,1
-5.9874077,2.2891746,0
-4.6903996,13.241772,1
-6.316374,3.0170395,0
-0.6004554,-3.2982767,0
7.1439657,2.7021096,0
15.633761,4.228283,0
1.5104676,6.2337303,1
0.61835706,14.150355,0
14.770294,9.688006,1
10.512657,11.497781,1
1.4829131,14.679953,1
1.6660115,6.520179,1
13.304589,9.838176,1
-5.3603544,3.1252296,1
-1.1893325,10.0563135,0
-1.8332354,10.399056,1
1.0308508,-1.135885,0
11.075561,13.678114,1
14.607701,10.012215,1
-5.1785903,11.468573,1
14.784777,9.67343,1
-5.6390023,9.149182,0
-1.4390144,1.0971901,1
-5.720105,9.092541,0
-0.874489,1.3664429,0
0.662809,7.529755,1
0.10110967,5.822876,1
0.33123627,-0.09413355,0
10.857344,13.943876,0
-1.9751178,-2.9872851,1
1.462106,4.354815,1
3.4908357,12.56935,1
9.222567,0.8831764,1
14.576784,10.233559,1
0.678695,14.247243,1
14.488595,9.740151,1
7.369336,5.9260235,0
0.9580371,14.493849,1
-2.181396,10.19161,1
14.584174,9.703438,1
14.063156,10.42828,1
-1.0592756,1.5061629,1
12.496374,-2.1730227,1
13.349165,-3.449812,0
-6.2804356,3.0597055,0
14.19408,9.785774,0
13.663975,-0.37897626,0
1.8894773,14.53897,1
9.129148,12.734877,0
8.009798,2.4487274,1
-0.5595118,-3.0674706,0
-5.621526,9.000719,0
-4.938771,4.579458,0
9.872243,12.362322,1
12.703179,-2.1489813,0
11.319004,13.189643,0
3.7584414,13.49256,0
-6.0611377,3.717556,0
-6.1150384,8.899971,0
-5.5209312,9.609895,0
10.363247,11.574094,1
-4.919892,4.733458,0
1.2236603,5.4967465,1
15.713663,4.344739,0
12.17061,-2.8759768,1
9.648116,0.4775625,1
3.2328842,12.676622,0
1.7071332,5.963466,0
-6.9772086,3.5299866,0
9.283943,7.228975,0
4.3699894,12.354211,0
-0.61084515,1.7989181,1
-1.5024755,2.1703024,1
7.841381,2.4573882,1
1.5983173,-1.4125091,1
-3.3938541,13.291297,0
-6.0127134,8.260525,0
-3.4821534,3.723455,1
8.2507925,5.5077777,0
8.416829,2.5859601,1
10.206229,13.412469,1
8.422397,3.342357,1
-6.179637,3.492404,0
3.8271136,13.634615,0
-1.611402,9.769018,1
-5.4787416,12.074339,0
-0.035578582,6.0847387,0
10.434985,1.6412454,0
-4.885021,12.79392,0
-0.3153157,-1.5698104,0
-3.0180154,-0.8978415,1
0.91064334,14.291574,1
-6.5851097,3.3431554,0
1.1893829,14.2961035,0
0.18985805,1.1713843,1
9.763482,7.360443,0
-6.18637,8.779793,0
-2.651498,-1.9389571,0
11.316629,12.372103,0
0.036821254,5.6016665,1
-2.0214417,-1.9039612,0
4.243286,15.371299,0
-4.6698995,2.7205274,0
-0.90754795,-2.0051887,0
0.3947679,-0.7022131,0
13.786397,9.31651,1
-4.710606,12.006203,0
8.057944,6.9176855,1
-6.56243,2.8298018,0
-5.7084866,9.570416,0
1.7197605,6.6558404,1
-0.16859522,-0.01002373,0
-4.45687,10.717956,1
8.062434,5.828402,0
0.5736865,0.013702807,0
-2.0861433,11.066587,1
-5.004587,1.9800642,1
-1.4966234,1.2974647,0
-0.7860021,-2.087668,0
1.1724944,-3.1840405,1
9.60739,0.49113664,0
4.220307,14.549084,0
12.121021,-3.175005,1
0.13037236,5.625797,1
14.392616,10.47846,0
-0.6588065,-3.2797298,0
-0.83084714,9.732569,1
10.30438,12.084258,0
-2.894021,-1.1258358,0
-4.8014913,12.623616,0
1.887959,14.576325,0
1.0848217,13.628622,0
-1.8830876,1.7806,1
0.39632457,7.0009756,1
3.3818839,11.81485,1
14.043893,10.079672,1
4.111231,12.710588,0
7.40738,6.0979185,0
1.0239562,6.8645115,1
-1.6848848,9.785336,0
14.417175,9.203018,1
12.462891,-4.075436,1
10.7169075,13.7613125,1
1.8622767,14.382838,0
13.54246,9.916977,1
-2.0865285,-0.90697765,0
-5.652187,11.157569,0
12.612965,-3.2126644,1
13.11326,4.34098,1
4.662417,14.951149,0
-5.7752175,9.319596,1
1.1645505,13.421448,1
-0.07374315,-1.0172578,1
8.27555,6.4946246,0
9.969982,11.395857,1
-4.6292844,11.5141535,0
1.6346842,14.69433,0
-1.4752959,2.2757986,1
-4.961587,11.798945,1
7.552926,5.675634,0
11.262292,13.016881,0
13.088503,-3.7787209,1
12.261273,-2.8566372,1
-4.5920286,2.627628,0
10.6149845,14.035664,0
2.8074493,12.4617405,1
-0.4978922,0.7117391,0
-2.0700824,10.722414,1
10.608668,11.4233,0
-4.37244,10.624596,1
-4.9974084,11.018971,0
13.4665575,-0.64314693,0
12.444253,-3.2649739,1
10.520773,1.3155652,1
9.441655,1.6379575,1
4.0944505,14.817458,0
-0.35617983,1.6076152,1
-1.6858604,-2.3822079,0
7.811531,2.4776473,1
-4.420216,10.641619,1
14.731336,9.525024,1
-5.6668653,8.913014,1
1.725164,-2.1164768,0
-5.4206505,11.136003,1
8.413549,3.2000544,1
0.6720109,14.169606,0
-1.3541541,9.744131,1
-2.9345474,-1.491982,0
-1.1563543,10.220495,1
1.3749261,4.8954616,1
9.330375,12.274964,1
-6.0981846,9.304574,0
-1.1861143,9.375252,1
14.843003,3.867582,1
0.07556658,-2.7555256,0
12.638294,-3.0314233,1
4.0316534,15.2130165,0
-5.2614245,2.5316482,0
4.3299623,13.487131,1
4.3101487,14.51462,0
0.34628066,-1.2052281,0
13.31253,9.945679,1
6.984124,2.359956,0
4.6743283,13.258463,0
-0.30324328,-3.044941,0
-1.3248701,2.2394147,1
-1.6245884,1.8177905,1
1.5652807,-2.731251,1
4.6072154,12.900693,0
-4.1903014,12.5011215,0
-3.4953375,12.703788,0
1.4880264,14.623548,1
11.301607,13.013725,1
8.058279,6.9384384,1
-2.297746,10.664894,0
0.5245556,5.2301025,0
-1.9311353,-0.48717993,0
9.484971,0.968699,1
7.2834635,6.4697843,1
-4.5689707,4.3815823,0
-0.4868996,2.1981528,1
-1.733384,9.992559,0
1.5474994,-2.9028344,1
-1.3586311,-3.2404156,0
4.4429407,12.485992,1
-1.7178851,-2.7572508,0
-1.500888,2.227376,1
-1.1761107,-1.6109449,0
0.05047032,0.08448913,1
14.220646,9.911806,0
-5.0666056,4.321867,0
10.078388,13.205252,0
7.991347,5.995474,0
-0.5706317,-1.5590291,1
2.705049,11.387703,1
0.7422575,13.805432,1
-1.8080859,-2.242296,0
11.2032995,12.022463,1
0.5860555,0.46213073,1
1.3434545,5.907203,1
-4.548755,12.034976,0
-5.1020136,4.5886993,0
13.4638405,-0.36817548,0
0.4776447,6.200556,1
9.928926,11.507311,1
-3.3522758,13.121394,0
-1.1015148,-0.85258764,0
-5.113089,11.269117,0
0.37265992,6.605847,1
10.882048,13.687257,1
-1.3536959,10.598085,1
3.8388443,14.09869,0
10.102327,13.293048,0
-2.3191552,-1.8318952,0
-4.9180274,4.5148907,0
3.3187323,12.511825,1
0.56397367,-0.38595992,0
-2.872136,-0.635827,0
9.119246,0.5382365,0
-6.140184,8.274805,0
0.9444603,6.0083404,1
12.88913,-3.368645,1
13.214824,4.395062,1
8.045704,5.773421,0
3.1438384,11.477773,1
1.5548085,4.4967475,0
12.35911,-3.7560902,1
3.8341985,12.135824,0
1.6781088,13.717215,0
4.770651,12.604916,1
4.9492464,12.6681185,0
1.0763438,-2.5127196,0
-7.018498,3.3894305,0
-4.451755,3.7084825,1
13.09741,4.1834626,1
-0.1576678,-1.0868598,0
15.209731,4.3747716,0
-0.89669544,1.1732343,0
8.013948,6.0656447,0
12.314912,-2.2658381,1
-0.7557093,-2.8884177,1
9.51949,12.172375,1
13.31206,10.149135,1
0.09595003,5.416567,1
1.4622451,-1.5018896,1
-0.6160597,0.49998495,1
8.4388685,6.394412,1
0.83277535,13.714778,1
0.68429554,6.601856,1
11.353047,12.695059,1
14.71403,4.2088737,1
4.8340454,14.74117,1
4.301764,14.75137,0
8.440726,3.2814832,1
1.5543295,12.578918,1
-0.601521,2.3854935,1
7.8632436,5.5189795,0
-1.1320469,1.5364633,0
10.492534,1.259412,1
0.21712653,-2.2107954,0
4.6210318,14.8411665,1
11.709718,-2.9530797,1
12.965481,-3.2912219,1
-2.296067,-1.0045379,0
-5.2353463,2.506306,0
-5.949092,9.46968,0
-4.5720835,2.4125133,1
7.9127336,5.8355546,0
14.43641,10.320618,0
13.133283,4.3863406,1
8.302362,5.539649,0
-4.2780495,3.501592,0
13.523429,10.058516,1
7.904537,5.572377,0
-6.090685,8.331065,0
-4.189109,11.070413,0
-1.130219,2.11317,0
8.464369,6.0899577,0
-6.022047,3.309926,1
-5.0142827,3.1329992,1
9.567982,11.837939,1
-3.6059206,13.402115,0
-6.653343,3.3106368,0
-4.353817,13.276353,0
-4.9429574,4.4848905,1
13.386889,3.745058,1
4.6523814,12.249739,1
0.23749787,5.93479,1
-3.8291426,11.801031,0
12.864772,4.1017637,0
-0.5255045,0.6280578,0
-4.859452,2.6765063,0
14.555453,9.5918455,1
-1.725794,9.827307,0
11.267204,12.796635,0
13.156745,4.4714456,1
0.14091724,6.0626736,0
9.193275,12.296019,0
12.603211,-3.4058633,1
-3.7271395,12.9819765,0
1.127561,-2.086934,0
-5.6595564,11.95677,1
10.22284,13.640152,0
3.0217192,12.408189,1
13.396506,-0.62969685,1
-4.4823403,12.733559,0
13.852466,9.252368,1
-6.5883775,3.4287179,0
8.344451,5.9238987,0
7.5932674,2.2742403,1
0.8165326,-1.9181834,0
7.1979775,6.8361707,1
7.7242236,5.6125064,0
12.471507,-3.2924402,1
-2.644019,-1.7518541,0
12.443512,-4.0705757,1
4.313941,12.996069,0
0.40138888,5.0621357,1
8.154435,2.4464047,1
4.852008,12.322299,0
-4.0095396,13.27768,1
0.16565369,5.5020757,0
12.454346,-2.8823385,1
11.323771,13.309286,1
9.513246,1.6126177,1
-3.0939145,-1.0440443,0
0.8815467,-2.5569012,0
-3.9624147,12.644646,1
-5.9146595,11.63895,0
-6.46209,3.5810387,0
-0.6635742,1.6708897,1
-3.367527,12.506992,0
0.047612533,0.7723453,0
1.6120555,12.598965,1
10.814926,12.978074,1
7.780725,6.2781253,1
-6.088036,9.236153,1
15.054896,3.9267247,0
-1.6929033,10.608213,1
7.246004,6.613511,1
3.9030755,13.865602,0
1.3842413,-1.8921953,1
14.27123,4.318506,1
-2.892614,-1.5486546,0
0.089244165,-0.559787,0
1.4309491,12.928368,1
-0.3183729,-3.1608057,0
-1.2170668,-2.8921387,0
7.227868,6.5343165,1
-5.8027196,2.853443,0
-1.3927372,-2.8253329,1
5.027158,12.341949,0
-3.9763727,2.7044072,1
-5.6034317,11.191349,1
-5.693695,12.231376,0
-5.7419753,9.426327,1
3.595108,12.48536,1
12.608686,-4.187777,0
9.235437,7.1536365,1
-1.2658627,1.5284307,1
9.5193815,1.3491061,1
4.007141,13.958978,0
11.9437,-3.262603,0
-5.3235254,2.0876837,1
-5.6380067,11.200429,0
14.803924,9.850949,1
6.9092784,2.3332002,0
1.5158112,13.2096615,1
-0.6368858,2.1154444,1
-4.987921,11.388727,0
-0.04108844,6.2758107,1
13.273391,10.376183,0
1.1464031,-0.8448565,1
14.597036,10.280396,0
7.549497,2.2757397,0
4.0515833,15.155515,0
-4.386407,13.246126,0
13.364375,-3.3738236,1
8.000947,2.5194638,1
14.588991,9.748998,1
1.6733954,-2.3410704,1
0.46241537,1.0715351,1
-1.5543091,10.610914,1
10.13128,13.62234,0
-0.40976444,-3.174606,0
-1.0567963,9.883353,1
13.329659,-3.3812249,0
-0.56221426,2.2030604,0
0.89382756,-2.4844918,1
-5.738613,12.2279415,0
1.2528938,-1.6651852,1
10.696633,11.914962,1
3.8638887,12.354644,0
-3.8246355,13.070882,0
9.799214,1.536519,1
7.7558484,6.852064,1
15.115318,3.8205025,0
-2.8611257,-0.98040897,0
-4.672821,3.8802845,1
-3.8958757,12.590976,1
-4.849482,2.2162085,0
-4.5700383,2.8958824,0
10.993541,13.720673,0
5.0056376,12.430769,1
2.7990065,11.706507,0
1.1874751,13.719757,1
10.813354,13.25219,0
7.243712,6.536677,1
10.430739,1.6636184,1
4.3688912,12.195756,1
2.8824596,12.598846,1
0.3856475,7.0778284,1
4.189751,13.480293,0
1.3186119,5.8159018,1
-5.8451495,9.537104,0
-4.648664,10.989653,1
-0.096211106,-1.4697664,0
11.096991,13.696098,0
-5.3666863,2.319358,1
0.23575218,-3.2249184,1
0.72562075,-2.6789246,1
-4.5703707,4.1759644,0
-5.790684,12.045631,0
3.8194942,12.097767,1
0.7437147,6.4776783,0
-0.3903247,-2.881004,0
-2.890656,-1.437445,0
-1.8638142,-1.6389034,0
9.219594,1.2444628,1
7.0805144,2.3159778,0
-6.3037543,2.7626307,0
13.659927,-0.4176777,0
-1.1652822,-1.2248317,1
8.939085,12.801762,0
1.1064795,14.519051,0
-2.414443,-1.7810445,0
-1.271578,-1.1457441,0
-5.952286,11.681246,0
-1.2399769,-0.9726024,1
-5.6452174,8.833273,0
-4.971501,4.585141,0
13.160833,4.265672,0
2.764934,12.341278,1
-3.8062632,12.880643,1
7.6379733,2.3229043,0
-6.770243,2.9795291,0
13.439331,-0.58342427,1
14.058678,10.694477,0
9.338826,0.890136,1
2.4037468,12.023916,1
-3.6318974,13.211799,0
-0.19306518,-2.1702347,0
-3.6860397,13.406493,0
0.17958757,-3.1901097,1
12.828951,4.174811,1
1.0519919,6.1078973,1
11.300146,13.229556,1
14.667779,4.214146,1
9.160018,0.6654261,1
-2.5363367,-0.5793286,0
4.878448,14.774308,0
13.2739725,-0.286548,0
2.8425403,12.103396,1
14.011558,9.729677,1
-6.76091,3.0888765,0
-4.028097,12.623255,0
0.8198438,14.270248,0
-0.550033,-2.338358,0
-1.5986348,1.1893646,0
-2.1705372,-2.6534433,1
-4.8895383,4.076776,0
3.9339278,13.981938,0
-5.646865,9.20937,1
-3.7011068,13.391169,0
8.262197,2.4647336,1
10.215729,11.818976,1
13.832099,4.370649,1
-1.3602483,9.586773,1
-0.6429236,-1.5960218,1
1.194573,13.705677,0
4.769817,12.590183,0
-5.7040334,3.2807906,0
10.050528,13.506307,1
4.678989,14.6617775,1
-1.8350194,1.9869894,1
8.473646,5.918288,0
3.9643512,12.612723,1
-1.947873,-2.3764634,1
13.525728,8.891226,1
1.3285991,4.5300617,0
10.470186,12.185482,1
7.0884666,2.3410015,1
10.28867,1.4783643,1
-2.1536565,10.220498,1
12.929627,-3.4623072,0
12.8892145,-0.0570181,0
-4.0147495,2.6990857,0
12.895502,-3.41561,1
-5.0854607,4.7803135,1
13.113718,-0.2848713,0
-0.6027578,1.664526,0
11.047298,12.171255,1
4.3922687,12.180564,1
13.352169,-3.460521,0
0.6406052,5.049371,1
12.519085,-3.4861414,1
-6.114914,8.290119,0
-4.469468,11.771855,0
-1.7118367,9.795485,1
4.6099496,13.284492,1
9.898992,12.621092,1
9.504568,1.1054779,1
-1.6599498,2.4539344,1
-2.2772632,-0.9879665,1
1.7486966,5.041884,0
12.873898,4.281699,0
4.857364,14.853113,0
10.572282,1.5131593,1
0.08159881,-1.2127653,1
-6.536005,3.6578128,0
-5.2123084,12.557262,1
12.778223,-3.4116657,0
1.7395283,13.781103,1
9.647205,7.3032203,1
-1.8782213,-1.741215,1
-1.6736056,2.1641126,1
-0.34842005,1.9468374,1
9.854906,1.410978,1
9.898421,13.3062105,0
4.239989,15.3664465,0
1.5538123,-1.4224994,0
0.20556387,-2.2005749,1
1.0026757,-2.4246705,0
14.127777,9.517171,1
-4.368787,2.5400002,0
11.258682,12.106566,0
7.936454,2.2682672,0
-6.0304985,8.461015,1
12.606692,-2.1516933,1
2.8715377,12.256088,1
1.7265155,-2.4460196,1
-1.7195146,-1.0570186,0
0.9598796,6.4510894,0
-4.957539,4.0990224,0
13.91236,4.4135823,1
12.902389,4.085465,1
1.3053176,-2.986542,1
9.575091,1.0771852,0
-2.621837,-1.2579675,0
0.9113328,6.6047006,0
12.469559,-3.9668784,0
-6.730762,3.2053668,0
2.1799388,6.8326874,0
-3.7707312,2.8328156,0
-5.3865247,11.708075,0
1.67437,4.826363,1
-2.6503947,-1.9465121,0
-4.417237,3.1841667,1
10.67125,13.765974,1
3.953578,13.354606,1
1.3286366,6.114888,1
0.40739766,-1.4405028,0
-5.7225294,9.057945,0
9.893001,12.699573,1
-2.1484466,-1.5257423,0
10.369119,11.458424,1
7.6438847,2.6660552,1
15.005349,4.1273203,1
12.372357,-3.142804,1
-4.350232,12.7256155,1
7.1517706,2.3336723,0
11.341288,12.759333,1
7.222015,2.3530421,0
-5.0626287,4.3366313,0
12.639142,-3.0290396,1
-0.71403414,1.0767745,0
-4.4107766,3.155287,0
-0.08048319,-1.0830704,0
-1.6088456,1.185257,0
-3.720581,2.7352116,1
-2.695594,-1.0129112,0
9.094603,12.165294,0
8.3105345,2.6419754,1
11.659813,-2.8042948,1
14.331702,10.102839,1
-0.040026523,-0.82800347,0
-0.6782628,9.341423,1
-1.3123691,9.595629,0
2.5977051,12.063804,1
1.3473616,14.504234,1
-5.7944236,3.3915975,0
0.6545335,14.079374,1
-4.678914,2.606774,0
1.2384859,14.070459,0
-4.37093,4.1652393,0
-1.1755878,2.7163153,1
-1.6621041,9.790628,1
-5.3274693,1.9918953,0
-3.0206175,-0.9273741,0
-4.282581,12.937857,0
-4.539207,12.582621,0
-4.491476,3.991716,1
-5.0947313,4.528017,1
7.51791,2.3950236,0
11.1622925,12.71984,1
-5.7209296,11.236599,0
-5.062733,4.7508984,0
8.356761,5.5227504,0
-0.60741895,1.5031562,0
4.677958,12.721612,1
9.605834,1.4575442,1
13.208037,-3.7622454,1
4.243654,12.962137,1
12.030359,-2.8663332,1
-1.1478574,-1.5271407,0
1.2840554,-1.3390158,1
1.4630638,4.8804207,1
-2.318391,-1.77189,0
10.598233,11.526586,0
-2.6433237,-1.9946835,0
2.615495,11.942916,1
10.5854435,11.749514,1
10.501702,1.2141724,1
10.851684,12.593772,1
-1.2084991,10.629606,1
-3.3982751,11.604763,1
15.65979,4.2148623,0
1.0914366,5.3258576,0
-1.7767502,10.2475605,1
-1.772653,-0.17024633,1
-2.0450428,-1.5590249,0
12.358747,-2.8624592,1
-1.7659016,-2.3613164,1
13.270374,-3.6512043,0
7.4702163,6.1465287,0
-0.44260675,-1.5066,1
9.16723,12.1242075,0
-1.5698658,-2.1633008,0
1.6106498,-2.6037662,1
0.08275153,0.68018085,1
-0.74645394,1.6650174,0
1.0251273,14.529258,0
-5.0833344,2.332929,0
-6.651192,3.2845526,1
-0.71879697,-0.8364213,0
-1.663242,10.607862,1
-2.1585414,10.354193,1
1.2636534,14.66072,0
14.481505,4.164765,1
-2.1854854,-0.7659397,0
15.3628,4.0686755,0
-0.048179734,-2.7036269,1
10.129426,13.526706,0
-0.92830956,1.3436795,0
-3.5016863,13.464779,1
-4.8307495,2.8197627,0
-3.0582905,-1.2030698,0
13.416714,10.20588,0
12.305386,-3.5182173,1
-1.4895802,10.202297,1
2.1664026,6.8260026,1
-1.247368,10.61486,1
3.115314,12.222116,0
-1.6577433,10.370572,1
0.24435039,5.119501,1
7.9446883,2.413069,0
0.32606313,1.2456197,1
9.007977,0.46400052,0
1.2184049,-1.5664412,0
1.879341,14.60593,0
7.4668174,2.1964104,0
-4.269156,12.93527,0
15.050436,3.9967525,1
10.346895,11.885491,1
11.787099,-2.8181486,1
1.5046694,12.443603,0
13.359678,-3.3576806,1
10.388762,11.867027,1
0.4421551,5.4822783,1
1.8574528,14.551727,1
-3.6110237,10.529101,0
-5.9260755,3.4065077,0
4.4358926,14.395304,1
11.125821,11.88075,1
1.088965,13.362266,1
1.1216938,14.238339,0
-1.8822087,-0.26170087,0
0.6299694,6.5591946,1
11.369424,13.101683,1
-5.8330383,9.469672,0
-0.8353093,-0.02282029,0
7.278652,6.590183,1
13.226835,10.347421,1
3.9691656,12.438762,1
1.0197662,-2.0826945,1
13.27898,10.2211275,0
9.218529,0.86904263,1
12.955065,-3.1850228,1
9.906636,11.106215,1
14.069341,9.187348,1
7.7686644,6.017551,0
10.402174,1.4492822,0
0.3553157,5.840916,1
9.255299,12.274114,1
-3.8217316,10.670947,1
0.21631855,-1.268542,0
-4.0396276,13.520327,1
13.650839,-0.16840135,0
-3.8602343,12.682233,1
10.6057825,12.030077,1
14.789811,9.856058,1
-0.11250014,-1.6904205,0
1.5717266,-1.3174219,0
8.180289,5.5386167,1
0.61825943,-2.75846,1
-5.155679,12.98279,0
0.8781652,7.3636003,1
11.825358,-2.34274,0
-1.6512665,9.959282,1
-5.758284,9.523957,0
7.7611756,2.7463083,1
-5.1524196,11.520179,1
13.787912,10.719601,1
10.68701,12.311317,0
0.75740445,7.9478216,1
7.872385,5.5615296,0
-4.5639043,11.961084,1
13.1792755,-0.3577168,0
7.10285,2.6467957,1
-4.9786835,2.3260667,0
-3.3912954,12.901785,0
0.5096702,4.755837,0
0.43717626,-1.0014778,1
7.1320267,2.2687209,0
9.963227,12.53262,1
0.6382597,-3.280276,0
9.169042,6.9132833,1
-5.830639,8.402043,0
11.92214,-3.5431025,0
-4.6916013,11.012388,1
0.44399536,7.1698656,0
3.728882,12.419583,0
2.665953,12.127447,1
13.570152,-0.25716367,0
13.619141,10.270973,1
-4.3464546,12.781138,0
15.637135,4.258863,0
13.459532,4.230304,1
14.740495,9.5016985,1
-1.3521856,-2.1523423,0
-6.232153,3.3516467,0
4.0618095,15.227149,0
3.8392615,12.459112,0
0.380253,5.768323,1
-5.389306,11.559445,0
9.332865,0.66034335,1
-0.31275105,2.115891,1
-4.7836823,2.7361827,0
-1.9739213,-2.5175605,0
10.98732,12.240224,1
-4.3958044,12.892075,0
-3.2035904,12.880643,0
0.6066404,5.1339235,0
14.017524,9.889845,1
1.4147248,12.918649,1
4.2835016,13.411246,0
-4.595566,12.134747,0
14.491777,10.269381,0
4.89521,14.765672,0
4.8768167,12.403848,0
3.7710564,14.054427,0
2.4627862,12.203227,1
10.73804,13.550266,0
-2.007462,-1.8112975,0
15.170644,3.8180788,0
0.09976574,6.392298,1
-1.494991,1.6166091,1
-1.033283,0.29771185,0
-1.3156389,-1.7716442,0
12.6153345,-2.8956227,1
-0.82878345,9.284908,1
0.24368294,6.762436,1
15.199756,3.9330125,0
-5.7231703,12.334953,0
-2.0085235,10.281744,1
0.7953813,4.6906652,1
12.921115,-0.07169954,0
-0.66624403,-1.5815811,1
4.6980457,15.032877,0
-2.073507,-1.7255728,0
-4.1766796,10.984535,1
9.002849,0.38492924,0
-5.1641726,2.023213,1
10.632823,14.012522,0
3.4050674,12.597554,1
4.313074,14.376336,1
15.1595335,3.9261034,0
-6.953143,3.1763449,0
1.2539707,5.552548,0
-1.8817242,10.488573,1
0.8848569,13.625782,1
11.840371,-2.0907273,1
7.0869236,2.6831775,0
-3.7142522,12.171398,1
4.0827456,13.86136,0
1.7231855,14.232475,1
7.855434,5.612548,0
1.4231457,14.61382,0
9.533041,1.2265679,1
14.304811,10.162606,1
13.789721,9.955232,1
-3.324203,2.787158,1
-1.9510356,2.9150457,1
9.0218725,0.6054338,0
-1.0262504,0.25503194,0
-0.921618,-0.15645629,0
0.5070205,7.142601,1
2.493494,12.269287,1
14.530524,10.0701275,1
-4.282648,3.655358,1
10.90272,13.577051,0
-3.7842326,13.641231,1
0.49233845,6.655678,1
-3.9915102,12.776765,0
7.3354874,6.610224,1
-5.0590897,4.6056657,0
-0.6888366,-0.13531402,0
4.23354,12.991409,0
1.1246868,14.391925,1
-1.4371601,9.84111,0
14.195679,9.183865,1
13.101976,4.4368834,0
-2.0195248,11.14421,0
12.326592,-3.9368067,1
-3.0302901,-1.0556833,0
-5.9846897,8.251765,0
-4.320739,3.759805,0
-6.053047,3.6971202,0
9.9867935,1.7194506,1
12.895823,4.3226194,0
10.889526,13.925977,0
9.032909,12.298792,1
0.7577106,8.050346,1
9.515112,11.986706,0
-4.26164,10.489086,1
-0.8564746,1.3073553,1
9.112123,7.063976,1
0.12929004,-1.0808479,0
0.6024094,-0.9688308,1
-3.9194338,13.666693,0
-3.4845808,3.7158558,0
-4.557273,4.399708,0
12.996829,4.1573277,0
9.663002,7.3104234,1
-4.936046,2.7406683,0
0.5552106,-2.084003,0
-5.0475626,4.7956996,0
0.62857294,-3.2858703,1
1.2856141,-2.130268,0
-1.472154,-2.0608323,0
15.47845,4.190352,1
10.057101,12.276756,1
1.5883073,5.753767,1
13.341935,-3.4066901,1
-5.095101,4.2860966,0
14.418943,10.420805,1
-4.7269235,2.3032722,0
4.6587753,13.219242,1
-5.75156,11.21639,1
-4.939982,4.1281285,0
-1.8421988,-0.8632052,1
12.309647,-3.7455816,1
12.483016,-2.225601,1
1.7040293,-2.4795911,0
2.6483843,12.190519,1
-4.589074,3.8536642,1
1.7158904,4.796832,0
10.903963,13.699294,1
-2.0880163,0.4688279,0
-5.250088,11.697532,0
-2.1387184,-0.5599028,0
0.40343624,-0.43211815,0
12.843825,4.1172194,0
-4.961084,4.381301,0
-5.0761046,4.573488,0
0.75473213,-2.3107882,0
1.5227096,13.606041,0
2.805996,12.465222,1
-1.9946357,-0.97352284,0
13.843162,9.87165,1
-5.009388,2.3303564,0
11.274985,12.881051,0
0.2684081,4.940649,1
-1.4568114,-0.31496882,0
0.0086440435,6.2533355,1
4.7608485,13.256655,0
-3.30789,11.144272,1
9.788505,1.7696878,1
-1.3504454,-1.9061742,0
-3.3531754,13.195479,0
0.6235541,5.7105093,1
-4.9464746,2.7967734,0
-0.13846363,-1.9281158,0
-5.085975,4.621773,0
8.418402,6.5116296,0
-6.0614395,9.019937,1
-3.8275387,12.3507,0
-3.693401,2.7890341,0
1.3047227,-1.6876017,1
-1.1802717,1.2431843,0
-0.24603869,-1.0899458,1
0.0657792,6.1004586,1
-4.24668,11.068625,0
13.164108,-3.579566,1
15.820466,4.4595623,0
13.306991,-3.3978353,0
3.810763,14.1249075,0
0.28431958,6.853363,1
-2.7369895,-0.4217763,1
-1.4170295,2.304274,1
-4.0366964,11.7215,0
1.6068556,13.777064,1
9.2037115,0.5932157,1
-0.70699424,1.5511885,1
-1.4463882,10.419544,1
1.1597888,13.956302,1
9.113313,1.1268674,0
-6.7256503,3.5821056,0
-5.6197343,9.556191,0
1.0831462,-1.5321723,1
1.4972768,13.237696,1
-6.4132724,8.540125,0
12.708928,3.7944186,0
-2.4051285,-2.3591738,0
-3.9395735,10.901998,1
9.579134,0.8861765,1
7.4150686,6.1323824,0
7.502503,2.5195832,0
-1.3052497,1.5652217,0
1.4314857,4.304341,0
1.0044199,6.0161395,1
14.096207,9.6604,1
0.95185983,5.900043,0
14.091778,10.492529,1
0.111847915,-3.3499622,1
0.3716747,5.0820303,1
4.717586,12.793751,1
1.014179,4.327956,1
11.838371,-2.1811287,1
7.718299,2.7864633,1
10.46629,1.4082849,1
3.4434397,11.931316,1
0.36458278,6.932753,0
4.002046,12.02789,1
8.207266,6.7686834,1
12.514758,-3.5536885,1
0.78755647,-2.5558527,0
-5.506492,12.0488825,0
-2.0037265,10.757376,1
9.715978,1.5750784,1
11.064574,13.503005,1
1.0775468,-0.73433733,1
-2.762747,-1.5397816,0
8.463617,5.7750626,0
-2.138895,-2.8003252,0
12.830059,4.231683,1
-1.9714866,-2.376827,1
0.7090881,14.130153,1
0.6757776,6.489493,1
4.5078793,12.161404,0
0.778815,-1.9071777,0
9.940822,13.108568,1
-4.80789,2.9154353,0
-3.9260476,12.197257,0
7.7850494,2.3041542,0
-1.6393348,-0.073667586,0
9.894248,1.7381543,1
-1.7567431,-2.7886229,0
0.65753996,0.07340533,0
13.807583,9.817793,1
9.906615,12.535552,1
1.443437,4.437868,0
-5.8894024,2.7463434,1
-2.8362718,-0.6856451,1
14.990627,4.33671,0
0.64794546,-2.6660151,0
1.1906126,-3.1318324,0
3.7562451,14.041354,0
1.5091132,13.607225,1
-5.0962315,4.614822,0
7.2026877,6.5942836,1
-1.1454086,1.6491466,0
-1.198314,9.436385,1
15.5971155,4.188338,1
-5.811269,12.281945,0
-4.0156856,11.792,0
8.155238,2.359667,0
0.56005675,-1.428325,1
9.852496,1.5989937,1
-1.9583728,1.8067497,1
1.0789003,-2.2080138,1
0.6075867,5.07924,1
1.2622074,-1.7773837,1
10.492768,11.827048,1
14.220562,9.157895,1
10.67663,14.029963,0
-0.15610725,-1.9187212,0
10.4960785,1.300958,1
9.0573635,12.806003,1
0.94423836,-1.5212976,0
0.724383,-0.16214196,1
11.381192,12.647359,1
13.751247,10.738299,0
-0.008787237,0.07581309,1
8.339202,6.548171,0
-1.4270644,2.4827151,1
10.3217125,12.015643,0
10.057912,12.873797,0
7.2921524,6.657976,1
-2.2506378,10.582329,1
11.016186,13.533631,0
-6.13102,2.4638114,0
8.210177,6.084746,0
-5.532358,11.130825,1
-5.9790835,11.734956,0
13.680774,-0.45564482,0
-2.7426438,-1.4041322,0
-5.4172893,11.557023,1
-1.6409904,10.858069,1
14.91094,3.8972337,1
-3.9843657,2.8078716,1
3.2687814,12.541431,1
9.826735,7.420737,1
9.232409,0.6730766,1
-4.0408516,3.565873,1
12.791789,-3.3479471,1
14.128969,9.7405205,1
3.7984428,14.083682,1
13.368639,10.461384,1
1.1516382,4.5162077,0
-4.465472,12.147,0
4.5363736,12.476255,0
11.519429,12.984034,0
-4.889287,11.366892,1
0.94843566,-3.2386894,1
9.1356125,6.9357443,0
-4.019037,10.8500805,1
-1.0432161,-2.2443151,0
12.996136,4.0699234,1
-4.306162,12.573324,0
-5.015983,4.3566628,0
4.8205247,13.075282,1
12.163414,-3.792811,0
-1.2644246,2.3118398,1
-0.766945,1.7381003,1
-6.4506545,2.5637536,1
1.6076852,5.578737,1
9.2923765,0.91013354,0
13.237148,4.3778157,1
12.862996,-4.040849,0
7.923365,2.4660168,1
10.265456,11.489129,1
11.241888,12.437516,1
11.246873,12.492054,1
4.847798,14.713021,0
-5.449446,11.505348,0
13.369524,9.874575,1
-4.963363,4.715811,0
13.2428465,-3.638235,0
-1.0439643,10.096825,1
-3.5017853,12.986403,0
14.197703,9.202853,1
0.78992563,13.735468,1
8.599986,6.1127205,0
-4.432637,3.1618683,0
0.0017358008,5.8524327,1
-1.2616233,-0.93666,0
8.207544,5.539612,1
13.798322,9.821384,1
4.8363333,14.726983,1
-5.225868,3.0704243,0
-1.3375306,9.7029085,1
-3.4443636,13.3037195,0
12.095569,-2.8553984,1
-3.3430767,13.204064,0
14.187018,3.7206774,1
-4.1814814,12.777078,0
10.738695,12.103567,1
0.23253004,5.659758,1
8.420211,5.742882,0
-6.0287337,8.256723,0
10.879207,13.935335,0
-2.2251923,-1.0256194,1
2.7011414,11.966081,1
11.401842,12.723665,0
3.1571083,12.089655,1
2.4746175,11.727706,0
-0.8418635,1.6290829,0
0.4987077,7.302114,1
13.83721,9.265287,0
4.553722,13.420411,0
-0.19984426,0.5251941,1
-5.998895,11.908489,1
-4.3458886,10.621812,1
-1.5716038,-1.43617,0
4.3611655,12.872203,0
-5.713814,8.373001,0
-1.7379502,10.17144,1
0.2558467,-2.8567793,0
10.526116,12.09306,1
9.963184,12.399701,1
1.3729249,5.9943256,1
-1.320222,-0.87419975,0
1.5385089,-1.6958777,0
1.2681122,-0.79160714,0
-5.962835,8.805245,0
12.149178,-3.8012455,1
1.4735483,4.6360765,0
-6.7602143,2.9762156,0
9.184717,0.71809465,0
12.513691,-3.4714372,1
-5.2095613,2.2627275,0
-1.808688,1.6839447,0
7.202006,6.8018594,1
9.218225,0.7605807,0
13.2954235,-3.3027937,1
9.974679,13.439193,0
-2.8321798,-0.7014447,0
13.80885,4.3698754,0
8.09387,5.807841,0
1.5641831,-2.53351,1
1.64121,4.737354,0
10.287809,11.449627,1
13.536294,-0.6427674,0
12.396372,-3.4680617,0
0.87105495,5.5652814,1
14.052082,9.173915,1
0.7681436,0.0684935,0
-1.2926584,-3.184222,0
12.933271,-0.2658319,1
12.318553,-3.1245325,1
13.480532,10.24468,1
14.354259,10.064265,1
-3.8043623,10.605443,1
12.674445,-4.2180433,0
10.572201,1.4630601,1
-0.60452014,-2.7154157,1
8.1412,2.4790344,1
8.173112,6.797101,0
9.571826,0.97279984,1
11.160824,11.940789,0
-1.422216,-2.678813,1
13.08217,-3.306741,1
12.776468,-2.0555773,0
7.4017553,2.2353659,1
-1.0729276,1.2334516,0
-4.393067,4.100602,0
-5.0953045,12.485981,1
-0.16490349,-1.9996891,0
-4.4035196,11.100703,0
7.2385316,6.713697,1
1.6823548,4.760778,0
9.205702,0.57522666,1
9.806786,1.2174245,1
9.31766,1.8780864,1
-4.644007,11.213683,1
3.8962407,12.377199,1
13.980691,9.620342,0
-2.8410325,-1.3830816,0
12.358022,-2.8250084,0
-5.2312746,2.6603038,0
0.36253232,5.978753,1
0.9716491,7.25478,0
-1.4665253,10.622909,1
0.48230505,6.7999773,1
-4.865676,10.991238,1
15.494381,4.146608,0
13.258871,10.298387,0
7.9567037,2.3847826,1
-5.62092,9.0612335,0
12.218349,-3.1025898,1
14.962483,4.3184505,0
3.9837787,12.512862,1
-4.282372,3.076916,0
14.079564,9.8184805,1
4.788743,14.542433,0
9.954476,12.739689,1
-4.4309487,3.0306904,0
-5.7379384,12.242585,0
-3.5273204,13.201349,0
-6.3883886,8.610735,0
-5.8276134,12.251447,0
7.2478113,2.7194774,0
-5.6760883,9.552416,0
0.6737559,-3.1489258,0
1.1560087,7.274801,0
-4.367279,4.2068543,0
10.476652,1.2066547,0
-5.7532997,8.445626,1
-1.8520402,10.061181,0
-5.7665696,9.317768,0
0.8371277,5.038336,0
14.168246,9.756207,1
7.704307,2.8202431,1
13.46954,10.362237,1
7.238848,2.704004,1
11.393409,13.134473,0
-6.175961,3.5688171,0
9.331272,12.264929,0
-3.9777386,13.218484,0
7.465778,2.2494879,1
12.912381,-4.017369,0
-6.8479314,3.6248453,0
4.7915907,12.242179,1
14.15382,9.712832,0
1.906743,14.677116,0
12.763879,3.93208,0
-1.7615621,2.484734,1
0.68168634,-0.78638816,0
11.64725,-2.861638,1
0.7240978,5.3880353,1
-5.8457613,2.9081523,0
-1.1786351,2.5511038,1
-1.652815,2.1180665,1
-5.9113016,11.915896,0
-3.9685547,12.004183,1
-5.691302,12.173862,1
12.8442,-2.9028957,1
9.999315,13.389731,0
1.3939419,5.9288616,1
11.012478,12.732698,0
11.117209,12.319937,0
-5.937585,3.148606,0
-3.781882,12.827715,0
13.157029,-3.6989841,0
13.175186,-3.288758,1
-4.3008995,3.0863218,0
1.3565286,6.93983,1
0.07322834,-3.2651415,0
-6.0593863,8.344557,0
-0.3517575,2.096881,1
0.40610316,-1.2072228,1
-1.0034529,0.2504979,0
-6.0899587,8.3101425,0
-5.8409557,2.1942692,1
-3.8756828,11.569059,1
14.283468,9.235144,1
-6.042704,8.380275,0
4.832488,14.753585,1
-2.1354854,-2.7090251,0
1.1740143,-1.5058612,1
-3.7724779,2.8747504,1
-2.503785,-1.0399898,0
-5.1656027,2.2257185,1
10.676763,13.842986,0
13.282816,4.0314317,1
7.908874,6.966662,1
-2.054638,-0.8763805,0
-5.746191,3.2803626,0
1.3030556,-1.7672317,0
7.5243397,5.981528,0
13.780045,4.3368845,0
-3.6101167,2.6968198,1
9.753119,11.7732315,1
2.7576878,11.856934,1
-6.1443057,8.894954,0
1.1196543,6.288304,1
1.0615113,6.7593164,1
-5.986899,11.765965,0
-3.0530126,-1.1373336,1
-5.686312,8.949431,0
3.9760222,13.857768,0
-1.9072262,-0.44538438,0
-3.883362,11.727842,1
9.670313,11.664135,1
-1.1827266,2.2553048,1
3.977298,15.224421,0
-1.4886307,2.2685926,1
13.36011,9.570817,1
0.6993322,5.5425215,1
0.98702747,6.6384277,1
13.085835,-0.055771966,0
15.584364,4.23336,0
-4.0544825,2.8706243,1
-1.6988549,-3.0262456,0
-0.46685767,-3.1746786,1
3.3366327,12.784906,1
4.4999256,13.367465,0
7.974755,2.3713953,1
-0.07105901,-1.0264548,0
0.90556926,-1.5949491,1
-4.29471,12.520916,0
13.236959,-0.22670904,1
13.162346,4.0209956,0
10.235891,11.425951,1
4.853721,14.265326,0
4.4917397,13.40977,0
0.8669604,7.7982974,1
8.124198,2.4567358,1
10.916133,11.721388,0
13.378765,9.681016,1
0.57137555,0.7004512,1
1.104302,-1.2650582,0
-0.56665975,-1.5353264,1
8.278386,2.4907942,1
4.0391946,15.196458,0
1.3776245,13.679291,0
8.301069,6.1629925,0
-5.9705753,8.228113,0
-2.1464167,10.120295,1
0.5765601,14.04446,1
1.5365084,13.56963,1
7.58047,6.06808,1
3.8787804,12.2780695,1
0.4276076,7.3207746,1
-2.3527355,10.67637,0
13.425264,9.626731,1
1.5080223,-2.809603,1
-0.026130948,5.5421844,1
-5.8289557,11.331132,1
10.564237,13.9837265,1
-4.16968,10.646309,1
-1.9782332,10.037248,1
-5.955889,9.455614,1
0.73612696,-0.19500652,0
-4.168021,11.759855,0
-6.0334973,8.572184,0
1.8887858,14.783782,0
4.757182,12.264974,1
9.264503,12.036638,1
-1.1050059,-2.4818497,0
14.160481,9.57481,1
2.8277442,11.910087,1
14.691743,9.805721,1
-3.671787,12.386547,0
13.9785385,10.66809,1
-5.698197,3.4290276,1
4.2572174,15.32803,0
-1.68189,10.843439,1
11.388771,13.206608,1
-4.2045126,10.513839,0
8.091363,5.836597,1
-4.000962,10.96902,1
4.041386,14.998804,0
1.0857621,5.4169784,1
13.240302,-3.3473678,1
14.3050375,3.6723828,0
-4.1624684,12.777085,0
3.844345,12.35664,1
13.740367,4.50348,0
4.8949175,12.523792,0
9.71743,0.59430414,1
3.782322,13.824516,0
-1.7147764,10.085535,1
12.908009,4.273758,0
-6.3389516,2.6231203,0
1.1149348,-1.8546855,0
1.4909545,14.300286,0
14.841033,4.314604,1
9.272551,7.107022,1
0.41823295,5.4388394,1
14.95599,3.9853566,1
13.084456,-0.35886613,0
7.6328955,5.6715956,0
12.670752,-4.120789,0
-5.033122,11.648929,0
3.7476234,13.436957,0
9.487977,0.93285966,0
12.861234,3.9708402,0
10.869135,13.727791,1
-5.225432,12.937897,0
8.189452,5.5955935,0
-1.3548818,2.2023633,1
-5.0777936,2.1746511,1
-3.2500918,12.547012,1
9.918044,11.746015,1
8.316533,2.477123,1
13.286458,10.47885,1
-0.031563085,-3.3577309,0
15.386045,4.0306883,0
1.0699342,13.452399,1
15.028294,3.7985194,0
9.416089,12.247121,1
2.652323,11.952593,0
-5.992909,2.3960328,1
15.0800295,3.8043282,0
-5.0902653,4.7849836,0
9.969891,1.6524117,1
-5.0363474,4.2032495,0
8.209952,6.736663,0
0.6034888,0.078412056,1
-4.267016,12.940153,0
-5.908169,2.7088394,0
7.2612696,6.588415,1
13.082609,-0.40346372,1
-1.5025938,9.76977,0
-5.7977405,12.291687,0
0.2792654,-1.2709875,1
14.981286,4.339029,0
12.870251,3.9595568,0
1.377171,6.8555045,1
0.3488288,6.8183928,1
1.743737,5.988893,1
-0.96008146,2.0327592,1
9.934173,12.899107,1
-0.17372413,1.1041535,1
10.427906,1.3867216,1
11.973527,-2.877953,1
3.906767,13.952502,0
-2.6985986,-1.3237668,1
-3.2248368,12.685846,1
1.4523119,4.954188,1
-1.3760537,-0.8197017,0
0.6417596,14.088144,0
-6.2298975,3.5600207,0
-2.8448236,-0.9821355,0
-1.4568954,2.7120786,1
-6.624228,2.746622,0
12.863415,4.0866165,0
9.884019,12.622371,1
13.136605,-3.2815018,0
-5.6139503,9.50966,1
12.084667,-3.3407474,0
-5.3295636,3.2927027,0
-5.1062527,4.3048143,0
1.2154173,14.28862,0
-1.9901468,-2.384908,0
12.633746,-4.2363677,0
0.60510224,-1.4426256,1
4.19364,13.21754,1
13.802758,9.110271,1
-5.9156113,3.1496131,0
13.903715,10.778411,1
7.950058,5.5324135,0
-5.5390153,12.065753,0
13.863871,4.4020896,1
10.529859,1.2508978,1
4.271754,15.25031,0
13.536172,0.031911332,0
4.82848,14.877739,0
-1.3445766,2.3606951,1
1.4526391,5.2362823,0
10.690013,13.7145605,0
1.043028,6.7596974,1
13.314671,-3.3966374,0
-5.788066,9.261988,1
13.1453705,4.3731008,0
-2.2536266,-1.5642452,0
1.2350974,-2.1530857,1
10.601946,12.019557,0
0.2188856,6.460737,1
-5.1195307,2.2124453,0
11.992516,-2.7157762,1
-5.838936,8.420053,0
0.028802734,5.910581,1
11.2283325,12.699723,0
11.3487215,12.656922,0
9.832338,12.326261,1
14.603803,10.152607,0
12.170314,-3.8147974,1
9.6656275,7.3066196,1
1.3494501,4.5113134,1
4.0068674,14.982058,0
-1.7843395,2.053442,0
12.449699,0.059802685,0
-5.4211245,11.499912,0
4.635725,14.739876,1
11.019138,12.529011,0
4.717641,12.682482,0
0.6037353,-0.87789416,0
12.611106,-3.3839066,1
-6.2392564,8.59497,0
0.59780526,-3.315099,1
-6.5690894,3.567998,0
14.819847,4.3208103,0
-4.2696466,2.6849673,0
-5.020764,4.793537,1
13.487355,9.393194,0
13.44281,-0.6073236,0
0.5187176,-2.7673569,0
-5.7599144,11.303551,0
0.12572645,-2.9848695,1
-3.7130458,11.450628,1
9.716173,0.6120351,1
-4.321099,10.633194,0
1.3390137,4.5142856,0
12.943919,-0.07175895,1
1.182006,-1.2087238,0
-0.2647155,0.49585202,1
9.936502,1.2138147,1
7.7706194,5.5676236,0
4.6074615,12.789888,1
12.751977,-3.4633164,1
4.761836,14.344297,0
-4.285715,12.706306,0
8.235595,5.8034906,0
1.2649106,4.48593,0
13.859607,9.918834,1
0.77624,-1.4973688,0
13.558965,-0.5364173,0
-5.2157416,2.8771968,0
-3.5311296,12.821959,0
-6.05921,11.482586,0
-1.259821,2.3286188,1
0.76599634,-1.6825291,0
4.2921352,13.025208,1
9.765123,7.373904,1
1.8885553,14.616568,0
-4.5843244,11.779061,0
-1.1945971,-1.173188,0
0.22618482,-0.5899637,0
-2.3932073,3.0254085,1
-0.81709766,0.61592126,1
-1.8156132,-2.8917003,0
-1.0167001,9.904369,0
-6.6359825,2.9970865,0
0.71301264,14.227854,0
4.0154657,12.4695635,0
11.668924,-2.897798,0
-1.7058473,10.055865,1
13.267827,10.246713,1
-1.1531686,-1.5208665,1
11.894202,-2.4402304,1
-4.175325,12.817644,1
10.003215,12.661602,0
-4.443807,10.704149,0
14.649772,9.917593,1
9.063895,12.847795,0
0.36820817,5.998593,1
0.9283106,7.443448,1
-5.5169196,12.125677,1
7.5493603,2.694141,1
-5.883913,9.44733,0
7.0268617,2.3330007,1
1.3758532,-1.367596,0
-4.741878,2.2713702,1
-1.4421554,-0.03429029,0
9.910586,1.2143245,1
4.961767,14.710638,0
0.6855271,-1.1822851,0
0.24999541,5.314491,1
-4.340454,2.5092971,0
-0.5452502,-0.08348663,0
10.727101,13.488079,0
-1.911913,-2.884088,0
9.284238,7.3053484,1
7.953174,5.5772705,0
14.241839,3.8043702,1
4.407915,13.446265,0
-4.4657393,3.178753,0
10.589598,13.971191,0
8.083659,6.89541,0
-3.8030796,11.583151,0
7.392047,6.027765,0
12.967164,4.2680697,1
10.958529,13.919732,0
-3.881227,10.547254,0
-3.635909,13.623077,0
12.918696,-3.2760131,1
0.44216624,7.2405977,1
12.565275,-3.0675383,1
-2.259322,10.754632,0
9.27574,0.79937994,0
-5.7413116,9.589156,0
9.538539,0.8993474,1
7.0830197,2.5593562,0
11.594152,-2.9085522,1
0.66887105,14.2035,1
1.151501,6.843892,1
9.932288,12.443629,1
14.660644,4.2356873,0
-0.3396141,-1.177519,0
1.3664912,14.637631,1
12.903577,-3.1648717,1
0.560015,6.07909,1
3.8637722,14.021804,0
-1.2514073,-3.0617633,0
4.5276175,15.116356,0
13.217134,10.411561,1
9.43116,1.2284114,1
5.012027,12.251987,1
12.646112,-3.1373875,1
7.072398,2.380629,0
-6.6423354,3.6687922,0
7.51941,6.6520576,1
0.49359405,7.1734095,1
0.6364076,14.09191,1
-4.3874063,13.212985,0
-1.7471482,0.090514556,0
1.7428166,4.987516,0
14.56532,9.992289,1
14.219725,9.154651,1
2.6687055,12.357666,1
1.3168766,-1.3550627,0
1.1709338,-0.9693965,0
-4.3336043,2.7788243,0
0.63859785,4.4983563,0
1.3544596,13.079068,1
13.281977,-0.09062045,1
0.73763555,13.8185,0
-6.0242653,3.6811118,0
11.661787,-3.1449347,0
-4.740143,2.593813,1
10.722878,13.992358,0
4.462278,14.222977,1
-4.2544537,3.586118,1
0.6309781,6.1008444,0
-6.979709,3.5691419,0
14.590571,9.45403,1
14.058748,10.056135,1
-1.1931226,9.418685,1
13.198325,-3.2998753,1
-5.0135617,2.3373435,0
4.7306256,14.777447,0
14.26759,3.5604753,0
10.830153,13.893323,0
0.22478548,5.66234,1
-4.600201,12.9632225,0
10.388961,1.6980598,0
-5.1969676,11.603517,0
12.934372,3.9373755,0
-2.038288,11.052782,0
4.7049966,14.726836,0
-5.89151,3.4010706,0
-3.683015,2.870467,1
10.701813,11.652315,0
0.5207676,5.763427,0
-1.0850037,-0.0077488325,0
4.0775394,13.027887,0
-5.7648225,8.864194,1
12.969498,4.077967,1
9.038753,0.49429908,0
-4.565742,11.343439,0
14.731348,9.774779,1
11.363529,12.705012,1
1.1382123,-1.5254966,0
13.557179,-0.68022066,0
0.9057997,-2.3005478,0
13.668316,9.063918,1
-3.5763655,13.250356,0
-4.8988376,2.317713,1
0.6178249,7.5680017,1
8.32403,6.0567636,0
-2.1251597,10.315449,1
10.569349,1.516505,0
4.8559637,14.941321,0
0.41227207,-1.2501605,0
-4.037897,12.306389,1
-0.31931275,1.1662531,0
-4.2990627,3.1030307,0
-1.3171501,-1.1365831,0
-0.15384614,-0.022703012,0
9.226861,0.69973767,1
4.7095575,13.136072,0
-2.685258,-0.80843824,0
-3.25131,10.961498,0
14.637059,9.507423,1
-1.0922755,9.961979,1
4.7741766,13.083417,1
7.5636115,6.4341946,0
-1.6194657,2.1940267,1
1.4514923,14.678291,0
10.520889,12.605446,1
1.8633634,14.84257,0
13.613534,-0.097020365,0
-2.0320942,-1.4249876,1
2.6891396,11.395035,0
13.084463,-3.2444334,1
-2.242036,10.807736,0
10.166234,11.616427,1
13.2690325,-0.560779,0
7.3255496,2.7813597,0
13.995171,10.136613,1
-6.2914186,2.9095545,0
7.502327,5.8491154,0
9.163167,0.9410318,0
10.411793,12.04854,1
0.2783091,5.967638,1
10.954365,12.973588,1
7.4582047,2.843871,0
-2.5824616,-0.48424158,0
-4.923356,12.1871805,1
4.3398323,13.588283,1
-3.7587378,11.63797,1
0.2823938,1.1933898,0
12.28786,-2.9181194,1
7.600158,6.1564555,1
-5.319727,2.8837917,1
-6.3732367,3.5673416,0
14.064995,9.673092,1
3.0884821,12.483424,0
1.5702969,13.388966,1
-5.8449183,11.3888855,1
-1.8142799,-2.2149858,1
7.3482103,6.2042556,1
3.5970662,11.9812355,1
1.6760879,4.670786,1
-1.2361116,1.54831,0
-4.333561,11.4802685,0
2.847606,11.897584,1
4.3382864,13.250045,1
10.558708,1.3548247,0
-1.0131273,9.83721,1
7.804301,2.6883113,0
7.252534,6.2103415,1
9.288547,7.333785,1
9.85799,12.0871315,1
7.9703755,2.7852247,1
-6.0443206,8.253358,0
12.500584,-3.3461902,1
3.9802198,12.414309,1
-1.0469478,-3.1541839,0
-2.684732,-0.96462816,1
8.011037,5.541475,0
7.2364507,6.467259,1
3.77603,12.423169,1
9.428498,0.41015714,0
-4.113061,2.9450424,0
-7.034723,3.522453,0
-5.0878196,2.8736594,0
1.7120466,-2.1681461,1
14.375729,9.586451,0
15.627893,4.2561836,0
12.578099,-2.1648374,1
0.29965872,-2.1982498,1
-0.9704173,9.784312,1
7.3073244,6.4881597,1
-4.6249266,11.309142,0
0.36560565,6.42635,1
13.110767,4.4618063,1
-4.576558,11.786468,1
4.268177,13.389252,0
13.847081,9.612266,1
-1.7621188,-0.9301167,0
-2.104049,10.223152,0
9.928478,12.270086,0
0.7644958,7.880644,1
8.888164,12.77839,0
-6.0939393,11.597523,1
-1.5424976,-2.4769435,1
13.801357,4.3568506,1
9.297727,0.8577305,0
9.354349,0.497185,1
0.7530087,-1.4708264,1
13.370071,9.652516,1
-0.72357535,9.215455,1
-5.121008,12.474092,1
-1.2114028,-3.2724779,0
-0.79565173,-0.94173133,0
-0.803707,-3.0520694,1
-3.5077984,10.303133,1
-0.515639,1.9977726,0
13.3081665,-3.2921298,1
13.41929,10.383387,0
1.5386921,13.024129,0
-5.000449,2.3102477,0
-6.768335,3.4264526,0
9.100596,12.738971,0
-1.6487194,-1.4674171,0
15.087247,3.9023335,1
-1.6887162,1.0344793,0
7.673752,2.7676609,0
8.221048,2.62967,1
11.020402,11.857331,0
10.481163,12.180627,1
1.844736,14.491022,0
11.137486,12.823526,1
12.199878,-3.8811545,0
10.721612,13.920282,0
13.191157,4.3666077,0
-1.7430344,10.484784,1
10.945917,13.729599,1
-5.421096,2.1368723,0
-3.9668906,13.183447,0
7.6170034,2.2575283,1
4.9768257,12.522707,1
9.889051,13.142733,0
-4.8267937,2.2342288,1
9.83698,7.4485836,1
13.215336,-0.2944914,1
-6.0188403,8.276557,0
-3.376152,12.341687,0
-4.7720213,12.503988,0
-6.816553,3.3507743,0
4.926833,12.522527,0
5.0160594,12.356004,1
-0.82302153,1.6496066,1
7.4848366,2.2486143,0
1.3791337,4.504352,1
12.952155,-3.1702137,0
-6.796605,3.5554104,0
-0.9237999,1.371344,1
12.481684,-4.070777,0
13.618363,-0.59998983,0
9.901657,12.657982,1
-1.1192372,-2.2877803,0
2.4600277,11.70196,1
14.737788,4.272433,0
1.4833701,4.3953424,0
-5.814756,12.290841,0
1.299401,4.9948964,1
0.8950499,-3.2115817,0
1.1369632,6.432423,1
2.6971135,12.383128,1
-5.3101325,2.0332043,0
7.879635,2.4101286,1
-3.3520443,13.075218,0
-1.102545,-0.24793391,0
13.057727,-3.3352983,1
7.4243255,2.223217,1
2.9611175,11.834904,1
12.435086,-3.2274523,1
7.462288,2.2666402,0
13.156413,3.9011998,0
-5.2894216,2.0653052,1
7.758187,6.4092655,1
7.7561555,6.0840135,0
12.265687,-2.9744663,1
11.426831,12.729985,1
0.94412607,14.562462,0
-1.35182,-2.9448855,0
-3.6855195,12.372367,0
13.384977,4.4095545,1
-0.048760038,-1.253329,0
-5.5599217,2.022009,0
1.3501433,5.0058393,0
-4.1414776,12.937732,0
13.324906,10.460934,1
-4.863543,3.2861307,1
10.573649,11.459756,1
4.5341115,14.611861,0
-3.8289258,12.91427,0
14.228694,9.140232,1
10.564147,1.5019791,1
3.911045,13.314773,1
11.466243,13.10675,0
-4.6382594,2.5431879,1
7.299901,2.8604755,1
-1.8380889,2.0049198,1
10.058216,13.315951,0
11.015554,13.196379,1
-0.3705266,-0.7551067,1
14.309328,4.3177996,1
4.7445116,14.933987,0
13.618458,9.371039,1
14.628268,9.479055,0
-4.5366592,12.173197,0
9.103597,0.5073642,0
-0.69040203,-0.17406696,0
-1.7200444,-1.6988151,0
3.2724416,11.602718,0
9.341938,1.8149511,1
0.060109284,5.751946,1
-3.6712077,13.628244,0
-0.64496446,-1.1839923,0
-5.9125104,11.5582695,1
3.4650168,12.690807,1
-2.181671,-1.7508758,0
7.3342547,6.661353,1
9.552731,1.2406244,1
1.0627241,6.7800636,1
12.352669,-3.378928,1
7.189779,2.700298,0
1.3292242,13.061819,1
9.378226,0.78907233,1
10.948769,13.655936,0
-0.10668607,-1.5279696,0
-5.4028883,1.9789196,0
13.288773,-0.021321557,1
-1.3268578,-0.09121782,0
12.904283,4.2974296,1
-4.701293,12.620092,0
4.859064,14.900217,1
7.945226,5.5070925,1
0.6800275,6.652575,1
1.1342875,6.729185,1
-4.345138,3.9642956,1
-4.3811965,2.9761977,0
-3.0791986,-1.1955115,0
9.4020195,1.0945587,0
-6.2073917,2.6850412,0
-5.795367,12.317704,0
12.879322,3.9480767,0
-0.054107495,-2.8465505,0
9.523183,1.7611245,1
14.333332,10.012313,1
-1.9223007,-0.4135649,0
15.103562,4.3326077,0
7.321526,6.097936,0
11.06626,12.709456,0
-5.6577287,3.3347688,0
0.6955225,-2.6298761,0
8.0076475,6.7914076,1
14.689179,4.0500703,1
-4.4414854,10.696866,1
9.913743,7.4957886,1
12.943643,-3.2847576,0
7.933853,2.6775846,1
7.8099413,2.791715,1
0.9416579,-2.9155176,0
1.7053971,4.5768657,1
13.483888,9.917697,1
4.3511086,12.784963,0
-5.311315,2.1342452,0
15.036149,4.3308406,0
14.441705,9.947263,1
-1.3957776,-3.0453124,0
-6.107687,2.4255378,1
9.795832,1.4802496,1
13.35279,9.627363,1
9.334986,7.1480403,1
-0.35203907,1.6394229,0
11.86555,-2.456724,1
10.705541,11.581153,0
1.520111,-2.9324453,0
0.44617438,-1.9067371,0
1.1689441,14.000992,1
4.356293,13.281693,1
0.28125736,6.7240787,1
-0.33243746,-2.6524937,0
-2.029869,10.462264,0
0.40875566,7.247592,1
9.618804,0.58315724,1
12.949615,-4.010709,0
12.818744,3.9275782,0
-3.5327427,10.344272,1
4.201493,12.436518,0
13.203278,-3.301428,1
13.708642,9.286287,1
13.128666,-0.078766875,1
11.147003,12.764451,0
0.9063228,13.712035,1
-1.461465,-2.6374543,0
-1.1292561,-0.46286592,0
11.966312,-2.927818,1
8.030963,5.95738,0
13.853706,10.057693,1
-1.4777943,10.096352,1
2.4165907,11.66312,1
7.3720703,6.444731,0
1.3484031,13.696384,0
-4.9416065,3.8730588,0
-6.0235877,8.949728,1
1.2992578,5.918792,1
2.6889997,11.380445,1
9.991113,11.325073,1
0.53097475,-1.4784868,0
1.6922596,13.698902,0
12.046157,-3.6612754,1
14.379393,9.459786,0
-5.4663754,2.553189,0
4.860027,14.607183,1
14.880885,4.36336,0
-4.915462,12.160256,0
-4.5603867,2.9362216,0
-4.6496177,2.7648857,1
-6.813626,3.0452979,0
4.9387975,14.411439,1
8.368397,2.4986372,1
-5.572161,12.182699,1
3.2683055,11.561423,1
13.283638,-0.47703603,0
11.349841,13.178504,0
10.541072,11.72718,1
3.580681,11.948555,0
-1.6807667,1.1329249,1
-1.3349484,-2.8549204,0
1.2796285,7.3712287,1
9.224382,6.972245,1
15.44643,4.12277,0
-6.0704403,8.611835,0
-2.21354,-2.7589462,0
15.547019,4.1649556,0
9.958988,12.8031845,1
7.3625445,6.500149,0
11.851649,-2.2117894,1
9.357481,0.71757144,0
10.388376,12.0129385,0
1.0168043,-2.412902,0
9.203834,7.1931224,1
-1.4446409,10.112708,1
-1.0636615,1.2030957,1
-5.263343,12.639051,0
0.58781856,6.0675817,1
-6.673629,2.8078039,0
10.697494,11.524347,0
-5.675471,11.206216,1
9.693015,1.6863152,1
3.8409235,12.221286,1
0.93469995,-1.9799068,0
11.371039,12.696362,1
1.360117,13.088503,1
7.673238,2.306762,1
-6.202979,2.487962,0
0.70564204,-1.9891546,0
1.106334,5.381554,0
10.406532,1.5975034,1
9.880479,11.533357,1
-1.3055683,1.0875503,1
1.0001603,-0.31068358,0
12.793776,-2.0785573,0
0.9895759,6.763655,1
0.7508805,4.955193,0
-1.4203029,1.406827,0
9.024466,0.4920863,0
13.343561,3.7376611,1
0.41465878,5.5225286,0
-3.696126,12.50218,0
10.623676,1.3806298,1
9.934018,12.754387,1
7.4737678,5.8415346,0
0.22706455,5.008448,1
-5.8025346,12.299685,0
4.251964,12.382252,1
-4.6959357,11.11107,1
13.17906,4.413364,1
-1.3575586,9.609305,1
10.950512,13.403476,0
13.294345,4.375967,1
-6.0139503,8.268049,0
1.7562802,14.032671,1
11.792697,-2.5696623,1
13.318614,-0.5802538,0
10.550988,1.4316275,0
-5.7362003,8.711806,1
-5.937004,11.360143,1
0.5912053,14.070926,1
1.3523165,-1.7319381,1
4.756921,14.718759,0
12.968409,4.315302,1
12.054276,-3.1602335,1
-5.035627,4.7181473,0
-0.96591896,-2.1060226,0
4.5628867,15.078872,0
-3.7686815,12.424526,0
8.212347,5.4856644,0
7.8095036,6.0529623,0
0.0721751,-3.3681202,0
4.649566,15.037421,0
4.2229824,13.606415,1
-1.1488096,9.896023,1
-6.239063,3.449934,0
1.7677289,5.202807,1
14.840091,3.8487878,1
3.7620242,14.102619,0
8.202337,5.560757,0
13.651651,9.842008,1
4.311366,13.570095,0
14.005712,10.554501,1
4.128368,15.064062,1
1.0918989,6.1025877,1
13.440298,10.117353,1
-5.5000744,11.221007,0
7.6829867,6.8082438,0
13.075925,-0.018080857,1
1.3101192,-1.9916091,1
-0.7505632,-1.9364767,0
-5.8410106,2.6469018,0
-4.6528726,11.206028,0
13.465635,10.1549,1
-4.2746496,2.6193097,0
-0.85624456,1.589686,1
9.925806,11.84418,0
-5.613709,9.627339,1
0.6036239,-2.7608182,0
-0.10837929,-1.2220087,0
-2.1341858,10.603932,0
1.1831937,6.128854,1
10.28716,13.60588,0
1.4430121,13.50926,1
0.85799485,-1.0512733,0
-6.815019,3.615143,1
14.043298,9.809535,0
-4.722545,2.7369275,0
-4.331802,3.6101108,0
-0.6141434,9.312858,1
11.400709,13.067792,0
0.037335087,-3.040297,0
9.869057,12.109865,1
8.552733,5.9787927,0
13.409803,9.752034,1
4.7980123,12.500329,0
2.0355341,6.979529,1
7.1864715,2.6383667,1
13.2797575,-3.2886674,0
8.2100315,5.480912,0
-5.136833,2.0148506,0
8.016622,5.9014196,1
4.7645035,12.603398,0
13.614604,-0.3935182,0
4.885796,12.3512745,1
3.8577728,14.059689,0
2.49755,12.248087,1
12.039172,-3.0603342,1
13.299247,10.342066,1
-4.86848,4.4651003,0
2.8848367,12.223549,1
0.72476345,-2.6084104,1
0.56442744,6.3949623,1
-4.56486,12.331896,1
12.120188,-3.7844672,1
-4.715037,11.0843525,0
7.8253307,5.8538475,1
-4.484896,12.216858,0
11.340118,12.463368,1
13.335419,-3.252502,0
-3.3937352,12.836403,0
-5.7982516,8.93486,0
0.91025805,-3.2811167,1
1.5072174,14.672557,0
14.957629,3.9821784,1
13.274739,-0.46212426,1
2.7984934,12.529639,0
1.007385,4.6230826,0
9.819291,1.4974954,1
-1.7855792,10.84103,1
0.21209502,-2.7049692,1
-3.9319444,10.507305,1
3.4778404,12.583178,0
14.632477,9.550327,1
13.094907,-0.040187735,1
0.10495107,5.424633,1
-6.545337,2.8097057,0
9.092855,6.7819114,0
0.22570646,6.978158,0
9.197075,12.245352,1
1.7752247,14.70498,0
12.882323,3.9473674,0
7.408784,5.8922944,0
12.641144,-2.9341886,1
-2.0256624,10.729002,1
15.776317,4.397685,0
12.29673,-3.540729,0
1.2114217,13.150905,1
4.84237,14.491996,1
15.651727,4.2713556,0
4.0383415,15.211235,0
-4.1584673,10.482448,1
14.435572,9.384838,1
0.57802504,4.6837554,0
-5.095574,4.4290123,0
-4.3293953,11.022699,0
10.8759985,13.938028,1
-4.423944,11.207343,1
1.4698441,5.8333173,0
0.35277218,1.3608344,0
-5.0511355,4.500015,0
0.29147634,-0.73285323,0
4.830662,14.990794,1
8.98436,12.510913,1
-5.1051154,4.823843,0
0.6086876,-0.22855005,0
0.25605044,4.967087,1
-0.2726784,-2.721774,0
7.2455783,6.1307755,1
10.51434,12.281334,1
9.166214,1.1842142,0
-5.529938,12.439062,1
-0.07630694,6.110703,1
-4.4362288,11.996894,1
7.758004,6.31962,1
13.273162,-0.40254334,0
7.7360606,6.195319,1
9.849364,12.3379965,1
-6.169228,2.3836033,0
7.4619336,5.847272,0
-6.312204,2.582599,1
0.8300768,-3.198885,1
-2.028098,-1.5514276,0
12.260163,-2.873266,1
-2.2420518,-1.7727581,0
9.962402,13.147168,1
-1.6996272,10.932699,1
-0.5734758,-2.599231,0
13.348171,9.718574,1
-5.11977,4.4044714,0
0.35169318,-1.9441817,1
-1.8283943,-1.013503,0
15.200347,3.9443538,1
12.5353985,-3.7386718,1
-3.2243583,12.873314,0
9.239261,0.56083506,0
4.5109267,15.121431,1
1.7978077,-2.0172849,0
1.5405666,13.043774,1
1.046434,5.8075004,1
-5.174328,12.787202,1
0.27182555,0.00010720471,0
10.860946,13.213186,1
-0.30347282,-1.772561,0
-0.29488447,-0.58966106,0
-1.5190752,-2.8345878,0
1.2112755,-2.3141296,1
7.815916,2.2940373,0
8.981192,12.607151,1
0.15354334,1.3771474,0
11.246254,12.541111,1
-4.908439,4.762723,0
-4.307872,3.5745068,1
0.6744479,13.880399,0
-0.5339099,2.0872042,1
11.929652,-3.041088,1
-1.7152872,2.038429,1
4.6962037,14.93523,1
-1.1565102,-1.564515,0
10.394452,11.672301,1
10.98064,13.495344,0
0.8534154,5.5047674,1
7.3557363,6.3978786,1
1.3303223,-2.0789332,1
2.9761446,11.851368,1
-4.6727123,13.207315,0
7.500981,2.380576,0
10.945823,13.685473,0
14.189899,9.557253,0
1.0611651,-2.1427727,1
14.13644,9.300777,1
13.547057,-0.66457677,0
-1.1016157,1.6779151,1
9.786913,1.0896425,1
3.3615224,12.478737,0
7.555451,2.2581885,0
-1.1723516,-2.5813682,1
9.8624325,7.463636,1
0.3508979,1.3324109,0
-4.5963097,13.300977,1
12.45178,-3.4971104,0
1.7087092,13.749984,0
5.0489287,12.674719,0
0.11905822,5.824132,1
15.044578,3.8901486,1
3.0574245,12.6172085,1
4.191412,15.367939,0
-0.17783514,1.2378995,1
-0.0665675,0.4233394,0
-4.643426,12.12107,0
11.133896,12.60754,1
-4.993145,2.0340924,1
9.193625,12.357998,1
13.040419,-3.5906367,1
-1.1099621,10.107123,1
11.861859,-3.1437197,0
10.44167,1.1633824,0
9.921415,12.935502,1
-4.8118777,11.811762,0
13.569479,9.983406,1
11.357028,12.841922,1
11.959576,-2.059765,0
-3.5493083,13.481646,0
0.39253595,5.92277,1
0.2723264,4.92248,1
13.480641,9.461411,1
13.1686125,-3.3422406,0
2.561487,12.1346245,1
7.9340973,2.7381804,1
-3.950372,2.7841828,1
10.762641,13.963051,0
-1.5741141,-0.2161856,0
-2.1563883,-0.9298005,1
11.647818,-3.2620983,1
3.9821327,14.006872,0
-0.37555316,2.1509643,1
4.581778,12.56845,0
7.977182,2.381516,1
-5.969525,11.49732,0
1.5851511,4.6974545,0
1.5809816,4.504058,0
1.2831844,5.737434,1
1.3530235,13.016469,0
14.79725,3.925011,1
9.662227,11.686277,1
3.759976,12.366656,0
-0.30651474,-2.510676,0
3.9039416,12.616923,1
-4.424743,2.7479887,0
13.834042,9.681613,1
4.67221,14.733072,1
-2.1364424,11.176528,0
12.937828,4.3468256,1
12.003696,-3.2905622,1
-5.535276,2.021037,0
0.9999237,-2.3964748,1
14.076651,9.589817,0
13.156677,-3.8413332,0
12.802019,4.334435,0
13.225883,4.3849387,1
1.6231934,12.874615,1
10.242555,1.2905225,1
-6.0499215,8.273415,0
-5.114196,11.739867,0
7.560955,2.2921832,0
9.828828,7.416454,1
-1.4139423,-1.9388013,0
-4.325209,12.006026,0
3.3294525,12.395561,1
-3.886878,12.88181,0
8.005003,5.866164,0
14.710589,10.109861,1
9.87443,1.1613407,1
0.05310644,-0.7863334,0
4.7673674,13.0365095,0
10.855964,13.406977,0
9.929149,12.6122,1
2.6380951,12.019418,1
13.090351,-0.21288458,0
-1.3281593,2.3393588,1
-2.6578963,-0.5196274,0
0.12910527,0.016014569,0
8.087542,5.5316424,0
15.602487,4.200326,0
14.6635275,10.259845,0
12.54015,-4.1464834,1
14.094576,9.945666,1
7.262665,6.4111953,0
8.24372,2.4630024,1
12.916204,4.07884,1
9.046738,12.667625,1
-5.184622,12.440912,0
-6.019405,8.600193,0
8.471282,5.84627,0
1.1918657,14.693295,1
10.958939,13.635189,0
-6.227313,3.3133078,0
4.7253666,12.259942,1
2.8195817,12.418177,1
15.678743,4.3088827,0
-5.2382803,11.457854,0
1.3188177,6.2195334,1
0.4386199,0.813637,0
13.496749,3.7830398,0
13.322951,-3.479055,1
4.999142,12.7802725,1
13.312655,9.904895,1
0.90242237,-1.4324063,0
-1.3183942,-1.9632789,1
4.839406,14.814547,1
-5.614679,2.6690724,0
1.2161623,13.102054,1
9.37452,1.797279,0
-3.4579022,10.3163805,1
7.64463,2.3065493,0
1.8918566,14.75267,0
13.533296,-0.2617894,0
11.8562975,-2.1012218,1
9.275028,12.014802,1
-0.2872176,-1.9042549,1
1.525712,4.821066,0
-5.191677,12.701602,0
12.529251,-4.0001273,1
13.475421,9.487206,1
12.962189,4.2212143,1
14.597697,9.475774,1
12.797307,4.2363095,0
-1.867383,1.9466388,1
1.7637053,14.7871475,0
15.76772,4.400644,0
13.276653,-3.6937108,0
13.807873,9.225551,1
12.950983,4.1553574,0
-6.429666,3.4493718,0
11.653575,-2.8980439,1
-1.1752633,1.5879614,0
4.747798,14.997344,0
-4.804789,10.9802265,0
8.207694,5.761067,0
1.327518,-1.6609205,1
3.8378644,14.057129,0
10.804127,13.3855295,0
-3.4742594,13.073456,0
-2.9510143,-1.5331411,0
-5.8251677,3.3890686,0
-5.0857234,12.961537,0
4.9876647,12.857383,0
8.896915,12.567425,1
-1.822355,-2.9642937,0
12.103603,-2.8850782,1
8.380435,2.6197438,0
-1.727018,10.055071,1
8.150905,5.541122,0
12.870646,-3.4174938,1
-6.675692,3.73126,0
-1.1860832,10.665485,1
-1.4932469,10.722635,1
1.4104445,6.661937,1
-3.2735298,2.7787907,1
-2.4667387,-0.71919817,0
7.3839607,6.261262,1
-0.08316353,-0.19325285,0
1.6600257,13.459544,1
-0.9215894,-1.0691619,0
0.14331308,0.1843314,1
8.138029,6.103838,0
10.728303,12.201615,0
-6.8504753,3.377416,0
1.529481,13.919865,1
13.796123,9.814355,1
13.204074,-0.23575701,1
10.516545,1.3663412,1
7.6455455,6.3632545,1
13.228963,-3.294528,1
-2.7518797,-0.5322507,0
13.630549,4.410654,1
9.334152,1.163204,0
10.811941,11.955311,1
10.502522,1.2839291,1
1.2351705,-1.5009959,1
13.455196,-0.60539573,0
13.382952,10.283967,1
8.307239,6.6642156,0
-5.9382925,11.728886,0
8.889592,12.646245,0
-1.2314866,9.523192,1
8.262886,2.3015652,0
-4.337089,2.9519985,0
10.054511,12.516274,1
11.287278,13.091768,0
9.075724,12.182513,1
2.6423357,12.093538,1
14.481195,10.329934,1
-5.3867984,2.7658937,0
-5.7628474,12.314183,0
-3.8375134,2.812381,1
7.916236,6.9208603,1
0.25364313,6.7579675,1
-4.6235213,12.666577,0
3.2253747,12.497524,0
12.473472,-3.8258955,0
0.25268716,-0.6313075,0
14.161186,9.548884,1
1.1767348,14.5183115,0
-6.213166,2.5667727,0
2.9376523,12.044975,1
8.055376,6.0968432,0
0.32695684,6.8326364,1
-5.8340406,12.198678,0
10.8006,12.397954,0
0.47584397,7.018504,1
1.6429524,4.6593814,1
13.575584,-0.60459024,0
13.446821,-0.35985515,1
8.171526,2.5007565,1
0.2710583,-1.9852358,0
-5.1578684,12.739548,0
4.980738,12.629376,0
11.397429,13.085832,1
9.5892105,1.1120555,0
-4.4465375,10.575099,1
10.476294,11.954461,1
11.792999,-3.1447766,1
-0.8224095,-2.9448636,0
1.9077622,14.5973,0
-1.4524503,9.650821,1
0.80906594,4.676103,1
10.905421,13.857269,1
-2.5277917,-1.0057899,0
1.291713,4.483756,0
0.37884313,0.6492219,0
12.923148,4.28371,0
14.825592,4.004678,1
-4.3398514,12.482743,0
14.518002,10.120596,1
13.8707,9.39066,1
-5.189586,11.468662,0
12.853888,-3.3826246,1
1.3463044,14.52083,0
-6.0969696,2.2281601,1
13.254968,10.421396,0
8.902556,12.583734,0
0.98139477,-1.3406991,0
-2.9823978,-0.83325446,1
7.021234,2.406954,1
-1.8814529,2.754278,1
-4.857539,4.224312,0
3.6813657,13.886479,0
-5.9417095,8.360091,0
-4.2180114,11.035104,1
2.8157458,12.375144,1
0.13063616,5.7882986,1
0.44186527,5.849967,1
4.239805,15.403194,0
-5.2375197,11.371802,1
10.468334,11.384663,1
-0.8507932,1.3381006,1
-2.0356576,-0.85751957,0
11.4670105,12.819055,0
3.562612,12.505424,0
-5.043316,4.1037126,0
1.8280727,14.72361,0
13.243789,-3.72567,0
13.987875,9.690121,1
1.9426935,14.646684,0
-5.318472,11.24607,0
12.662281,-2.1056004,1
7.9598804,6.6751075,1
-4.1925907,11.033853,1
12.75917,3.8973114,0
4.0864067,13.762253,1
3.7752,14.021267,0
-3.474891,12.160533,0
15.63064,4.243214,0
3.9993172,12.01412,0
9.23372,7.1292715,1
7.2371583,6.7456455,1
1.4124689,13.606954,0
-0.46433282,1.3272239,1
10.8032875,13.166992,1
-1.4733915,-0.005007288,0
0.5124247,5.9063163,0
-4.4411135,12.9033985,1
-1.2941465,9.616469,1
7.7534556,2.2959437,1
10.86146,13.812916,0
-5.8996453,12.116704,0
13.606895,9.026404,1
9.69634,1.5215862,1
0.9538645,-0.49489456,0
1.3947303,-1.7398772,0
9.836513,12.374591,0
9.002307,12.85203,0
-2.700832,-1.7089674,0
10.254349,11.393912,1
15.689199,4.3101635,0
1.5203826,-1.6292427,1
13.60498,3.7538218,1
13.8484125,9.625159,1
7.8582926,6.128063,1
13.7494545,9.120739,1
-5.879395,3.3615506,0
12.410538,-3.9650524,0
13.84018,4.3998194,1
14.219534,9.786553,1
-4.941844,10.969029,1
-2.412185,-1.844366,0
10.003745,13.415072,1
11.339952,12.453105,1
0.81287545,7.031316,1
8.982789,0.4673863,0
1.6159626,5.606036,0
-5.1184044,12.772838,0
1.5604345,12.507657,1
7.276001,6.45109,1
-1.7911372,-2.886947,0
12.761902,-2.0592918,1
11.663586,-3.3333287,1
11.872972,-2.462979,0
-4.1768594,2.606587,1
10.250836,11.368307,1
-4.358534,10.616702,0
9.319379,1.8829105,1
13.265781,4.48793,1
-2.404311,-2.1747646,0
1.0989306,-3.2647388,0
7.75005,6.111916,0
7.907726,6.9410663,1
12.518957,-4.110345,1
-1.1682869,-1.6236029,0
1.1324309,14.582634,1
13.868808,10.441144,1
0.07820758,1.250655,1
15.29068,4.018382,1
-0.9138664,-1.9505148,0
-2.1316938,10.271283,1
3.2044473,13.012712,1
-2.0758753,-2.9299784,0
7.196378,6.646999,0
-2.8136904,-1.6447227,0
10.208837,13.64392,0
-0.7488327,-3.0199502,0
-1.6731137,10.04992,1
0.90875095,13.5775,1
12.580779,-4.200889,1
-6.354671,3.4399407,1
13.779944,10.126432,1
3.7006383,13.870838,0
13.799491,9.935555,1
-1.2113839,10.6759815,1
14.64944,10.072589,1
13.594139,-0.35750404,1
-1.3898163,2.4114192,1
14.264817,9.136637,1
8.270034,2.444478,1
-2.0821104,-0.9694402,0
12.62156,-2.1237218,1
10.651865,13.668592,1
1.6629679,5.8533316,1
0.76553774,6.693398,1
-5.3057876,11.699793,0
1.1509602,14.682274,0
8.071913,2.4520104,1
-2.0891404,-2.913135,0
-2.2140982,10.14293,1
0.7090648,-3.2873437,1
4.888016,14.648585,0
13.162999,4.3954463,1
0.74547625,0.015938152,1
13.4899645,4.225054,0
10.601121,12.178919,1
0.33050475,-0.7676463,0
8.081033,2.3880594,1
12.796129,3.8476174,0
1.8071054,14.111883,1
14.147296,9.624067,1
1.5546103,13.926359,0
2.7827048,11.951707,1
-3.8172185,13.09477,0
-1.1822858,-0.08928993,1
1.7610297,7.113968,1
-1.405994,9.953992,1
0.18678671,1.1685934,1
0.18710686,-1.6123357,0
1.4846647,-2.031913,0
-5.7076592,8.540375,0
13.376847,-0.41945186,0
0.8475706,-3.1926668,0
0.77604455,7.000832,1
4.7661695,12.556605,1
13.791829,9.281065,1
7.8802843,6.5508265,1
0.19316098,6.5058303,1
13.179462,-0.012045957,1
14.767657,9.763859,1
-0.9656212,0.2964674,0
9.330964,0.7298831,1
0.75072736,7.834443,1
15.610618,4.254844,0
-4.206015,10.496929,1
13.009206,4.3720117,0
10.112547,12.037639,1
1.439889,-1.9957786,1
4.213144,14.59785,1
-1.4781479,-2.565153,0
1.527877,12.433453,1
10.58696,1.438656,1
-1.6946517,-1.3454521,1
-1.3273426,-3.2421267,1
-4.4834476,11.732091,0
11.793699,-2.9675586,1
1.3492455,13.782564,1
14.645759,4.3370037,1
-2.8817878,-1.5400946,0
-0.7327937,9.473305,1
4.476853,12.162636,1
7.7507496,6.1382513,1
1.0055026,13.582446,1
9.320996,1.839639,0
13.296998,-3.4017906,0
-0.94175154,-2.9075565,0
1.5163836,-2.8271108,1
1.571663,12.749885,1
-3.336626,12.416398,0
-3.6223378,2.7359407,1
-5.173307,2.0028749,0
1.49582,13.206141,0
-0.6222328,9.36594,1
9.284586,7.0996294,1
10.321911,12.081425,0
0.05694987,-3.2330155,0
-1.944343,-2.9457657,0
-6.1705313,2.6469798,1
-6.4977612,2.9976473,0
12.487343,-3.6251638,0
-1.5239829,2.6151817,1
0.17277394,-2.963136,0
13.988546,10.094712,1
0.15268567,-2.691618,0
12.791002,4.1710544,0
8.160244,6.8481545,0
7.1490617,2.2531166,0
-2.6891665,-1.6346985,0
4.586403,14.846421,0
-1.4585663,10.447404,1
15.018829,4.03945,1
14.388804,10.11165,0
-2.0154345,-1.8374696,0
3.8255033,13.989888,0
-4.096565,10.546693,1
10.563241,1.5864651,1
-1.2437831,-1.7214282,1
10.497537,11.817933,1
-5.0167575,13.024128,1
0.038837425,5.871151,1
0.107591994,5.707941,1
3.7135963,14.1005125,0
12.58274,-2.1784372,0
-5.1844726,3.7590456,0
7.404064,5.955616,0
9.816137,7.406455,1
10.581553,12.542906,1
-4.5052176,10.91569,0
9.760348,1.5508579,1
9.843454,12.014401,1
10.051867,11.542388,0
0.23185746,-2.725386,0
4.187145,14.670572,1
11.255236,12.925428,0
1.4325892,7.1426535,0
1.5438172,-2.7617345,0
9.028233,12.970267,1
10.862031,13.889064,0
8.159474,5.5430264,1
-4.9922004,4.115061,0
9.214888,7.3628707,1
0.4024786,1.1261487,0
9.629071,1.4534918,1
9.270966,1.6078365,1
0.12475752,0.16859132,1
1.7270612,13.415776,1
0.6361693,-1.0433812,0
11.394698,12.749773,1
1.7427264,4.699611,1
0.28675658,6.811918,1
-0.057643432,6.2728543,1
-1.3310678,-1.728104,0
-0.035562977,-0.46135485,0
10.563454,11.700433,1
-2.4161963,-2.0774696,0
14.605579,9.516628,1
10.934394,13.628886,1
1.550605,-2.3327441,0
15.729767,4.4523854,1
1.7437608,5.9448915,0
-2.0899773,-0.9256404,0
-4.466993,12.045304,0
11.338731,12.701255,0
0.52546465,5.9975524,1
13.189485,-3.2832804,1
15.000291,3.8905704,0
12.850044,-0.08265596,1
1.3104078,4.584748,0
9.427867,1.0748668,1
7.207471,6.8261,0
-5.7311378,9.174245,0
8.351275,2.3854468,1
9.640485,0.5512806,0
-3.8885431,13.439766,0
12.172024,-2.98095,1
-4.913893,10.971835,0
8.434405,6.428174,0
9.830971,12.974337,1
0.9009151,6.5152125,1
6.927111,2.607055,0
9.834546,7.4342594,0
-3.8749623,10.865425,1
-2.4403756,-1.0299332,1
12.775455,0.063176475,1
4.331812,15.326713,0
-4.2063217,12.469084,0
0.07758477,6.088125,1
-3.021361,-1.3857639,1
-0.5009611,-0.565125,0
11.414121,13.065425,0
1.6055051,6.777949,1
1.0788136,13.538818,1
11.379858,12.966977,0
-1.2133464,-3.218524,0
-0.8318078,-2.8303676,0
-0.035175018,-1.2533429,0
9.405339,0.7246959,0
-5.1133776,4.579486,0
7.7543206,6.364559,1
13.331984,10.326718,1
0.44163623,0.9774156,1
0.21647923,-3.1146336,0
4.011012,13.636849,1
-4.1731153,12.480825,1
8.476467,5.612665,0
0.8131641,5.20964,0
1.1776865,6.520355,1
1.5231055,4.7192335,0
1.0368625,14.09057,0
-5.1508303,2.230075,0
-5.952212,8.287905,0
-4.9008937,4.5991454,0
13.235332,-3.7715788,0
10.557687,11.448744,1
7.1798205,2.5335279,0
13.986731,10.439421,1
1.2594458,6.170691,1
-2.7479846,-1.7312117,1
10.016726,11.3140335,1
2.7357562,11.888585,0
1.9433107,14.674903,0
-6.7477164,3.2914207,0
4.0488305,15.058522,0
4.994112,14.642158,1
12.949716,4.142644,1
0.41692442,7.2753572,0
-0.57725066,1.5156312,1
3.0219991,12.496733,1
12.06792,-2.9599826,0
14.189325,9.142107,1
-6.507001,2.685156,0
-5.081392,4.800577,0
8.626319,5.6756663,0
9.918787,12.728646,1
0.5539929,0.39037153,0
9.565094,1.7049801,1
-1.6642733,10.716687,1
10.586249,1.4701997,1
-3.0883992,-1.2049056,0
-1.0978526,1.763321,1
0.77930653,5.4026084,1
-0.016805667,6.0679264,1
14.423122,9.72322,1
9.69437,1.6056503,1
10.75468,12.316443,0
7.815026,2.4085367,1
4.734728,13.124754,0
-6.081518,8.879794,0
-4.2753034,11.426738,0
12.601502,-3.1793642,0
14.235611,3.5134943,0
-1.19105,9.716516,1
0.2342728,5.139304,1
-5.7329874,8.345337,0
1.7539494,4.6349573,1
-5.835751,2.7501528,0
0.42781004,7.400887,1
-0.3046866,2.1814585,1
11.097701,12.816468,0
9.84317,1.2743759,1
-0.19620799,-3.0393865,0
-5.957815,2.2849796,0
2.673934,12.164669,1
1.1918056,6.287571,0
-5.6582274,11.772984,0
9.2660265,0.8099883,0
-2.2930548,10.656466,0
-6.1050243,2.753122,0
-3.5505352,12.884425,1
-5.2486086,11.772569,1
14.561701,4.234686,1
-1.2079927,-0.88760424,0
10.533548,1.4736198,1
-6.092151,11.411825,0
0.5369005,6.94541,1
0.60664105,14.00302,0
-1.3067975,-2.730238,0
12.575424,-2.1852772,1
13.515517,3.7054012,1
4.7240744,15.015038,0
4.1126227,12.128336,1
7.5866942,2.7070627,1
9.6347,0.40477657,1
0.81440693,-2.160238,0
1.3110394,6.082572,0
0.66712606,-1.9781555,0
-1.4193932,-1.9423401,0
7.4431906,6.6237855,1
1.4566692,12.785681,1
4.5374446,14.978059,0
11.29323,12.678547,0
9.639325,0.40374264,1
4.7081985,14.523495,1
-0.044195943,-0.4773042,0
-0.18892567,1.6159216,0
-1.0504218,0.24351747,0
7.477893,2.2554672,1
-0.8786205,9.74908,1
0.24815112,1.2866385,1
-4.83829,2.5370817,1
8.071887,2.420438,1
-2.0126178,-1.524487,0
13.337931,-0.34201953,0
0.6883175,0.28253147,1
0.20123832,5.88716,1
-0.8772961,-0.56967545,0
7.3756566,2.3017771,1
-6.117817,11.740173,1
0.5103186,7.4744735,1
1.2541679,6.3317304,1
-4.8192053,2.37331,0
1.0905081,14.084218,0
10.6738,13.730421,0
7.338263,6.6387515,1
12.905055,4.0020275,0
9.559854,1.3877072,1
7.515309,5.9434223,1
-3.3935466,12.787209,0
-0.116158314,-0.16999066,0
10.292644,11.427206,1
10.717181,14.001157,1
9.900413,13.301873,0
1.3345766,13.508024,0
-4.49311,3.8391564,0
-3.548856,12.244978,1
1.2910429,13.70929,1
3.4179387,12.579623,0
13.296102,-0.13249011,1
1.2441344,13.687779,0
-5.720441,12.332883,0
-0.8466474,1.7961881,1
7.9072266,2.75396,1
-3.5760617,12.289192,0
0.82497966,14.360983,0
-5.059231,13.046324,0
-3.894705,10.605994,1
-7.074549,3.343644,0
14.086918,4.344029,1
7.8551965,2.7909393,1
4.520645,13.470414,0
13.14242,-0.16355915,0
3.8739328,14.396765,0
3.8327346,13.508816,0
4.3215957,15.20919,1
7.4470577,6.536302,1
1.3447307,4.313533,0
9.175441,1.1263778,1
9.101058,12.276782,1
15.545679,4.1573057,0
1.0873518,14.518451,0
13.527093,-0.3836594,1
-5.922837,2.2622027,0
1.3327966,14.605389,0
8.312804,6.049225,1
-3.3455389,13.212842,1
-1.0124243,0.34963372,0
10.284782,11.492678,1
-4.3150673,3.069753,0
-0.6780823,1.7416501,0
-6.0615425,11.498354,0
8.273512,6.665715,0
-1.2839004,10.496863,1
4.707406,12.929473,0
4.373773,13.335238,1
10.981155,13.799656,0
13.290145,-3.6323314,1
-3.5447402,13.31497,0
-4.3670573,12.758412,0
1.530022,-1.3040456,1
0.66289985,14.148502,1
9.99356,11.446786,1
-1.986079,-2.3206632,0
-1.6010977,1.2177074,0
13.69667,9.060548,1
4.477604,13.388995,0
-5.014338,1.9944861,1
0.862833,-3.1997917,1
-3.81152,2.742554,0
2.6552477,11.886384,0
-4.682389,2.5362246,0
9.083968,12.474164,0
4.1155515,15.313171,0
-1.4234172,-2.9345837,0
-6.3561926,2.5432637,0
-2.1495728,10.707417,0
-5.6101074,8.858522,0
-1.8170862,10.331284,1
-1.9585408,10.307092,1
15.802707,4.4257174,0
7.6412416,2.6109884,1
-6.601924,2.747613,1
9.640601,0.99297327,1
14.670993,9.520256,1
14.749708,9.630489,1
1.0430396,6.2074065,1
1.587906,14.674177,1
1.5063894,13.10796,1
1.3234354,6.6636586,1
-2.6336598,-1.8654343,0
9.867616,12.781084,0
11.8503,-2.1694095,0
9.256006,7.278222,1
9.422413,0.84387034,0
9.885449,12.363189,1
9.872053,12.008376,0
-2.9101748,-0.87800056,1
-5.133765,12.70595,0
9.078918,6.826078,1
3.6909466,13.173929,0
14.760137,9.876038,0
9.998428,11.206206,1
-4.269473,3.0947025,0
-2.4314961,-1.0013661,0
-0.75510144,-1.0202032,0
-3.8835342,11.949074,0
-4.570662,2.4589677,1
-4.198484,2.6884813,1
10.906447,11.65082,0
-2.5591648,-1.1767058,1
-4.638205,2.4788527,0
10.806872,13.987154,0
4.6989064,14.89358,1
0.22401354,-2.352963,1
9.020729,12.592289,0
-1.4256914,10.682809,1
-6.122354,9.1678,1
4.3992124,12.56029,0
13.0773325,-3.587861,0
-4.607323,11.977915,1
-5.817731,11.330456,0
-1.8344419,1.9606682,1
0.9752211,-3.241836,0
7.0818486,2.6007402,0
8.922242,12.475979,0
9.628372,0.50085384,0
0.20527083,5.8995576,1
4.0212617,15.017722,0
-6.462427,2.6997437,0
3.873344,12.516622,1
-2.655344,-0.52247185,0
-4.973219,2.3125122,0
-5.0327187,12.432609,0
-3.1975868,13.030656,0
12.571612,-3.1356778,1
7.335352,6.4496746,1
13.2214575,-3.3286574,0
1.0477953,4.6198325,1
-5.701133,3.4194136,0
0.6491053,6.1216655,1
-5.0942864,3.9291885,0
10.4085655,12.18683,1
8.525023,5.9386473,0
-5.4386487,11.504159,0
-3.5170784,12.778768,0
9.956076,12.497566,1
9.532304,1.1628073,1
4.254354,13.427766,0
1.3673137,13.34771,0
-5.0490117,11.004369,1
8.569496,5.9179916,0
-0.40103003,-3.1435702,1
-0.34393287,9.434589,1
12.406668,-3.1176271,0
2.3970828,12.067781,1
-4.4767265,12.133122,0
-6.1642866,9.245984,0
3.0788252,12.632846,1
-1.0882083,1.7064028,0
-1.881425,-1.9166888,1
-0.88507605,-1.8128568,0
-3.591604,13.093419,0
9.790601,1.5676347,1
10.551775,1.5357805,1
1.6601139,4.621763,0
0.78430134,-1.4058673,0
-4.046648,11.264401,1
-6.107372,11.42884,1
-2.0656853,11.013725,1
11.129489,12.261834,1
11.688184,-3.2877467,0
11.375519,13.125523,0
-6.0963535,11.646695,0
4.7353797,13.127825,0
-1.2687156,-0.8787244,1
13.535946,-0.040635467,0
-5.083767,4.578419,0
10.260645,13.429383,1
-1.7003973,-2.2425725,0
1.635858,-2.6565626,1
7.351319,6.3147616,1
0.62140554,5.5496387,1
13.251155,10.344966,1
-5.765636,9.531131,1
-1.4312078,10.496652,1
8.057724,6.118315,0
0.68301165,-3.3271534,0
2.4244785,11.499974,1
4.2835326,13.5183935,0
1.6586099,7.096623,1
14.349796,9.36387,1
1.0204806,7.489178,1
1.1727715,14.133232,1
2.876384,11.888881,0
9.282562,7.419922,1
0.6410173,-2.0103045,0
13.202277,-3.789624,0
1.1306967,6.3903403,1
10.255197,11.7211485,1
4.0691776,12.214558,1
-0.83285236,9.398609,1
14.001669,10.544583,1
12.571544,-2.8807478,0
-5.952617,11.718911,1
5.0379972,12.448232,1
-6.737615,2.9324412,0
11.36135,12.87327,0
13.486606,-0.5766424,0
9.209515,7.3264384,1
10.911745,13.81686,0
-4.7116466,11.518726,1
0.5821719,6.584761,0
0.5178901,5.947343,1
-6.057105,8.858002,0
2.6015396,12.001212,1
0.47256288,5.9906783,0
-1.2548851,-1.147223,0
-5.1312604,4.5463924,0
13.296405,-0.3854665,0
14.557174,4.203244,1
0.64438593,-1.487861,0
1.8420793,14.647357,0
7.257857,2.6854382,1
-0.5233425,-3.272704,1
9.009706,0.5594219,0
9.355507,11.915591,1
13.837413,9.289862,1
7.5560317,2.2196608,1
1.9588252,6.8587084,0
-3.9013727,11.394779,1
5.0241013,12.663758,0
-4.0837464,2.6473284,0
1.8274955,14.7073345,0
13.330405,3.8642788,0
12.745236,3.8387017,0
13.041744,-0.028030762,1
-1.3099817,9.817582,1
-6.087807,8.364145,0
7.290731,6.5310903,1
-5.5462394,11.164806,0
-4.024663,10.819254,1
9.195819,1.1523633,1
-5.34046,2.0893977,0
7.8529134,2.3131623,1
0.2721773,-2.4767632,0
-0.89840764,0.3431202,0
-3.594885,10.902034,1
12.250772,-2.8293867,1
11.2223215,12.413123,1
12.662771,-3.3210063,0
0.3885616,6.025208,0
9.698127,1.6330504,1
-5.4166846,11.248976,0
8.136453,2.4419389,1
1.8116759,14.564119,0
1.3369411,5.8226347,0
13.365335,9.635659,0
12.729209,-2.1123042,0
12.417433,-2.876557,1
11.699756,-3.3357058,0
4.0639195,15.236024,0
-5.8289886,8.461871,0
-1.6549821,-2.0601418,0
0.26822492,5.861813,0
1.5351996,13.572477,1
4.5650034,14.540659,0
-5.302797,11.317,0
11.800021,-3.2762089,0
14.638344,10.248655,1
4.2366624,15.354828,1
-6.187214,8.349742,0
4.6451173,13.2535305,0
9.638132,11.671966,1
1.3406295,-1.8493991,1
13.049517,4.355554,0
1.5375669,14.168953,0
8.417022,6.5508146,1
-0.97761285,1.4282842,0
1.4029939,14.766958,0
12.835225,-0.05919756,1
12.741836,3.8673677,0
4.301615,14.246118,1
1.3327414,-3.0002127,1
-4.707814,3.9333603,0
-6.6727176,2.9889264,0
12.59615,-3.0682728,1
9.481403,1.6094868,0
7.1842055,6.594073,0
10.909969,12.64136,1
9.978414,12.27916,1
1.5247284,4.6339455,1
1.7640296,-2.4993117,0
1.5214669,-2.9082582,1
8.366855,6.642493,0
0.91083765,-0.6194043,1
-1.9444896,9.952943,1
13.293654,-3.7019978,0
-5.4327364,12.006558,0
0.06187421,-2.820759,1
-6.1262574,2.4627898,0
-2.0011659,-0.88118356,0
4.0586853,15.046896,1
-1.7595925,10.399024,1
0.3661862,7.0233617,1
-6.0057425,11.711105,0
-4.369495,13.304706,0
-1.6969835,-0.56028306,0
-5.762588,8.968551,0
-6.5608654,3.1925662,0
11.833644,-3.1258087,1
-0.6101582,-1.2515877,0
-6.164121,3.434701,0
10.6376505,12.48652,1
9.93491,13.006595,0
-1.5723039,9.66501,0
2.993329,12.419986,0
13.220759,-3.5624766,0
15.014637,4.0821805,1
9.009502,0.5334991,1
-0.66671795,-3.3152401,1
4.3125267,13.595391,0
-5.189652,11.514173,0
7.542079,2.605888,1
12.114857,-3.3032968,1
11.079862,13.179324,0
-0.5034206,-3.327812,1
-0.8971138,9.863788,1
-5.9569426,8.255623,0
-1.7812108,-1.6964341,0
2.8328223,11.797202,1
8.394096,3.3804126,0
-1.8501128,-2.2631342,1
-2.7372875,-1.0342221,1
-1.2299856,-0.9144579,0
4.1370263,14.862174,0
0.2641874,4.979023,1
2.7866523,11.500274,1
-4.7799883,11.525686,0
1.449958,4.436762,0
-4.724432,11.411674,0
-0.005312364,-1.4834462,0
-1.4840262,1.0887909,0
0.16935354,5.865765,1
3.7787938,12.541439,1
-0.76083726,2.2768369,1
-1.4011099,-0.023850238,0
-5.6519117,8.98061,0
1.0871075,6.8042507,1
1.6755451,12.314786,1
13.336171,9.742089,0
-6.7410226,3.17208,0
0.13277908,-0.6910494,0
1.0515876,13.308681,1
-5.0672793,4.528585,0
0.41605484,0.6139569,1
11.2577095,12.106317,0
9.649004,11.691135,1
-1.7708268,10.06582,1
-2.140878,-2.0082946,0
0.9876304,7.1574874,1
0.5030691,-1.4052422,1
4.1042724,15.172558,0
1.3261284,6.1435556,1
-6.158351,8.676271,0
13.231588,-3.662895,1
9.517918,1.1779602,1
9.203024,12.229843,1
0.9813663,-3.1382694,0
-1.2148584,2.2538145,0
-5.847627,12.181044,0
13.828491,9.171504,1
3.8406858,12.47781,0
0.92599267,14.241635,0
4.8452067,14.621288,1
0.44271627,5.595338,1
13.111188,-0.23065606,0
-4.286932,12.5071945,0
-0.692215,-3.2402158,1
12.907443,3.9962523,0
-3.537034,11.143649,0
13.347645,-3.4836752,0
-1.6937886,-2.7742796,1
7.337487,6.6019516,1
12.507628,-3.322856,1
0.6624214,-3.318974,1
0.6565073,-1.2675519,0
7.5152545,5.7460394,0
3.845963,14.125509,1
0.7479607,6.103321,1
-5.6857047,11.925037,0
0.8018488,4.7954535,1
13.795922,10.015462,0
12.525779,-2.8484192,1
-5.5037556,2.3238387,0
1.8794247,14.655563,0
11.217943,12.936292,0
0.48991096,-2.8097842,1
-5.0166645,11.366951,1
14.431571,10.39043,1
-4.4498634,3.1434245,0
15.681356,4.28597,0
0.22742875,0.90925753,1
-1.6855067,-0.8267283,1
11.210056,12.052928,0
13.011843,4.156948,0
12.75965,3.9138675,1
-5.7478914,9.184575,0
-0.50311995,1.4104954,1
8.390347,2.606481,1
-1.64639,1.1515476,0
1.2304586,7.0377393,1
2.4383435,11.960682,0
9.818786,12.115969,1
-0.05735432,1.9485897,1
4.2428765,12.450118,0
10.262353,11.330016,1
-6.449448,2.6479604,0
3.4554722,12.448507,1
14.2583475,3.9170918,0
10.437088,13.75174,1
13.293069,-3.2588682,1
13.397862,9.953359,1
1.2005002,7.006164,0
9.481901,1.0269957,1
15.167847,3.937438,0
10.445144,1.2743245,1
8.402399,5.510626,0
13.456976,-0.97020197,0
-2.6368372,-1.0745227,0
13.845456,9.934413,1
-0.0013675072,6.4229136,1
10.728593,1.5754927,1
-2.4035704,-2.02971,0
11.410273,12.669232,0
-5.083735,4.4461317,0
9.72577,1.5713387,1
13.198708,4.0359583,0
1.3556082,13.343227,1
14.789597,9.797843,1
9.317127,7.3663726,1
-1.7998698,10.977475,1
-0.3059561,-2.5587823,1
12.790476,4.296572,0
7.9072986,2.3924463,0
-0.51580226,9.19797,1
1.3068533,5.1551204,0
-4.894132,4.543093,0
4.5873866,14.599973,0
0.86610854,5.229663,1
-3.7913067,13.057237,0
-4.4400883,10.715667,0
1.0212185,5.6251225,1
-4.967511,4.6128306,0
-5.6358595,9.071431,0
14.634806,10.129414,1
-5.0895543,4.294669,0
1.8521783,14.604266,0
4.2546453,15.106764,0
5.009318,12.352074,0
1.6384393,13.311521,1
-5.305998,2.0748777,0
-5.289355,2.0493224,1
14.93548,3.930756,1
-0.6687103,9.384111,1
3.141739,11.451773,1
4.829766,14.669167,1
7.443718,6.225834,0
1.1810849,13.680535,0
6.88724,2.3382847,0
-6.075161,8.789897,0
-1.5981939,10.831357,1
12.429657,-2.8239825,1
9.795742,7.398111,1
1.3137662,13.273514,1
15.690272,4.321367,0
-5.4169135,12.228927,0
-5.2285557,2.8718448,0
-3.4464438,12.714288,1
11.277431,12.89449,0
-2.0490105,-1.9240301,0
14.649957,9.423096,1
-5.472104,2.6779351,0
12.730732,-0.044536408,0
1.1791427,4.389343,1
-4.021324,2.8802855,0
8.732028,6.448695,1
0.6139722,0.15379009,0
-1.3058223,-1.6919941,0
14.41072,4.2439375,1
0.948683,6.0907025,1
0.32457066,5.5774255,0
-2.9673762,-1.4601132,0
-5.7683263,9.244564,0
-1.1520774,2.2631292,1
10.256216,11.733734,1
-4.9324603,4.4820576,0
10.562483,12.33323,1
-5.0504847,2.0170527,0
10.659571,13.763897,0
-5.145767,12.459326,1
14.11808,4.1351905,1
8.236383,2.419958,0
0.63647175,5.1777697,1
9.400367,11.902026,0
1.223012,-2.3707361,1
-4.371939,13.237324,0
9.963272,11.334818,1
0.16189936,-0.74999994,1
1.3743012,13.015667,1
8.29361,2.5829988,1
4.4054894,15.247857,1
0.6088514,-2.7691164,0
9.225921,12.253613,1
4.070485,15.208637,0
10.653824,14.036677,0
11.714995,-3.2052891,1
-1.2417806,-2.62788,0
9.41312,1.1598035,1
-5.0395026,11.0032015,1
7.1816306,2.3305302,0
7.521874,2.2658722,1
-1.077742,-1.1989838,0
7.134037,2.3576713,0
-6.062267,11.536735,1
2.8036551,11.933822,1
12.01295,-3.2989986,1
1.6474103,-1.7154762,0
0.123533376,-3.2760494,0
4.2059474,13.40771,0
1.4909923,6.653564,0
0.45532593,-2.6060576,0
4.114824,13.680122,0
1.2426016,14.502532,0
0.79313016,7.4847984,1
-4.099581,2.9341173,0
-1.4498696,-1.8893335,0
2.8351264,12.35667,1
-3.4580708,10.374886,0
13.837945,9.103447,1
-2.4347847,-0.96801865,0
10.5275135,1.5257912,1
-3.5655968,10.379396,1
7.753908,5.5654545,0
12.722981,3.8263612,0
1.5186015,4.5760145,1
1.1047851,-3.2466447,1
-5.4565053,11.605699,0
1.6269691,5.7507415,1
0.26511696,5.7656198,1
15.615778,4.207081,0
-5.847809,2.5127313,0
-5.901978,9.322627,0
-0.13422012,-1.1064922,1
1.6253496,5.878985,0
7.904162,2.3473713,0
0.819565,14.406212,1
9.552068,1.6179445,1
-4.07021,10.736011,1
-0.28943363,-2.0232427,0
13.99774,4.4791865,1
1.822907,14.553755,0
-5.8195596,8.352798,0
-4.083002,2.8869338,0
-3.2412426,12.837624,0
1.4965571,13.580185,0
3.7163577,14.035118,0
-1.5671407,10.858268,0
-5.4607873,2.8316512,1
9.964549,13.368597,0
13.862414,10.324246,0
12.757853,3.8640358,0
-0.02600024,6.219183,0
9.867661,12.14979,1
1.208993,14.33902,0
-2.1759074,11.129634,1
0.66187936,-0.5377651,1
9.888666,1.244923,1
0.19027367,-2.2852466,1
0.70900285,0.101605095,1
-5.9335284,3.5926235,0
1.8314482,14.750571,0
7.7302938,5.9797325,0
11.6733,-2.9903343,1
-0.06760165,-0.76846194,1
12.110533,-3.439809,1
0.606448,14.069434,1
-0.7673708,-1.8903304,0
0.38552228,0.90290076,1
-5.3377733,2.3756258,0
7.8171215,2.6741507,1
4.925784,12.735554,1
-5.239175,11.391198,0
-1.332832,2.6251175,1
-5.368125,2.5559924,0
10.090308,13.277165,0
10.986525,13.816756,0
13.611203,-0.2176252,0
8.466152,6.3925524,0
-0.54494506,-2.6674612,1
11.350207,13.051649,1
3.9554362,12.641418,0
-2.8883383,-1.6099724,1
-6.6093655,3.4559,0
-0.8366976,-0.13680005,0
9.254348,7.131972,1
-0.4559146,2.2998018,0
1.1096596,14.225178,1
3.7712057,14.102958,0
-1.4913799,1.2148213,0
-1.5262765,-0.10260721,0
0.6035354,7.6394877,1
0.90490115,-0.06907887,0
-1.384283,9.646465,1
-6.80671,3.1450753,0
9.285032,7.2995687,1
12.118032,-2.9637475,1
11.302887,13.130668,1
-0.6918169,-1.2036662,0
4.0671105,14.894013,0
8.142572,6.1415205,0
-0.35602596,-0.9802347,0
-5.986622,8.471001,0
3.8308167,13.448392,0
9.391769,0.72959423,0
0.38168702,-1.2978525,1
13.0343275,4.38037,1
-2.4579785,-2.1161335,0
2.7291255,12.1291485,1
-4.9786315,12.6787615,0
0.11717959,-3.279245,0
3.712293,14.05232,1
-4.7224355,11.456301,0
7.400956,5.939151,0
-1.8106947,-2.3023534,0
9.015513,0.40298733,0
13.680893,-0.15874958,1
-6.4798374,2.6747136,0
10.520412,11.315306,1
0.842807,14.452415,1
0.58984584,8.000746,1
-0.3363108,0.011352831,0
-4.6328063,4.4646916,1
0.94078475,14.323409,0
11.0593195,12.313857,1
0.80663776,13.701763,0
-4.9721055,4.4179688,0
9.487467,1.1105739,1
2.5864682,11.736338,1
-4.135494,10.492936,1
0.8505587,5.18446,1
-4.138625,11.29825,0
14.136143,9.549333,1
-1.255736,9.663403,1
9.079661,0.43934882,0
-0.5800975,-0.37369612,0
-6.882036,3.648593,0
13.827233,4.391557,1
-5.6984735,8.550987,0
0.45936576,5.5899134,1
1.5407195,13.334407,0
13.606271,-0.052125774,0
11.233091,12.613362,1
4.398398,15.288386,0
5.031225,12.227949,0
7.9324484,2.765036,0
-0.29664263,2.31829,1
-1.4729869,2.273218,1
9.652382,1.3575609,1
-2.2092855,-2.7147226,0
9.830275,12.126208,1
-4.1941867,2.9346008,0
-3.2839816,13.24538,0
-3.6573114,13.628434,0
-5.9587154,2.9161582,1
14.618212,9.58099,1
-1.2799256,1.6669911,1
2.8437746,11.90225,1
13.97912,9.600056,1
-1.460458,9.807525,1
0.05220995,0.84027475,0
14.319542,9.436418,0
-4.9076524,12.4959545,0
13.4855,0.014211072,1
-1.4140428,9.6037855,0
-0.26264086,-2.23256,0
-4.3875027,12.827333,1
14.583831,10.353568,1
4.4818974,14.733044,0
1.4621131,12.75735,0
-6.3294253,3.1133788,0
-3.3351653,13.282923,0
2.6218889,12.240205,1
0.27423432,7.12547,1
7.278602,2.3643963,0
3.6435685,11.953012,0
0.43378973,0.93051714,0
7.242134,6.7754116,1
0.81989515,4.9710007,1
-3.4726844,13.4140835,1
1.433091,-3.0133433,1
-5.90363,11.7764015,0
9.072871,12.815789,0
0.6870891,6.636423,1
9.638253,11.69304,1
-0.77608275,-0.9313524,0
1.521156,-2.7944536,0
1.5471988,5.2387004,1
-4.9741597,11.1672945,1
4.575383,12.938853,0
-4.9305887,4.666517,0
-0.38403457,-0.6774094,0
-1.6873032,9.718049,1
-6.4214106,3.5659685,0
7.175164,6.6103125,0
-5.7742887,9.513086,0
11.570546,-3.0765607,1
-1.5183386,-2.2138855,1
8.802777,6.4105797,1
8.479773,5.894541,1
-6.623868,3.317094,0
7.7215333,5.6649504,0
-6.073925,8.279103,0
3.7120273,12.05944,0
0.5856827,14.0466385,1
-1.7460448,10.139743,1
0.587205,5.141973,1
-6.7822895,2.9457767,1
-5.768309,3.3774104,1
1.1403975,14.161664,0
7.4985433,6.3796687,0
0.8578867,7.8642383,1
-4.830704,2.2496908,0
13.647943,10.388354,1
11.915789,-2.813887,1
0.7314766,-0.19343841,1
7.173222,6.737285,1
-4.2816753,12.107106,1
-6.013065,8.209436,0
-6.1105967,8.8171215,1
4.337231,14.942607,0
7.378676,6.0086036,0
-4.43025,2.897601,0
7.906344,2.6719375,1
-5.022533,4.8121624,0
-1.2008154,10.621174,0
12.459275,-2.8557043,0
-6.1292453,11.641668,0
1.4986684,7.1655993,1
12.73973,-3.1341221,1
-5.678918,11.254276,0
1.0723914,7.3056474,1
-5.850493,3.3323865,0
0.4304306,-1.4882805,1
-1.2399092,2.7993376,1
13.80717,10.048451,1
9.527938,1.7192585,1
13.276376,-0.5330723,0
-0.80809826,9.654742,1
8.1381235,5.705135,1
10.673917,12.369919,1
11.921688,-3.3137412,1
0.09505139,5.431333,0
-5.6994476,8.777007,1
0.40026677,4.9493337,0
12.450349,-2.903777,0
2.6752086,11.718839,1
10.740305,1.6600372,1
0.7209721,7.8788342,0
-0.63246584,-3.3165874,0
-3.5805345,13.531012,0
13.393812,10.086268,1
1.5525424,6.645833,1
14.3071785,3.6333668,0
-4.9881544,11.678144,0
-5.7318783,9.13484,0
-2.1302824,10.495654,0
14.224687,9.712486,1
4.9655313,12.666066,1
1.6893828,6.503391,1
1.4249333,14.654671,0
-2.186059,-0.9174627,0
0.9542394,14.562901,1
14.727845,9.644404,1
12.683804,-3.392572,0
2.9272664,11.7115345,1
-4.3816347,12.266793,0
3.7522464,12.433922,0
4.893392,12.581172,1
0.27306977,0.5474654,0
1.6694021,6.548957,1
3.6783032,12.266018,1
-4.9367843,4.2704544,0
10.627594,11.612498,1
-5.7496004,2.2413251,0
-3.4189382,12.71382,1
10.171109,1.6990478,0
-4.410253,2.925327,0
3.430122,12.529929,1
-0.3100068,-0.7083436,0
0.10985198,6.3714757,1
-5.931198,11.889738,0
-4.8338976,11.349767,1
0.40795138,1.2299141,1
0.4830404,4.762474,0
12.872233,-3.3985088,0
13.248118,-3.2908983,1
10.536394,11.669343,1
0.85986525,5.510117,1
-5.4345994,11.934012,0
13.011277,4.3415055,1
-6.2278843,2.6303492,0
8.068566,6.8936534,0
1.1875253,-2.5259745,0
1.6098411,4.555479,1
9.4121475,1.637609,1
-4.361314,4.275694,1
14.7230425,4.1304994,1
0.979428,14.502822,1
8.116361,6.096809,1
7.217448,6.523577,1
10.515145,12.365726,0
0.58665,-2.32722,0
9.10735,12.580579,0
12.45387,-2.7995005,1
2.973071,12.817092,1
1.1183525,4.623785,0
7.7142572,2.3142092,0
0.6362882,5.1047177,1
1.2571532,5.7580295,1
-6.6632867,3.517088,0
-0.46328852,9.447193,1
-0.59915394,-3.3000338,0
12.816039,4.034603,0
-5.336053,11.561844,0
-6.247099,8.827031,0
-3.9739306,2.7937458,0
0.72755647,0.0448913,0
8.544556,5.606541,0
-4.4673476,12.767233,0
12.780795,-2.066545,1
10.967341,13.401381,0
9.63097,11.6561,1
-5.9083056,2.8588812,1
-5.7950406,9.242357,0
0.1531113,-0.53974634,1
10.441935,1.3742453,1
-5.697758,3.3690634,0
-1.7341379,-2.791241,0
13.018395,-3.4867387,0
2.5523586,12.164023,0
4.247548,14.5359,0
-1.464848,2.1656253,1
14.976498,4.024244,1
-1.1119518,-1.6646125,0
-1.0552664,-3.1413975,0
13.422447,10.5054455,1
12.7107115,-3.3836553,1
11.923544,-2.7538583,1
-4.737497,3.9870937,0
4.225136,13.032661,1
9.743855,1.5629059,1
1.4508142,5.723715,1
11.640336,-2.8417983,0
9.734219,11.589135,1
14.611228,9.853443,1
0.3671374,-1.3563366,0
-1.714398,10.38449,1
-1.7188818,10.288411,0
13.818455,9.975909,1
3.795095,13.813939,0
1.399806,-2.7525027,1
10.515411,12.193534,0
-6.6839757,3.5897713,0
13.622519,9.860128,0
7.9016495,2.788281,0
-1.1989579,10.339356,0
8.037626,6.1060143,0
0.7043519,-2.3122962,1
0.6898812,6.191119,1
0.23166655,0.7923475,1
9.633785,11.697815,1
1.0391976,6.9003544,0
-6.0863075,8.717111,0
9.331917,0.74418795,1
-3.323308,13.164117,0
-4.0206113,11.818968,0
-5.883449,8.737406,0
8.256509,6.0442414,0
1.5353174,14.370194,0
13.29399,-0.44530755,0
4.8399725,13.048445,0
1.5365678,12.623664,1
-2.0938241,11.149296,1
6.9741936,2.3683434,1
-4.4371367,3.1790187,0
15.562513,4.257749,0
7.709528,5.619189,0
1.3394815,4.386904,0
4.580861,12.784307,1
0.8755829,6.513902,1
-1.7941723,10.0598,1
-0.6077657,-2.554918,1
1.3560534,13.030391,1
-7.01051,3.4895742,0
-1.2813418,1.5061626,0
15.171246,4.0682006,0
0.38390884,8.346204,0
13.355386,-3.3621917,0
-1.933978,11.093277,1
11.378875,13.118117,0
4.2527604,13.512598,0
0.34426144,0.06382659,0
-4.645001,2.762323,0
7.673928,6.815147,0
13.208592,-0.28490385,0
1.0948677,14.124835,1
-2.7677891,-1.093186,0
-3.519974,13.495988,0
12.982932,4.0232377,0
10.117972,13.052618,0
8.422062,5.9412603,0
4.0048766,14.947524,0
-3.6035593,10.943778,1
-4.369128,2.7220147,0
11.114381,12.270936,1
-1.5095732,-0.061644353,0
9.694953,0.70518285,1
-4.1543527,13.348335,0
9.269646,12.059188,1
9.623566,0.4384467,0
-4.766784,12.547167,0
13.718434,9.338978,1
8.222163,5.811978,0
7.4015203,6.3141136,1
7.56545,2.443102,0
12.420916,-3.5847192,1
4.291094,12.143395,1
-1.9824777,-0.33550468,0
0.76406175,5.190542,1
4.054567,15.237709,0
-1.7780433,0.9417577,1
1.5366921,6.790514,1
-4.090727,2.9425225,0
13.2373295,-0.035005026,1
-3.4877958,3.716929,1
1.5377289,-2.8962343,0
7.38352,6.131582,0
12.321054,-3.8065593,0
12.436988,-2.9554725,1
14.089903,9.741788,1
-0.48422652,-3.19118,0
12.465349,-3.6094894,0
-2.1153884,10.831602,1
-3.3506021,12.521577,0
-6.0356917,2.6206772,0
14.311129,4.31966,1
11.24116,12.893113,1
-6.5453124,3.5109127,0
-4.549404,2.305062,0
1.2271768,-2.5220222,1
-5.5129533,2.3446355,1
0.9736559,14.213145,0
9.656316,1.1675756,1
9.902577,13.070803,1
-2.1685789,10.144224,1
7.970751,6.703951,1
0.5931517,8.148413,0
4.6609554,13.178083,1
7.8259087,2.6646357,1
-5.096672,4.797011,1
1.4711584,12.785749,1
15.124651,3.871901,0
3.2688222,11.897834,1
-4.2058053,12.936378,0
-0.3027991,-2.6070914,1
0.43294117,-0.13068748,1
14.351581,3.730539,0
9.7726345,1.0899367,1
13.855891,10.050812,1
14.031611,9.249884,1
4.204979,13.194259,0
2.1696694,6.7881575,0
1.0623095,14.5300665,0
1.1900631,13.605549,1
1.5554627,13.657313,1
-0.29929042,-2.0053627,0
-5.9763417,2.8240123,0
8.486271,5.861895,0
9.837466,12.065558,0
-3.1939216,12.97396,0
13.251567,10.260637,1
3.3385148,12.434594,0
-5.0724044,2.2410538,0
7.14729,2.6865191,0
15.413489,4.0820813,0
7.7375984,5.6070685,0
-6.1576786,11.7598505,0
1.1897364,5.7521415,1
1.9161121,14.678129,0
10.684855,14.01436,0
-1.707009,10.877687,1
-0.5114848,-1.5924608,0
-0.32999715,-2.6501641,0
15.581842,4.2461967,0
0.8691807,-1.6592693,0
8.140922,6.868044,0
0.6265615,-0.953811,1
13.462228,4.310636,1
9.513572,1.0520242,0
12.885568,-3.3919609,1
6.857831,2.3795795,0
9.033333,12.487321,0
10.91066,13.711599,0
13.340586,9.751941,0
3.1279812,12.844443,1
7.660033,6.834222,0
5.0109277,12.273336,1
-1.228805,9.573142,1
9.859,12.6640625,1
4.480958,12.6668415,0
12.638731,-3.7944384,1
0.28141853,-2.9312186,1
15.511684,4.1163225,0
12.839832,4.1510406,1
1.322702,-3.0213058,0
-1.9160521,-1.8759029,1
0.6821101,-3.3063931,0
3.7875865,13.350205,0
-1.3868688,2.5193906,1
8.217749,6.7736087,0
1.5501417,14.237848,1
7.0710554,2.6247249,0
1.4428445,-2.8343117,1
-3.660325,13.083332,1
12.514927,-4.1112986,0
1.481694,-2.937792,1
10.194979,11.587374,1
4.3782406,15.167869,0
12.681935,-2.1675808,1
13.834425,9.755079,1
12.85581,4.2437415,0
1.5626179,4.688353,0
-6.010076,11.772665,1
0.68535745,5.9216323,1
11.352314,13.21509,0
10.573409,13.998821,0
7.906358,5.676758,0
-6.1620655,2.3975258,0
8.34864,5.715521,1
14.202147,9.780884,1
-6.1068354,11.555944,0
-4.2386274,10.976006,0
4.6573644,14.639011,0
1.4625846,-2.163348,0
12.69179,-3.1221666,1
4.104752,13.54509,0
-4.3534126,2.649874,1
-6.2367516,2.6186433,0
11.14819,11.940233,0
9.94095,11.441223,1
13.42264,-0.3539213,0
-4.9011164,10.963626,1
7.4138613,6.104814,0
1.3751233,6.86993,1
-3.5874338,11.934735,0
-0.5419043,-1.4043175,1
-4.2756805,12.3411665,0
9.478163,1.1521535,0
-0.6323765,2.306378,1
10.044502,11.507222,1
-6.0052724,2.7975225,0
-4.8379035,11.112878,1
-0.7485531,0.5868776,0
2.381024,12.096198,1
14.5317335,10.104354,1
1.6683139,12.752469,0
-5.975102,2.311287,0
2.6393,11.9323845,1
0.84162295,-0.81164813,1
1.3737311,-2.7566946,0
-1.929011,2.9007354,1
0.12689577,-3.3109393,0
0.6708011,5.446047,1
-2.6247303,-1.2994871,0
10.529412,1.2393267,1
10.836712,13.441441,0
10.247883,11.883797,1
-1.1424848,10.046342,1
0.025686339,5.682228,1
0.6765753,-3.1716933,1
-0.15278497,-2.7749746,0
13.605107,-0.05185916,0
-0.72152,-3.0660434,0
1.7617363,4.8307295,0
-0.38407776,-1.9273056,0
7.825239,5.6762915,1
-1.4358709,1.3668312,1
10.2694235,11.5028105,1
0.5551467,-2.712641,1
9.701723,0.6476959,1
11.256079,12.790283,1
7.750066,6.2179756,1
-1.0000441,9.756479,0
1.5020586,12.623496,1
12.180738,-3.521636,1
-1.940641,10.317208,1
8.206562,2.3438787,1
-0.7338797,-2.8259504,0
7.922395,2.4645548,0
-4.9990916,2.4274938,1
0.6643652,5.0149417,1
11.138075,13.556958,1
1.187166,13.654645,1
14.374099,3.7112322,1
-5.645096,12.45431,1
4.367866,14.715775,0
1.2623597,-1.8332872,1
14.73369,9.521163,1
13.922622,9.402869,1
3.9184444,12.279123,0
12.696761,3.8288176,0
-1.9769793,-2.6289241,0
12.598489,-2.14246,0
1.7555014,4.9686217,1
0.032473117,1.4179196,1
3.6081924,12.329565,0
9.024896,12.23963,0
-2.1090338,-0.3389822,0
12.405714,-3.5732539,0
13.152324,-0.13847932,0
1.26721,-1.4184858,1
10.54377,12.3649,1
-4.1398478,13.421247,0
-3.5207272,10.652216,1
-4.1617637,10.566589,1
1.1941928,4.480739,0
-5.4481034,11.550934,1
-4.092792,2.9235818,1
14.479129,4.219975,1
9.78909,1.1089733,1
8.104389,5.576353,0
-1.3107268,-2.7800674,0
1.6025251,13.381491,1
-5.324392,2.956488,1
9.993293,11.892539,1
-5.1768107,12.666596,0
-0.09754701,1.5133799,0
9.680669,1.0022064,1
4.3709493,12.147315,1
0.5950186,-1.986141,0
-5.2460456,2.72504,0
-0.76605856,-0.10697517,0
1.5595073,4.805719,1
-6.383775,3.4504588,0
1.451197,14.413964,1
1.3243994,4.8999777,1
14.787145,9.825848,0
14.214045,9.662606,0
-1.2314826,9.887705,1
1.031473,7.6749187,1
-1.6211102,-2.8296618,1
-6.6824427,3.137631,0
-1.3428087,10.081668,1
0.071376234,5.7381735,1
-4.391955,4.219897,0
8.22594,2.5175803,1
7.167303,6.6569347,1
1.4821719,5.2257786,1
-4.603004,11.087128,0
-6.3831697,3.4411623,0
9.81233,13.107138,0
6.9457674,2.3085692,1
1.8192482,14.5823555,1
4.074913,15.023508,0
15.773124,4.39912,0
10.100877,13.522783,1
14.812189,4.3321114,1
10.301061,11.526009,1
8.403473,6.491107,0
0.5028129,6.055746,1
13.829142,10.847681,1
8.394489,6.005202,0
7.1871142,6.555092,1
14.228329,9.166066,1
-4.6498246,10.976913,0
12.09844,-2.964291,1
7.4292245,6.7055826,1
9.278704,0.71937394,1
9.934975,11.062793,0
0.006192186,6.4699235,1
12.49608,-3.5069518,1
13.206199,-0.36532134,1
0.062299907,5.502966,1
-6.0153294,11.999738,0
-2.4468102,-2.3038611,0
13.124788,-3.4153488,1
7.130897,6.7327113,1
10.8949585,12.643759,1
7.16065,2.364758,0
13.350459,-3.3146894,0
-3.7297604,2.7255733,1
13.313663,-0.59256965,1
-5.965834,11.568114,1
11.241083,12.56023,0
-2.6666417,-0.50486284,0
4.6250176,14.950514,1
9.801678,1.1881714,1
11.29468,13.113514,1
-2.0203526,-2.0975926,0
1.5678823,4.793542,1
7.626342,5.679591,1
-1.8731005,-1.1168531,0
-5.9148088,8.290858,0
-1.7040778,-2.3386912,0
-5.712579,3.3915782,0
10.486976,11.459413,1
-6.1856966,9.040583,0
-4.4197035,11.7409115,1
9.313036,0.5176046,1
1.35428,12.966664,0
2.7405868,12.427765,1
-5.961952,11.767632,0
-4.5557714,11.230269,1
-4.520607,3.9447489,0
10.440428,12.017251,1
-0.9395157,-1.2711856,0
1.0180247,7.332116,1
1.319385,13.321215,1
1.4636642,-1.2461774,0
9.288993,7.3921924,1
10.5408125,12.450444,1
0.88067055,5.718644,1
-0.9652089,-3.0199442,0
-6.8727818,3.3693624,0
0.37844896,0.103617236,0
1.7940823,14.28835,1
14.381328,10.291187,0
9.055186,12.346874,1
13.853859,9.246745,1
14.396987,10.326836,1
10.788214,13.976692,1
-1.1447164,1.7565646,0
10.738155,12.25496,1
9.872529,13.26544,0
7.071163,2.6291676,0
-6.788934,3.1304486,0
13.149848,4.2988443,0
15.069283,3.841201,0
-4.7335124,10.882027,1
-1.7543306,-2.327998,1
0.18120913,-2.2461364,1
-1.5342633,-0.024620688,0
-1.5710458,-0.06648447,0
13.176176,4.3001347,0
12.601448,-2.1620617,1
-4.0047607,12.648531,1
4.3949084,15.292192,0
4.2360554,12.986679,1
-0.9958436,1.7128581,1
-5.5630517,11.566715,0
9.914064,7.484257,1
1.884546,14.60457,0
13.131023,-3.791594,0
-1.464367,10.814854,1
3.6882715,11.914129,1
-0.9190906,2.3053658,1
3.2136853,11.559645,0
-4.407258,10.6781435,1
-0.43597364,1.2944511,0
4.276204,13.468547,1
9.160557,0.59661835,0
-5.8912196,9.025259,1
-6.1870146,8.925913,0
10.305477,11.790626,1
1.8833712,6.9137573,1
1.6567702,14.439554,0
5.0067697,12.413136,0
-6.7388053,3.3149054,0
1.1317561,13.900014,1
-1.19194,1.5424526,1
7.652603,2.3821359,1
0.044730026,6.479233,1
3.769887,13.518074,1
12.855339,4.2781887,1
14.70083,9.422674,1
9.554701,1.3724519,1
-6.507151,3.527352,0
12.6947,-2.1363459,1
-0.0036530497,-1.0006462,1
1.1440423,-3.1106186,0
5.034656,12.569942,0
10.69004,13.803756,0
-1.8835211,2.5707037,1
8.166423,2.4347494,1
-6.9128156,3.6472926,0
11.292682,13.103788,0
-4.286341,12.891137,0
1.8127279,7.009544,0
-2.953904,-1.4546276,0
15.6360655,4.341465,0
12.959847,-0.31471884,0
7.3412952,6.025689,0
10.603364,13.963585,0
2.1374762,6.7370567,0
0.44243613,4.9690027,1
-4.907054,4.7331715,0
12.965614,-3.382186,1
9.756269,1.4739422,0
11.209045,13.268261,0
11.77297,-3.4634335,0
11.9444895,-3.1426065,1
-6.0186005,3.7163198,0
-1.6003933,-1.0078334,0
0.30527037,-0.76699936,0
4.9066496,12.9614935,1
15.455969,4.1162353,1
14.751939,4.232414,0
-0.50687146,-2.51223,1
1.2807919,6.0984626,1
-5.271058,12.865696,0
9.161713,0.5556604,1
9.929726,7.5036283,1
13.483125,8.875525,1
-4.6085677,11.826172,1
2.805517,12.462899,1
7.6223245,2.7370842,0
3.7144568,13.828014,0
11.372432,12.69819,0
-1.3586949,-1.0967572,1
-4.607284,11.984837,0
-0.2757268,-1.0400467,0
13.733756,10.334479,1
-3.7863498,11.0679455,1
0.20340255,0.053441346,0
-4.1853757,2.5642464,0
-4.135981,11.138967,0
9.567142,0.9710515,1
1.4193901,4.2819004,0
10.834065,12.771479,1
-1.8499658,1.9715344,1
0.99368536,6.0616536,1
12.601735,-4.199675,0
1.5539688,4.833144,0
3.830255,13.817208,0
-1.7110175,-0.4883301,0
0.6117278,6.7456884,1
-5.6162286,9.42164,1
-4.30577,2.5027316,0
0.80034256,-1.8404816,0
1.0911822,-1.3202267,0
0.87655723,14.473051,1
9.329144,0.57272595,1
1.4404589,4.428819,0
7.695539,2.4257574,0
11.852073,-2.135649,1
-0.7838045,-0.9986303,0
7.9301176,6.8995457,0
3.9055407,12.153342,0
1.4351308,13.065443,1
-5.980143,9.45992,0
-1.431852,10.236218,1
0.68871546,5.162273,1
-5.646147,8.913059,0
-5.884111,8.392225,0
-0.42627603,9.153701,1
1.2125354,14.297021,1
14.019686,10.497257,1
10.553481,1.5153804,1
0.05416101,-1.0872167,0
0.37738472,7.032347,1
0.2499541,0.049161986,0
7.2987614,6.1222377,1
7.357452,2.319886,0
-6.150917,8.59156,0
0.62936157,6.8476377,1
3.6256702,12.3392105,1
-5.163218,2.0743608,1
9.815559,1.4522086,1
-3.6120508,10.583932,1
0.6080003,6.5067873,1
1.4098594,6.4121547,1
2.7395277,11.960736,1
9.143703,0.70547867,0
-3.7375002,11.90518,1
-2.2589476,-2.6277425,0
0.6395195,6.945616,1
0.19357187,-0.662402,0
14.882734,4.0326247,1
-0.47450235,-2.5071893,0
7.2365503,2.36707,1
10.842994,13.377239,0
1.6119009,14.726816,0
12.334045,-2.948044,1
13.799868,9.966653,1
1.1613132,6.6758637,0
13.022573,-0.19816384,1
9.429139,1.5351554,1
14.74431,9.861782,1
-3.4837239,13.308398,0
13.828862,9.693082,1
-3.4575748,10.500607,0
-3.433945,13.3028,0
4.73048,13.06675,0
12.255106,-3.6320167,0
-1.8165295,-2.2489297,1
11.189135,12.847897,1
-2.0382335,-0.9110111,0
8.088533,6.0658092,0
0.8099338,4.753067,1
-4.976045,2.0215914,1
-5.80693,8.393025,0
2.7118535,12.205906,1
-1.6981905,-2.362688,0
-4.819289,4.0857177,1
-2.7426639,-0.6236887,0
15.609133,4.220628,0
7.8854423,2.3743713,1
13.426542,-0.036012627,0
9.37026,1.7404764,0
10.957626,11.487142,1
13.156265,-3.7996154,0
11.159669,13.237407,0
13.463788,-0.6587925,0
2.9957862,12.890698,0
-5.1081157,3.7746115,0
11.289902,12.24957,0
1.6254487,-2.6423244,1
15.03197,4.079077,1
15.019665,3.9537835,0
-6.187071,2.4959645,0
13.192973,-0.39754412,0
0.8819251,-3.1184485,1
4.5716763,13.283546,0
4.0243807,12.545017,1
9.715967,1.550316,1
13.078695,-3.586681,1
7.297496,6.1481614,1
-1.9069408,-1.6381246,1
9.4087305,1.6992661,0
-2.4654486,-2.1022627,0
9.467663,0.82257926,1
4.166814,13.716484,0
1.7411388,4.898232,1
9.704476,1.129449,1
-4.813848,12.557565,0
0.8606564,7.8830795,0
-4.313749,2.5843658,0
-5.1222215,11.2915125,0
-2.6376135,-0.50787276,0
-3.3573394,12.442789,0
-2.1191733,10.6226635,0
12.597685,-2.1593568,1
7.9216323,2.408724,1
0.1538541,-3.3486032,1
-1.2671925,9.631683,1
-3.3076968,13.120553,0
-5.3524494,11.324474,0
-5.0874743,12.616559,1
-3.5555553,12.388956,0
10.139643,12.471206,1
11.843362,-2.2822468,0
-5.604157,2.5355532,0
-0.79399097,-2.6960838,0
-5.1238055,4.8315263,0
13.05447,-0.028820563,0
-5.0831833,11.153118,0
-1.3935727,-1.9370193,0
9.810196,13.05467,1
1.7156447,-2.5242329,1
-2.8902042,-1.5502075,1
15.100321,3.9484384,0
0.6474828,13.826587,1
8.518975,6.025366,0
3.7649865,12.028298,1
1.2280809,-3.1194632,0
-0.26303187,-1.6793936,0
-6.0606256,3.6838324,1
9.642596,0.4734979,0
1.801978,-2.1156895,1
10.535228,1.2747031,1
-1.2314299,-0.90806216,1
12.325131,-3.6878533,1
-6.9156666,3.6644406,0
0.33804727,4.8773346,0
-1.2063571,-1.6092542,0
9.236481,7.153156,0
1.3574295,13.017012,1
11.1655245,12.0464325,0
-3.6050785,13.600113,0
1.7174706,5.9846306,1
-3.9858246,2.836169,0
-1.3390403,-1.9358692,0
7.0941215,2.3872533,0
-4.0359545,2.8905296,0
10.331286,11.893193,0
-3.342384,13.090859,1
1.623793,-2.5863829,0
-1.1654297,-2.9534402,1
9.843132,12.124799,1
-5.706636,8.607743,0
-0.72088563,1.6069998,1
-2.0448256,-1.9551467,0
13.411219,9.608295,1
-4.8175707,4.0548625,1
-6.437801,3.444192,0
7.1071343,2.6287603,0
0.6239859,6.0188875,1
-2.2157528,-2.7563348,0
9.771368,7.382598,1
-2.1558266,-2.6665,0
15.138568,3.8814232,1
9.8332615,1.4713267,1
3.982601,12.7648735,0
9.08127,0.50882167,0
-1.3014657,-3.0694504,0
4.6943235,12.857615,0
-0.36413223,-1.0667878,1
3.7923565,13.99517,0
10.813099,13.480105,0
7.116645,2.3585677,0
7.2930665,2.3314908,1
12.98689,4.1018596,1
-5.0827503,4.856904,0
-6.471727,3.5420864,0
2.7020304,12.271836,1
10.204563,13.1727295,0
11.97869,-2.7101533,1
13.375142,10.148527,1
-2.2348735,-2.7923644,0
2.6956217,11.333877,1
-5.54372,2.002841,1
-4.852484,4.2383366,0
-2.0708117,-2.8953412,1
3.8609295,13.989546,0
2.7579122,12.393685,1
-0.6791754,2.1438844,1
13.423356,4.502675,1
1.3102944,-2.1797094,0
-3.650615,13.623003,1
-1.1881763,9.43734,1
1.5069983,13.017073,1
10.833916,13.979223,0
9.392106,0.9380826,0
-1.1132216,10.190624,1
12.1069765,-2.9370248,1
-0.7309202,-3.3069777,1
13.198553,-0.24495672,1
4.117576,13.641394,0
-1.0358468,9.959824,1
-6.1835575,9.328241,1
-1.7699336,10.364797,1
4.570535,15.064368,0
-6.494093,2.6346333,0
-1.5330541,-2.167397,0
4.498599,12.495439,1
9.846372,7.447284,1
9.105768,6.9210258,0
-5.6554556,11.257638,1
-5.794825,9.340261,1
0.85323924,7.2466316,1
8.010738,6.869024,0
3.5865717,12.17568,1
0.14467344,-3.3745148,1
0.4376324,7.0373974,1
-1.9841862,11.101717,0
-5.8447714,12.223694,1
-5.819695,8.443139,0
0.090273455,6.097858,1
1.544495,12.655507,1
9.987701,7.530973,1
1.2352525,-0.82058126,1
9.870292,12.603742,1
1.5290452,13.135902,1
12.4596195,-2.9049916,0
-0.67206705,-2.2817655,1
1.8664062,14.573395,0
-6.436642,2.598524,0
10.48051,1.5812571,1
1.7578313,5.1615586,1
-3.8893201,12.678877,1
12.433722,-3.6408212,1
15.396396,4.074393,1
-4.5511327,12.08103,0
13.540552,0.0049646376,0
13.520775,-0.5033096,1
-0.7730131,-2.899578,1
1.4738249,14.679336,0
-4.371501,11.184517,0
14.156252,9.68449,1
14.998314,4.122347,1
1.7249479,14.729517,0
13.116653,-0.04105011,0
-1.2252545,-2.4365244,0
4.463755,14.546133,0
10.749786,13.55644,0
3.906588,12.655289,0
1.3323567,13.505423,0
13.045209,-0.09309721,1
7.7213054,2.3722324,1
-6.002561,11.833455,0
1.1751587,-1.2386943,1
-3.5303426,13.472847,0
-4.7464933,2.6289828,1
-4.1998577,3.0239604,1
-6.2152376,9.149388,1
-6.0260663,9.1504345,0
-5.993946,3.724346,0
-5.104144,4.820749,0
12.914873,3.9963102,0
3.7997003,13.9004,0
0.40699616,-1.4474641,0
7.9347277,5.9967284,0
3.952819,14.996635,0
4.0294414,15.01393,0
8.821639,2.149052,1
-6.2782235,3.0999253,0
-5.782992,2.1208322,0
0.3744659,0.8917562,1
-5.1020684,3.7476344,0
0.45276973,-0.5999485,0
11.706553,-2.8645043,0
13.365801,8.823752,1
9.45611,1.2086276,0
0.75842124,-1.5639931,0
3.1691532,12.504222,1
7.1528087,6.6098104,1
-0.19356325,-0.3474134,0
1.051423,13.769473,1
-4.6725454,3.8458643,1
8.217699,5.5121713,0
4.7506585,13.085343,1
-4.420237,10.648141,1
-3.6078835,12.225673,1
1.4600662,5.16954,0
-4.9247665,10.969484,0
8.141966,2.4013438,1
-5.9121566,9.025371,0
-1.4172368,2.8067691,1
-1.6253904,2.2201653,1
4.6579704,14.629471,0
4.27713,13.313627,0
15.775655,4.396638,0
-1.4109695,2.2533472,1
-4.818316,11.788593,0
-5.655601,12.332292,0
8.545642,5.9424067,0
11.298878,12.319378,0
1.4183238,12.8394,1
0.21986929,-0.47150776,0
-5.7677345,11.259242,1
7.600034,2.3472412,0
14.869047,4.3331184,1
-4.832563,11.445247,0
-4.2332354,12.09034,0
1.7563565,-2.4892862,0
0.27792656,6.849972,1
15.479147,4.2460513,0
-0.7295546,-0.8228567,0
-0.69065195,1.4441144,0
-4.324873,3.0466514,0
13.526921,10.455584,1
-5.596394,2.6658757,0
14.832252,4.3170276,1
1.2166448,4.5718927,0
-0.5085787,-0.8933773,0
-2.8438601,-0.62258184,0
1.2133067,5.994446,0
13.007711,4.02555,0
-5.3340454,11.884375,0
-6.0061235,11.913609,1
13.011392,4.3443,1
-3.394585,13.213502,0
0.45703876,7.4485297,0
1.5024238,14.613749,0
-5.8486032,9.51399,0
15.319478,4.0107074,0
10.676039,14.000133,0
-1.7511549,10.197355,1
12.777022,-0.028843582,1
0.020552082,-1.3876078,0
-0.9387511,-2.0074074,0
12.7460785,-3.450321,0
0.22367096,6.29072,1
9.675907,1.4748857,1
1.6945004,7.0584908,1
1.6959014,6.545579,1
-1.1549839,-0.93453115,0
1.2965566,6.7128773,0
-5.7737365,9.472511,1
2.6820254,12.453774,1
-1.3158691,9.455954,1
-2.635181,-0.7012404,0
-0.93078405,1.2410334,1
8.115246,5.5182104,0
5.0512705,12.4473715,0
12.589031,-3.9943926,0
13.125567,-3.5147443,0
-1.9475024,2.8888917,1
13.035051,4.393115,0
6.9423327,2.3635178,0
9.028983,0.57251185,0
11.698883,-3.3377552,1
8.411655,6.0937552,0
-4.19975,12.68181,0
-5.6667824,12.344278,1
9.313527,1.8381366,0
-4.365068,2.6480474,0
-1.6582723,10.791596,1
12.95081,-0.37614968,1
4.8161597,14.867996,0
12.882713,-3.335821,1
13.851841,9.982336,1
4.354846,13.483702,1
4.8557568,14.577312,1
10.607687,14.016407,0
12.981359,4.096898,0
13.828318,4.632096,1
1.5385555,-1.6666869,0
12.480566,-2.2443507,1
1.5768178,-2.7730246,1
12.259006,-3.2564762,1
3.6357439,13.090082,0
-5.512006,3.4477456,0
14.262893,9.898661,1
-4.995771,1.9774497,1
1.7122278,-2.0991724,1
15.579052,4.262586,0
-4.9722404,2.792628,1
-2.1389792,11.130424,0
-2.0203588,10.089564,0
-5.5881915,9.601287,0
12.755683,3.8521569,0
12.937038,3.991888,0
-3.8103962,13.333869,1
15.781861,4.4031663,0
0.68140507,6.6231074,1
-1.7538012,-2.3510225,0
-4.9353995,11.661979,1
-1.7709401,-0.41795695,0
-4.0530176,13.003354,0
4.2402067,15.369469,0
-3.4224684,13.221857,0
11.431724,12.797908,1
14.699806,4.25309,1
13.549544,-0.57100946,0
0.79809916,6.109667,1
-3.069515,-1.1103543,0
4.7588906,12.781985,0
13.047873,-3.2645268,1
4.282442,13.095323,0
-6.055137,8.241132,0
1.1225711,5.745944,1
-5.583605,11.917719,0
10.258469,11.381634,1
7.124667,2.7342575,1
-5.5897384,12.437907,1
-6.3116913,3.139841,0
10.085805,13.540364,0
0.8329287,6.1200547,1
-1.4813277,2.234657,0
3.910949,12.130672,0
1.2778485,7.195581,1
13.593823,-0.36128178,0
1.5063272,-2.9469776,0
-6.091089,11.433608,1
9.219685,12.667684,1
-5.8699193,3.3763528,0
0.7962481,-1.8609046,1
12.286364,-2.731409,1
1.3703163,-2.7377052,1
3.7056453,13.8972,1
8.216062,2.3551986,1
9.274731,0.99091077,0
0.63994795,4.498634,1
2.8019059,11.906794,1
1.4820195,-3.0002854,1
-1.0873212,-2.8658843,0
10.64692,12.2789345,0
13.1674795,-0.21839927,1
-6.1624403,8.795742,0
7.7716436,5.5482883,0
10.911616,12.572949,1
-6.016353,3.723719,0
14.446936,9.177818,0
11.188683,11.998403,1
14.115291,9.648246,1
1.3825104,13.611324,0
-0.43548808,1.7710106,1
1.2105439,7.492833,0
-4.6383185,2.8616443,0
-6.624804,3.6944842,0
12.670255,-4.219857,0
4.5490203,14.708462,1
13.776709,10.626986,0
12.821983,-4.092818,0
-4.6097503,3.7652197,0
12.6704855,-2.1077335,1
13.831762,10.184374,1
-4.411496,13.185497,0
-1.6684102,-2.4689007,0
0.16591865,-2.2273877,0
15.442156,3.9797435,0
13.391775,9.93424,0
8.147186,5.8160143,1
1.7219133,14.604979,0
-3.58616,12.239342,0
-2.1916018,11.23173,0
-5.8214493,11.265322,1
0.51829046,6.0527167,1
-4.58054,2.4855366,1
9.899955,1.3819668,1
-1.542061,1.2956032,1
13.331521,-0.30324718,0
4.079154,13.625357,0
-4.0849023,11.1933,1
-3.2542892,13.177375,0
7.778513,6.922861,1
0.114186056,-3.3686936,0
-4.87514,12.618485,0
2.926338,12.755905,1
11.851841,-2.2182407,1
-5.358643,11.883439,0
7.163283,6.7726808,1
-3.2433252,11.402886,1
4.2319455,12.703266,0
3.8875742,12.469032,0
13.421032,-0.93744564,0
-0.37745303,-1.1372294,0
7.5923424,6.3822646,0
12.9106,-3.4470036,0
7.6758404,6.0047884,0
-5.800492,2.7120042,0
8.872448,12.687115,0
-1.0571223,-0.01422225,0
10.187324,11.805223,0
7.183308,6.786334,1
14.229126,9.2184925,1
-1.4707593,9.906085,0
1.8978307,14.499852,0
1.8816849,6.977484,0
10.408308,11.983161,1
13.150677,4.4795923,0
11.703378,-3.042733,0
4.5209055,15.027851,0
1.1914504,6.281915,1
13.752897,9.344928,1
-2.980936,-0.7682963,0
1.5707973,12.620613,1
11.802768,-2.9672203,1
0.907211,13.822348,1
9.924361,12.692862,1
-1.9712881,-2.3920078,0
13.317625,9.881186,1
0.49988857,5.588729,1
-4.5345592,11.417597,1
9.836947,1.1894544,1
0.13846804,-3.0403233,0
0.6406681,5.043268,1
0.3044365,1.3082216,0
-5.9844074,8.424516,0
13.531656,-0.53011787,0
0.8025089,-2.5160096,0
-6.500341,3.580405,0
8.078421,6.9162498,0
1.7044826,-2.3638053,0
-6.252468,3.4423203,0
10.559632,12.343945,0
-4.359143,4.2803326,0
-3.331446,13.232674,1
9.740953,0.9520986,1
10.474273,1.3509837,1
-4.095654,2.6273968,1
-1.8818681,-1.7954358,0
-3.0370116,-0.9354132,0
12.705107,3.8401384,0
-6.140085,11.517977,1
12.787275,-2.9618766,0
7.313535,2.285861,0
-5.7987485,9.538177,0
-0.43260598,-0.38447198,0
-5.3643904,11.375514,1
13.698853,9.015831,1
8.464325,5.8600116,0
13.886406,9.075406,0
-0.9079117,1.5522302,1
-6.02477,3.6716855,0
13.782258,9.917073,1
13.625955,-0.50990504,0
1.5334569,12.635068,1
-4.813175,2.6602416,0
-0.48447466,1.1881052,0
-4.9052396,2.1970916,0
-0.050522536,6.1977906,1
-2.301983,-1.6290108,0
-5.0280523,4.336703,0
-5.149314,12.504516,0
14.226659,3.7336767,0
9.155791,6.900174,0
8.084943,6.9024243,0
-1.0597562,10.016746,1
15.658854,4.284286,0
-2.0076475,-2.3482206,0
0.7229289,-1.383524,0
6.9279394,2.5869691,1
10.761133,12.812429,0
9.990307,12.317378,1
-1.9081692,-2.9249809,0
-1.3716347,-2.976485,0
4.8607483,14.715038,0
9.8399105,13.186568,1
12.914874,-3.5786545,1
1.2666775,-1.3899938,1
-4.161906,3.4783964,0
1.8557136,14.769025,0
-1.5255543,-2.2188501,0
0.22516687,1.2836261,1
12.795035,4.19509,1
8.38589,3.4194906,1
0.17204651,-3.3040736,0
-4.2328696,3.0307455,0
3.2716994,11.619274,1
13.237351,3.7747524,1
7.891266,6.817924,0
-0.442289,-2.4468465,1
-1.8585469,10.954139,1
-3.6445045,13.158699,1
-4.012195,11.16557,1
3.9143708,13.827934,0
1.5731062,6.7792935,1
9.936877,13.421164,0
15.519691,4.2601857,1
-6.9566474,3.5576792,0
9.323438,0.69414437,0
-5.7711396,2.7075157,0
-4.0156627,11.673992,0
-5.568167,11.856401,0
14.373269,10.206088,1
-1.6578511,1.1789827,1
9.821319,1.643171,1
-4.961044,2.0991092,0
6.973454,2.3382416,1
8.218097,6.5506945,1
-1.3724247,-0.088243484,0
0.41344586,7.0348516,1
-0.76163113,1.6139984,1
-1.9023283,-0.27363074,1
4.8360486,14.3050165,1
11.263455,13.225654,0
3.896819,11.954769,0
-1.4402587,10.605237,0
12.478751,-3.55455,1
14.422293,10.303374,1
-4.725003,11.951461,0
-5.1671457,2.8493156,1
0.6159461,7.7444916,1
-6.0588503,8.271806,0
1.4454554,5.2780447,1
1.1432806,13.237137,1
6.975285,2.3984947,0
8.952163,12.613153,0
-6.0557594,9.216881,1
-1.7963876,10.858033,0
10.226421,11.311287,0
9.780785,1.2181581,1
13.69563,-0.1799584,0
-1.3526115,-2.0811331,0
-5.255211,3.7969785,1
12.292211,-3.5212529,1
0.6955408,-1.941134,0
0.026219353,-1.4201635,1
0.17486927,6.2431827,1
14.129788,10.020089,1
-3.701349,13.661167,0
-5.799086,11.457042,0
-5.4683356,2.4435022,1
-5.561935,9.413541,0
-5.686077,8.955883,1
-2.2125695,-2.7617736,1
2.8871903,12.235227,1
0.9149728,7.307983,1
-5.4399395,11.568079,0
-2.1306314,10.603041,1
4.128616,13.095546,0
-1.2507936,2.8032506,1
0.8713013,-1.1866648,0
8.039236,5.8736563,1
13.408913,4.2020245,0
0.7382596,6.1367683,1
-2.4170141,-0.7748703,1
7.643225,2.4506335,1
13.115917,4.4506307,1
-1.681864,2.1495717,1
13.89958,9.083036,1
-1.4813237,10.135965,1
9.815787,12.2745905,1
1.5342537,12.965599,1
4.0074067,15.120241,0
-4.167569,11.829751,0
-6.1853414,3.5808923,0
-0.13709831,1.5049478,0
13.487952,3.739331,1
10.0395565,12.940659,0
-1.4633706,-0.060812145,0
0.60091287,14.07506,1
-4.2656565,11.312204,0
8.28443,2.469651,1
4.7472973,13.133818,1
13.891599,10.214538,1
-3.7935042,12.675978,0
8.108173,5.809058,0
9.006159,12.916536,0
-1.7486491,10.0596485,1
-1.7064985,10.943652,1
13.589354,0.06810863,1
-6.056942,2.574147,0
-4.6264677,2.625017,0
0.804755,-2.1239026,0
2.550543,11.799996,1
13.765097,9.9109745,1
2.686589,11.848279,0
-4.3817067,3.980214,0
0.3914018,1.2003878,1
15.641283,4.250858,0
0.6670701,8.329023,1
-5.9356065,11.854709,0
15.528323,4.1309805,0
-6.509127,3.5246735,0
-5.035837,4.29374,0
13.082414,-0.13103335,1
-5.0546737,4.7164297,0
10.945885,12.4347725,1
10.51682,12.036681,1
10.517511,1.3596314,0
10.467837,11.912722,1
0.052383173,-1.9206164,0
7.9809484,6.8065214,0
7.769993,2.6153755,0
9.405158,0.7036254,0
-6.5733986,3.5725229,0
-5.707472,8.548949,0
13.637182,-0.77157813,1
13.423528,4.20427,1
-1.8219492,-2.360941,0
13.3206005,4.144687,0
1.6872119,-1.5472975,0
-5.7029843,8.413131,0
8.170422,6.83506,0
1.7286166,-1.7356522,1
12.8959255,-3.2546608,1
4.3854136,15.251706,0
4.019823,14.946188,0
11.737053,-3.0128274,1
1.3194587,6.006325,1
12.265051,-3.141534,1
13.123681,-3.4293978,1
-1.5297946,-2.2126563,0
4.4824224,12.578121,0
12.389042,-2.8861742,1
13.846612,9.717938,1
0.290138,0.12408974,1
-4.7014904,2.492534,1
-4.422856,10.766674,1
9.325094,11.960293,1
1.1461923,-2.2384489,1
1.8551675,14.78008,0
13.50899,-0.18995033,0
7.6492133,2.3258977,0
15.134426,4.1070323,0
1.356722,-2.3409686,0
-4.6118116,13.285966,0
-2.8205812,-1.6503441,0
0.74453855,-0.73682195,1
9.450256,0.77085924,0
-5.5161285,9.211094,0
-0.8996146,9.766969,1
-0.10717583,-1.3866656,0
-1.2975413,-1.7529396,0
-2.272879,-1.1744175,0
-1.1610396,1.5982697,0
-7.025865,3.3589005,0
7.4103937,5.861464,1
6.9189854,2.3499258,0
-4.5942583,13.115834,1
1.0646547,5.636024,0
-0.09404949,-1.2225621,0
-0.76194394,-0.33715785,0
-5.691411,8.5228615,0
12.240309,-3.8956108,0
-1.6895599,10.037736,1
10.815015,13.603373,0
-1.2624075,-2.8119452,0
7.359644,5.9969635,1
0.99080706,14.268839,1
1.3354605,-1.0205247,1
9.13614,12.464056,1
-1.6643608,1.0231955,1
-4.8134093,12.616384,0
9.301647,7.33634,1
-6.158785,8.33579,0
9.9125805,12.943172,1
8.455672,6.410978,0
-1.8819646,-1.8491493,1
1.7166605,14.518117,0
-5.1311197,11.800962,0
2.5987978,11.520015,1
4.730583,15.041437,0
14.394613,10.297413,0
-1.878505,1.9294322,1
3.9652696,15.071285,1
-0.4612741,1.4614717,1
-0.06618676,6.0473447,1
-0.023541536,-0.48319873,1
9.785245,1.4851645,1
-5.093589,12.613887,1
-2.0380843,-1.2685583,0
-0.90999615,0.44876716,0
10.152978,11.6264105,1
-3.5651457,13.564732,0
11.353575,13.142561,0
0.3472114,0.9638377,0
15.543691,4.1348257,0
11.035812,13.150024,1
10.393172,11.311179,1
12.975568,4.065064,0
0.30346003,0.9046298,1
0.5325134,-0.12022204,1
-1.8208398,-2.4504638,0
-4.404312,11.768624,1
15.786925,4.3861914,0
13.115487,4.478652,0
13.542622,9.46264,1
-5.0279,4.4390125,0
15.124619,3.8346832,1
-1.0078853,2.151305,1
-0.7878239,-2.444268,0
-0.6648326,-3.3039548,0
12.94835,4.1582246,1
1.2097982,-2.5158818,0
9.8559265,12.021194,1
1.0063753,-0.5234707,0
1.220027,-1.1914289,1
-0.5809684,1.4470636,1
11.865109,-2.2526007,1
6.9125843,2.349484,0
-1.318427,2.2469087,1
1.6927704,4.652194,0
9.034065,0.4075803,0
7.932775,6.973712,0
9.509104,1.1000077,1
9.063276,12.1990185,1
0.44383684,7.0137944,0
12.827253,-0.01936539,1
13.500564,10.206571,1
-1.4386884,-3.1808622,0
12.451675,-3.9318397,1
1.5440836,13.603826,1
-1.1364908,-2.625546,0
1.6746252,4.575575,1
-3.2551951,12.739248,0
2.8272638,12.539706,1
0.43618664,6.420754,0
0.28534225,-1.4281379,0
4.5717144,12.467616,0
1.7223458,13.887108,1
-5.904488,8.329929,0
13.585511,9.913766,0
0.78503275,5.036539,0
13.529445,4.3579707,1
7.982662,2.3480985,0
15.660546,4.318322,0
0.5233832,7.1062684,1
10.515901,1.5197601,0
13.82519,10.323185,1
-4.4095373,3.596508,0
10.500197,1.2982284,1
-0.3122857,2.170261,1
-2.0986252,10.7033615,0
9.489368,1.7023863,0
-5.719162,9.50449,1
10.298342,11.456681,1
9.696082,0.47262076,0
-3.360193,13.000774,0
1.4720066,6.5056834,1
11.240109,13.242037,0
10.33873,12.084961,1
-3.548886,13.556018,0
-6.048009,9.266032,0
-5.988661,8.481862,1
-5.296586,12.41696,0
0.2847681,6.088035,1
-4.619049,12.993325,0
-4.9291315,2.170547,0
-5.0688944,12.969691,0
-3.5299082,12.170936,0
-4.645108,13.117625,0
-1.426345,-3.190848,1
-4.857903,11.758471,0
1.5347016,12.985991,1
3.5041912,12.561117,1
11.666475,-3.236667,1
0.78003174,7.7937756,1
7.525849,5.8977485,1
0.24597836,1.2315698,0
2.8393626,12.567111,0
12.577594,-3.3145595,1
-6.234273,8.964806,0
-3.8436959,12.993973,0
0.525808,4.7814817,1
0.33725354,4.8384027,1
4.334947,15.249356,0
10.556639,12.016814,1
9.648457,1.2167113,1
-4.898902,4.7565813,0
1.7762032,4.749123,1
8.085083,6.0430264,1
9.697009,0.5189933,1
14.594493,10.170641,1
0.3745899,5.998512,1
11.456956,12.9642315,1
-5.6909966,3.3756132,0
2.7032208,12.3652115,1
-1.7760113,10.140147,0
13.736058,4.395772,1
2.7242563,11.888643,1
13.138369,-0.07036183,1
9.557091,1.1875337,0
0.6674119,-3.2739704,0
-0.9513044,1.7203392,1
9.581269,7.2708683,0
-0.9274984,9.743096,1
-6.239795,2.709569,1
12.604953,-2.984478,0
-5.939602,8.429315,0
-2.3603656,3.011427,1
1.242989,13.496539,1
1.0876783,-1.4106208,0
4.548259,14.571267,1
7.209518,6.6123343,1
1.4194018,-2.0886545,1
-1.3230479,9.566826,1
1.5646268,-2.8823318,0
1.3892312,13.177955,0
0.91905636,-2.454942,0
8.347501,6.6417856,1
1.0481378,6.548466,1
9.231911,7.0344234,0
15.098326,3.8952892,1
7.8710365,2.7995975,0
9.454097,0.76757586,1
-2.003632,2.780429,0
13.169526,-0.08326028,1
14.159593,9.382764,1
12.669426,-3.076749,1
1.0761714,13.873074,1
0.8094268,-1.0632834,1
2.9453154,12.27377,1
-6.0198603,2.8720798,0
-2.5323446,-2.1161494,1
-1.5636137,9.884304,1
2.6451068,12.281854,1
7.852202,5.577358,0
-4.325826,11.072966,0
-2.1568244,10.125844,0
-3.580043,13.277137,0
4.1730275,12.884747,0
-5.8559146,3.4082575,0
-1.0778122,-2.6417217,0
8.19775,5.5192313,0
-0.36361307,-2.7831557,1
7.425109,6.5007734,1
11.426497,12.680892,0
14.50882,9.989142,1
1.116915,-3.2272913,1
-4.5186043,2.8394363,0
10.32212,11.445588,1
8.89918,12.82402,1
1.7775037,6.314228,0
-5.8153377,12.144859,0
-6.0826454,11.769495,1
4.617693,13.217038,0
-4.428524,2.3998573,1
1.7762136,4.8303633,0
-0.03724154,6.199137,1
9.195073,0.5921113,0
-0.3566068,-2.9720664,0
1.8167119,12.203545,1
1.6226388,-2.7487843,1
0.14897157,-2.621939,1
8.163461,5.4517546,0
13.001974,4.3810163,0
14.598354,10.280613,1
0.091878556,6.533038,1
1.396873,4.9715705,0
-4.6581125,11.3279085,1
-5.761872,9.532823,1
13.535884,-0.65991133,0
1.6454782,4.718799,0
-3.1890497,13.123409,0
8.893458,0.46575415,0
8.355357,3.1344264,1
-4.172476,11.128674,0
-0.32625735,-0.94650465,0
1.1612102,-3.1398926,0
0.43277374,1.1878837,0
13.202438,-3.7602532,1
0.7383113,14.267841,0
10.509659,12.106578,1
-5.6993504,2.9665353,0
3.3654966,11.852769,1
-5.9411006,2.2752743,1
10.082079,13.1252365,0
-1.3444294,2.2123897,0
15.735743,4.3550944,0
11.631965,-2.8513684,1
1.1207542,5.5040894,1
9.256042,7.043382,0
7.475932,2.2700303,0
13.902744,9.384609,0
12.357837,-3.539665,1
0.56713545,14.036794,1
1.1450644,6.667389,1
10.159786,13.4693775,0
-2.1545691,-2.6668913,0
7.268548,6.303399,1
-6.041336,8.277758,0
-6.058956,9.093771,0
-5.629385,12.494338,1
-5.8019056,2.8011057,0
9.832704,1.0904205,1
12.730338,3.8585794,0
13.332818,-3.309925,0
2.8284583,12.552826,1
1.9693412,6.8633685,1
-6.2382183,3.303356,0
3.8799207,13.864477,1
9.948195,12.531367,1
0.69724023,-1.9969296,0
1.0983828,-2.49697,0
11.757278,-3.3366654,1
12.943099,4.3346457,0
9.769248,7.381159,1
-0.7900773,-3.3174503,0
12.961025,0.20791014,0
8.40071,6.4671545,0
9.631116,11.735179,1
-2.9397218,-1.3808516,0
0.8195075,-2.5330803,1
-2.9300516,-1.5236825,0
0.93039644,5.636349,1
12.980761,-0.35800993,0
1.6191095,6.4992447,1
9.238638,7.1181145,1
1.4082437,13.065396,1
9.993201,12.739123,1
-0.8895782,-0.6463934,0
1.0986897,14.081765,0
-2.2916608,10.835638,0
-3.237443,13.033854,0
8.340951,2.26916,1
-1.5265106,2.228825,1
0.9514399,7.1176753,1
2.884818,11.86644,1
5.025068,12.667517,1
4.6106195,14.924998,0
9.279575,7.313338,1
-1.6187707,9.712898,1
4.720954,14.616514,0
9.334225,0.62085414,1
10.523199,11.694762,1
1.3495905,4.311245,1
9.445837,0.8317213,1
1.1088364,-3.2362332,0
1.0547072,-2.1483455,0
-2.0198672,-1.8140019,0
-2.006618,-1.8268983,0
9.296739,12.53507,1
13.83564,9.818884,1
-5.4263787,11.528566,1
-5.756068,12.234116,0
11.1199045,12.273244,1
8.127303,2.4526687,1
-4.9730325,4.502624,0
-4.4005475,3.0661154,0
4.3745756,12.829734,0
12.662634,-3.5010028,1
13.026999,4.092037,1
-2.887448,-1.1099551,0
2.9695156,11.863146,1
3.36246,12.859779,0
-5.9949574,11.690631,0
13.338194,-3.36161,0
8.350905,5.837841,0
-4.0483723,11.463194,0
11.248583,13.228798,0
-5.735601,3.5245154,0
11.608177,-2.7803495,1
-4.9381747,12.992961,0
13.121721,4.2475142,0
15.708247,4.339622,0
-1.4280397,-0.49613497,0
13.425068,3.733893,0
-6.3795204,3.4056103,0
-0.71253043,-0.1352184,0
9.652824,7.2855678,1
13.218175,4.464802,1
-5.0580173,4.1371856,1
13.385705,-3.3088334,1
0.23888394,-3.0537813,0
10.559438,1.3240812,1
6.9952054,2.3606617,1
4.4561,14.562749,0
14.085471,10.114748,1
-0.3045507,-2.7079015,0
-6.587874,2.922717,0
-4.0952587,11.553534,1
2.4219632,12.221656,1
0.81567293,-0.6851328,0
-5.912052,12.04059,1
2.4327178,12.034718,1
-1.2571297,9.721597,1
-3.714583,11.1074,1
0.19504973,-0.43102455,1
9.315751,12.309908,1
-1.845295,2.795997,1
12.310997,-2.913167,0
13.53593,10.242578,1
4.2849894,12.511228,0
-2.410769,11.345874,0
11.982529,-3.0620942,1
11.651317,-2.7988195,0
10.613098,12.663611,1
-1.0157144,0.25126913,0
10.046545,11.49103,0
-0.4419256,1.255749,0
1.2669923,-0.8221692,1
9.758947,1.4849253,1
-3.7859118,2.7684433,0
9.008858,12.948577,1
12.591345,-3.472436,1
4.885789,12.563292,1
14.010599,10.4251795,1
0.14707778,-1.6476756,0
0.06775288,-3.0265822,1
13.270099,10.153957,1
12.766848,-3.1475015,1
11.179797,12.262798,1
10.522874,1.3154467,1
1.3636968,-2.6270056,1
-3.3857296,3.7088337,0
-4.600978,3.1807578,1
12.767083,3.9429762,0
1.4794044,-2.8115149,0
0.39420703,5.539656,1
7.83644,6.109649,0
-5.5599794,11.978151,0
-1.7747489,-2.4800305,0
10.732258,14.007874,0
11.868317,-3.2265587,1
1.4676524,12.732616,1
13.18537,-0.14487186,0
8.118172,6.882373,1
-4.290275,3.641801,1
11.687683,-2.9658027,1
4.345782,12.29356,1
0.18689196,1.2689198,0
-3.290565,12.938719,0
10.558823,1.2761548,0
13.238706,10.243169,1
3.1193686,12.401224,1
0.26698315,5.741044,1
15.441041,4.061064,0
-4.6647162,11.936269,0
1.6800363,-1.5744807,1
8.231411,6.500056,0
-1.5315098,2.206497,1
12.024559,-3.4233902,1
-6.670116,3.5486972,0
1.2730675,13.759829,1
0.38008502,-2.7450752,0
-0.73774844,9.863699,1
5.028678,12.296812,1
13.841215,4.481098,0
0.71099436,-1.38507,0
-5.6055794,11.29994,1
4.5903945,14.942671,0
13.548303,-0.2777792,0
0.024215529,-1.0957133,0
12.164814,-2.9328256,1
-2.4013488,-1.7523278,1
-0.689631,9.506561,1
14.659046,9.80857,0
-3.0325587,-0.8003092,0
9.3664055,11.968815,1
10.014193,13.459446,0
-3.2940998,2.782496,1
1.1902293,-2.0812926,0
-0.015915142,6.231909,1
7.750866,6.1930113,1
-4.688345,3.7661464,1
-5.044411,4.813976,0
14.940914,3.9208302,1
-1.8757899,-1.619868,0
7.418828,6.0042267,1
1.4789457,4.612307,0
12.996042,-3.0896006,1
-2.081476,10.674727,0
-4.923932,12.959118,1
13.226681,10.391907,1
9.265276,12.40397,1
-1.1046232,1.6476942,0
8.560203,6.0098,0
-0.8196353,1.4769053,1
-2.2499406,10.189285,1
10.146997,13.605607,0
9.356198,1.813346,0
1.7006103,5.256274,1
-0.95284516,1.6915282,0
8.018124,5.885162,0
7.9099245,2.7998114,1
-6.154658,2.8631496,0
1.1860216,14.560333,0
-6.057337,8.987756,0
3.45837,12.616479,1
10.555925,1.297957,1
-6.0643964,2.3490498,0
9.885609,12.949871,1
7.652669,2.3256743,1
13.485617,-0.1665441,0
8.221825,5.430362,1
-1.7048888,2.128089,1
-4.7044997,2.8870287,0
-4.903415,2.7927659,0
-1.1113398,0.19509521,0
10.84542,13.370335,0
-5.7115645,9.180344,0
15.126339,3.9366894,0
-4.321416,3.995487,0
7.3883634,2.2512646,0
-5.8667746,3.3887513,0
14.121682,10.003005,0
-5.6178164,8.58512,1
-0.4957379,-3.2228036,1
8.101747,5.5072503,0
7.9197006,6.921666,1
-0.012124648,6.428339,1
13.462127,10.531438,1
9.906257,7.491473,1
12.562089,-4.1899395,0
-3.9479017,2.7562654,0
8.485849,6.002668,1
11.265556,12.878019,0
-3.596908,11.238911,1
-6.1247563,3.4583461,0
8.176947,5.51411,0
1.6963421,7.1797457,1
-4.860092,11.377002,0
0.3152677,6.583757,1
-5.4023385,2.285642,0
-0.915366,-2.031607,0
1.4462905,4.8808565,0
1.5975978,6.6739693,1
-0.65433055,9.203547,0
-4.6386685,11.486363,1
-2.4068508,-0.56030226,0
0.45030093,1.0057461,0
-0.07230183,-0.55871,1
-5.437453,2.4950337,0
11.046262,13.790287,1
1.7465655,14.690447,0
4.504666,12.582126,1
9.637049,1.0533041,1
10.586544,11.932993,0
1.0349154,-0.38496336,0
0.09054505,5.656369,1
9.382838,1.1544548,0
11.3725815,12.543546,0
-3.9955409,11.629503,0
10.541383,12.685184,1
4.8397474,12.411562,1
-4.624694,11.016717,0
13.539287,-0.56044036,0
-6.1780267,2.3762681,0
-6.130169,8.857088,0
8.307811,5.89952,0
13.086552,-0.07213129,0
-4.8863297,4.7500443,0
8.239872,6.1194806,0
0.3696042,7.221983,1
-6.513062,2.9405646,0
10.132899,11.724859,1
-4.4624605,13.152722,0
11.102624,13.039258,1
-1.1900694,10.340495,1
13.1012535,-0.09496358,1
12.572109,-3.1917424,0
-3.8276455,10.440652,0
1.4335318,13.007204,0
-1.4756271,2.3276696,1
-0.71517235,0.71396434,1
8.990335,0.47321948,0
2.730463,12.37907,0
0.6384312,6.7764306,1
-1.431433,-1.9108164,0
-0.0019367728,5.6890116,0
10.358265,12.105428,1
1.1500332,14.005952,0
4.4337063,14.310035,0
10.417532,1.6929973,1
-5.744671,9.543047,1
-1.4607791,-0.8232808,1
10.41532,11.618455,0
-1.9465789,-0.4834085,1
-6.119215,8.820744,0
3.981358,15.257799,0
9.183374,12.680852,1
4.3594346,14.142941,1
9.604436,1.3565447,1
-6.7629366,3.2755744,0
7.4034195,2.2316225,0
14.534337,9.270421,0
12.878932,3.939474,0
9.369322,0.793683,0
10.791598,13.407178,0
-0.82008624,-1.072939,1
1.5884928,5.5143614,0
-4.3749857,2.5084028,1
-1.2936113,-2.9783332,1
-3.5823395,10.9679575,1
4.732623,14.941112,0
12.846404,-3.135934,1
-1.0900337,9.667036,1
7.419316,2.8449152,0
-5.1192923,4.3917804,0
3.685478,14.0984125,0
13.392217,0.036230247,0
13.23842,-0.5473331,0
0.8689798,5.6473594,1
7.4336853,2.281988,0
0.7996622,13.771116,0
-5.248544,12.540003,0
1.4404572,7.0085125,1
2.7413461,12.35669,1
1.5314943,12.704604,1
-5.9940486,9.157971,0
10.49624,12.122621,0
4.384857,13.459576,0
10.707474,13.995893,0
4.5230227,12.513599,0
-6.4736977,2.6042302,0
-1.4260054,-1.1505169,0
3.830317,13.552877,0
13.071115,-3.7209263,0
10.096736,12.4878435,0
-1.7451836,-2.3321612,0
-2.8159575,-1.1526722,0
9.655399,0.5436645,1
-3.20265,13.129506,0
-3.1561856,-1.1581596,0
-1.5763036,9.84204,1
1.3378209,12.760785,0
8.325154,6.6352806,0
4.237847,12.936933,1
12.7933,-2.1039388,1
9.613947,1.5856725,1
10.803822,1.6207243,1
-6.021854,8.300104,0
-6.854132,3.5477388,0
-2.8279219,-1.3801036,0
0.9203427,13.530864,0
2.7217906,12.347624,1
-0.78996885,1.9503099,0
0.14027053,-0.77929807,0
-5.3074474,2.5604692,1
8.193487,2.3797095,1
-1.7748811,0.13401675,1
-3.7961562,10.682712,1
8.254933,2.5147514,1
-4.0918555,2.6706722,0
8.222099,5.8193197,1
9.481153,1.2698592,1
0.36079234,0.06388663,0
-1.9641129,-0.8832778,0
12.350235,0.04682675,1
0.6897688,-3.156794,1
1.6368273,6.804134,0
0.15715377,5.5544887,0
10.487828,12.207148,1
10.501555,12.4138565,1
4.54961,13.458364,0
1.2851537,14.061111,0
9.856644,0.92588615,1
15.710644,4.3701296,0
-1.4510727,-3.1630855,0
-0.056927986,-2.7645314,1
1.4562944,4.5527296,1
12.684834,0.06650637,1
1.2780949,6.34615,1
0.25262263,6.69874,1
-4.603767,4.3369317,0
9.155877,12.202309,1
13.669952,4.256931,0
4.1729994,13.565802,1
-0.053914983,5.9687157,1
0.19344872,6.982471,1
8.730707,5.6751485,0
-5.355009,12.574896,0
-4.863413,13.055699,1
13.560386,-0.60697436,1
-3.065895,-1.1568742,1
8.286433,2.6628106,1
15.261832,3.9613416,0
-6.082122,8.663644,0
-2.6968381,-1.2126989,0
0.1825125,1.3913287,1
10.081614,13.290932,0
13.18636,-3.6738133,1
0.5406755,-0.72566825,0
-1.1477559,-2.5784862,0
4.7677402,13.185987,0
9.87751,1.1081553,1
1.1059695,-2.140737,0
9.039517,12.524151,0
13.311171,4.0607295,0
-5.7638793,9.159786,0
-0.57278824,-0.8162015,0
-4.921361,2.1079566,0
1.4255921,6.58447,1
12.033044,-2.7669797,0
12.501281,-4.1711674,0
3.7601542,14.062145,0
0.55376095,0.43799454,1
0.13490076,6.208305,1
1.3901514,-1.1488595,0
9.834977,12.270658,1
9.970365,11.35039,0
10.077613,13.266234,1
3.9954422,13.665774,0
15.593287,4.24342,0
-0.77448016,9.576821,1
7.4948306,6.4907327,1
13.493059,10.182331,1
3.3815582,13.087885,1
-5.7299685,11.449887,0
-5.1594744,4.8245244,0
-1.188249,-2.6737437,0
1.7392622,4.957618,0
-5.0357924,12.377589,0
13.887906,4.4130845,0
9.381833,1.8830458,0
9.881326,12.012937,1
-0.56941104,-1.9165428,0
10.760817,12.350169,1
7.3685303,2.3109813,0
-3.8997636,12.302433,1
0.15441029,5.6362844,1
13.209813,10.4201565,0
13.503207,10.126821,1
-4.1890793,12.701857,0
-5.141472,1.9687067,1
-1.3541111,-0.30390227,0
-2.0088127,-2.3858538,0
-0.073055945,6.2548194,1
-0.6826751,-0.20132793,0
-0.7313387,1.3527415,0
-0.1911286,-1.892382,0
-3.4755483,10.862716,1
2.6706085,11.754021,1
-6.101774,3.1725864,0
-6.5563903,3.042046,1
3.8281465,14.094973,0
-6.9216394,3.450507,1
1.509388,5.2656612,1
1.2812767,5.8572755,1
11.882887,-3.0227463,1
-6.02092,2.2905927,0
13.151012,-0.35025838,0
3.9936333,12.017999,0
-1.8376644,1.982702,1
12.173058,-2.9980462,0
-1.4372703,0.050374202,0
3.896712,12.613002,0
1.3840476,6.954978,1
-5.329887,11.457536,1
-4.1978235,12.332189,0
-2.206413,-2.7121408,0
0.31203762,6.1532297,1
9.118358,12.679753,1
7.009742,2.3941908,1
0.8837009,14.468306,0
4.7716885,14.800025,0
14.570925,9.959819,1
13.846115,9.537013,1
11.834031,-2.3002386,1
-6.079898,9.095993,0
-0.55525345,-2.437567,0
13.572594,-0.025152704,1
9.161006,6.9250875,0
-5.8182316,8.363917,0
12.347248,-2.7232165,1
8.270746,5.5154324,0
0.14754087,0.88198835,0
-5.131479,2.8236177,0
7.934175,2.3604803,1
-6.0534954,8.217628,0
9.204251,7.3564324,1
-4.9882655,12.762285,0
-0.5448813,-2.1152728,0
-5.571583,8.982146,0
-0.3552433,-1.1060914,1
1.1247714,7.4194107,1
2.8306456,11.94747,1
-1.2327247,1.0877719,1
7.8529243,6.929561,0
-1.4622985,10.059081,1
-2.143255,-1.8376307,0
1.8282534,7.054165,1
-1.6778632,2.344975,1
-5.0831337,12.4653845,0
4.189566,13.185424,0
12.839239,3.9387422,0
8.106038,5.8352976,0
4.55238,14.613443,1
-0.39190513,-0.9803385,0
-2.661617,-1.0087601,0
-0.2732245,-2.7865112,1
14.631138,9.529928,1
-6.1037083,3.2512457,0
7.392138,2.4928534,0
11.093852,13.166323,1
7.3792214,6.436646,0
0.7748636,6.57301,1
13.1093025,3.975756,0
0.23011363,1.2228311,1
-5.419691,11.55912,1
4.0644717,13.11358,0
13.287254,10.004054,1
11.873718,-2.9834068,1
14.216373,3.727181,0
3.0091288,12.606175,1
-2.1539814,10.495633,1
9.965252,12.628623,1
-3.7114773,2.7752142,0
1.4747438,12.7067175,1
-1.4839644,-1.0808266,0
12.630194,-2.1363602,1
14.736177,10.120174,1
-4.5401525,12.962092,1
-1.5360122,-3.0206172,1
13.37635,-0.54726964,0
-6.138721,11.713887,1
-1.9463612,-0.33917674,1
-0.14995769,1.5371044,0
5.040238,12.513169,0
0.840584,5.483493,1
0.3903779,1.1053598,0
1.6106222,4.718981,1
13.341721,4.4401565,1
-3.2790449,13.241862,0
-3.485255,10.884761,1
11.894776,-3.0874166,1
1.5410237,13.574048,0
0.44282943,7.265565,1
1.4623805,13.047019,1
13.574127,-0.09788332,1
4.122444,12.376257,0
0.2064887,1.1912466,0
12.5914955,-2.1583664,1
7.4633718,5.919836,0
9.926842,1.3957452,0
-1.20446,10.452505,1
10.523984,1.3022462,1
13.472349,10.106222,1
-5.173641,2.1337802,0
-1.5354019,1.3034538,1
11.083493,13.0761175,0
13.876315,10.098827,1
-5.5573664,11.141419,0
-3.737909,10.882098,1
-4.7521424,3.813625,1
12.984441,0.025178475,0
13.308444,-3.59761,1
-2.7309604,-1.6377873,0
-1.2470878,-2.3558056,0
-6.1285906,9.268237,0
7.2612796,6.5477843,1
10.21033,13.61852,0
1.1287196,-2.2490177,1
4.0827184,13.739431,0
-3.375147,13.382688,0
1.0942128,6.2769165,1
10.138924,13.16803,0
-3.0066907,-0.8973381,1
14.562709,10.312299,1
14.978328,3.9403439,1
-1.5431263,2.523149,0
11.017285,12.393096,1
-5.0991855,4.6475506,1
14.153791,9.786369,1
10.1821,13.533445,0
9.1397,6.8911934,0
1.0882306,-3.207275,0
14.726122,4.314191,1
9.203798,0.9171705,0
-1.3091724,2.3620234,1
9.267314,12.351498,1
3.247725,12.557259,1
-0.48042896,1.7209234,0
1.1936432,-1.2109169,1
2.6480417,12.191211,1
-3.099409,-1.1081384,0
-1.6685476,-0.19733416,0
1.4880887,-2.8256655,0
12.772597,-3.2990446,0
-0.9248013,-0.40587214,1
1.5608432,14.597358,0
1.5549294,4.486588,0
-5.590178,11.824559,1
12.990784,-3.3759155,1
9.397101,12.27507,1
-0.3290155,-1.1651849,1
11.026029,13.617803,0
13.164293,4.471119,1
-4.5293937,3.8061485,0
-5.650187,11.2164,0
12.833787,4.2146597,0
1.2445139,14.438736,1
11.091454,12.599061,1
13.519497,-0.7064105,1
-1.4799805,-0.01182312,0
0.13620612,-2.2139018,1
-4.9100466,12.552871,0
14.773373,9.834437,0
-0.9458215,9.817533,0
-0.58907974,1.7183464,1
-0.36194634,-1.0697743,0
13.238774,10.405524,0
12.524443,-4.150412,1
7.8940144,6.9481697,1
-3.7845373,11.11185,0
4.2732353,13.336826,0
10.031714,12.601266,0
1.184889,7.4721828,1
12.645767,-3.2391934,1
7.337594,5.9640493,0
12.436818,-2.1681461,0
1.2081527,-2.5226421,1
1.0905068,6.918251,1
7.306754,5.98329,0
-3.491412,11.429902,1
4.0956717,12.987829,0
11.753732,-2.9362557,0
-3.8106709,13.058386,0
9.182965,12.156051,0
-5.5078607,12.660858,0
-1.079969,2.6333075,1
8.178235,5.4468637,1
13.551797,0.014747934,0
11.842525,-2.1849492,1
-4.2527637,11.053718,0
9.3274555,12.199021,1
-0.31775078,2.3051474,1
0.01616863,-1.1968179,0
7.3127975,6.06262,1
7.4514923,5.9946504,0
-1.2217643,-3.227763,0
-0.76259625,-3.3168166,0
13.361344,-3.3670552,0
-2.0171432,10.579363,1
14.594348,10.291927,1
-1.3818167,-3.2128139,1
1.5127685,4.3882446,0
-1.5481441,-0.04665434,0
9.644434,11.710552,1
1.229791,-1.6420707,0
14.087897,9.7724,1
1.5619603,-2.921574,0
13.167305,-3.3357623,1
4.3537045,13.192373,1
13.250843,4.4924936,0
-1.5910655,2.1852777,1
-4.861622,12.131614,1
-2.1334386,10.827015,0
-4.3375683,3.03941,0
-6.881841,3.410469,0
10.896946,13.867777,0
-0.51293904,9.355577,1
0.67300314,14.214825,0
14.327912,9.21531,1
1.7754056,4.560275,1
-5.089555,4.2887764,0
-5.635482,9.592157,0
9.426932,0.5474259,1
3.8783169,14.1194515,0
-6.39112,3.4201195,0
12.540492,-2.8433685,1
7.27262,2.3670115,1
7.343822,5.928435,0
12.883533,4.2987447,1
-4.1351624,2.93182,1
13.262782,-3.7282054,0
13.830116,4.4093633,0
0.70654756,-2.6508691,0
-5.72849,8.461294,0
4.517263,14.6531925,0
12.481757,-2.950481,1
3.9621718,12.86389,0
0.6940081,5.086083,1
-5.5906115,2.234301,0
-1.1842966,-2.630846,0
-0.69740826,0.15627725,1
1.5795537,6.835909,1
10.576132,1.2790751,1
-5.409568,2.4506986,0
1.878288,14.692192,0
12.343567,-3.6241555,1
9.1698,6.8919573,1
10.1731,11.379613,1
4.053743,12.007389,1
-4.1172957,12.866536,0
11.432093,12.729516,1
0.9286532,14.539762,0
1.4375863,-2.8888714,0
-3.872416,10.607896,1
13.018667,4.0169168,0
14.383826,9.650157,1
12.964074,-0.067949235,1
-0.05749826,6.1133895,1
4.0462713,14.987044,0
-3.4941273,10.694928,0
10.689754,14.028176,0
13.741761,4.323538,0
-0.41205335,-1.864162,1
0.11561406,0.19128932,0
4.791076,12.56421,0
9.144228,12.204878,1
0.14805529,-2.2509558,0
0.55924535,5.506953,1
-3.7149215,11.034659,1
-2.0961936,-2.6073635,1
-2.0419242,0.5419719,0
-3.877227,2.7037098,0
12.814664,4.0752482,1
-0.053736247,-3.2587528,1
10.0253,12.396657,1
14.879804,3.8900967,1
-5.8591557,9.27503,1
-1.4012595,2.5307965,1
-1.6631131,10.205012,1
-1.402429,10.174114,1
4.0285797,12.506406,0
3.8173003,12.763883,1
-2.4503262,-0.5694584,0
1.0229523,-2.5924535,1
8.43385,3.3200526,0
-0.3028552,1.257483,1
9.864903,12.060074,1
8.397984,6.0702887,0
15.753066,4.382618,0
6.9964733,2.357867,1
11.3702,12.783581,1
1.0090449,-1.5785404,0
2.83996,12.388375,1
0.42772114,5.8954234,0
1.1731193,5.83399,1
-2.837734,-1.040351,0
0.82358897,4.696136,1
-0.31493863,-1.2138721,1
-1.2216742,2.2386603,0
-6.9701157,3.3906987,0
12.603741,-2.1153743,1
0.33221897,5.489362,1
13.0297575,4.1348715,0
9.370027,1.1757982,1
-5.8047466,8.39256,1
-0.6624366,9.34945,1
-5.510286,2.0735056,0
-0.97067016,0.094731376,0
-5.8780565,8.363225,0
8.491795,6.0598464,0
-1.7071757,-2.2849128,0
12.95405,0.1548707,0
-2.2391193,-2.7979095,0
0.42822284,-1.3284458,1
3.732279,12.361652,1
0.0067036767,6.1135025,1
-0.08846762,6.0881076,1
-2.1381476,10.777595,0
2.6065812,11.997846,1
-6.541704,2.8284855,0
-4.526117,3.9292843,0
-5.679635,11.41443,0
13.946203,10.196303,1
0.26268694,-2.4424837,1
-4.3141108,12.967102,1
0.6571805,4.662658,1
1.3887115,4.555673,1
12.675159,-2.1238906,1
9.158184,12.636479,0
1.5459627,6.357337,1
-1.7846047,10.0532465,1
-6.0015626,11.831491,0
11.115536,12.380991,1
12.548505,-3.9695756,1
-5.5811486,12.621928,0
-4.9440117,2.8702586,0
7.4856305,2.2536428,1
11.983032,-3.3156648,1
-5.3067937,2.5281236,0
8.476156,2.8693123,1
0.41730165,5.9389424,1
-5.8803964,12.140132,1
1.4115579,13.1725,1
-0.6442912,1.7224923,1
10.528742,1.2591954,1
-0.08320752,-1.4118695,0
8.936778,12.441427,1
-2.4471495,-1.0675237,1
13.54513,-0.700658,0
12.56466,-3.861477,0
9.928606,1.2140284,1
-1.2383629,-0.92554694,0
7.30639,6.0041137,0
5.0529737,12.590635,1
-6.69979,2.977971,1
-4.3427134,12.474271,0
12.460548,-3.730712,1
7.829642,5.8706203,0
-4.7604604,3.273461,0
-5.950094,2.3393683,1
10.107338,11.565497,1
14.777144,9.622222,1
13.199269,-0.124951124,1
12.569664,-4.01024,1
13.509049,4.2499175,0
13.410999,3.7496436,0
7.993974,2.3514779,1
7.3680205,2.8487623,0
1.5667342,-1.3500749,1
13.824906,9.920696,1
-5.906015,8.319435,0
0.08955832,1.4862705,1
0.13377917,6.4311867,1
4.427988,13.374953,1
-0.25254938,1.2140217,0
9.796766,1.1974196,1
13.732509,9.085096,1
-1.7591118,2.072146,1
-2.2945933,10.711421,0
-4.0046616,2.7807224,0
-1.2211139,-1.5962074,0
-4.0952277,11.464257,0
-4.0635586,2.6353805,1
1.4852582,14.853123,1
1.5766081,-2.9113064,1
-3.9478006,13.47365,0
-0.72908676,1.3113053,1
-6.302577,3.4185405,0
7.531449,2.7635021,1
-5.9401393,9.449888,0
-6.0172687,8.257593,0
0.898775,-2.535191,0
9.925479,12.431095,1
1.1201569,5.6932054,1
1.867539,14.711078,0
11.759733,-3.3154433,1
0.585347,-0.035622384,0
9.4134035,11.968634,1
14.17888,9.594471,1
-2.787683,-1.1338655,0
-6.2245603,3.6056538,0
-4.309671,2.572981,0
-1.2505385,2.3162355,1
-2.684303,-1.0295507,0
10.347916,12.203611,1
12.2936735,-2.863549,0
9.121449,12.742039,1
7.2746496,6.543501,1
3.7921937,12.2941475,1
12.286729,-2.8953226,1
-4.2022896,10.497535,1
11.251726,12.093037,0
-4.915706,12.153435,0
1.1540402,-2.2982585,0
-4.415226,10.640835,0
0.55604625,-2.6854842,1
13.766738,4.296712,1
10.373871,11.884374,1
14.859614,4.354221,1
-3.3288379,12.897769,0
-2.0461144,10.674537,0
-3.9942708,10.781917,0
14.501101,9.869246,0
12.656855,-3.2377446,0
9.591182,1.0250556,1
-1.4428807,10.275095,1
1.321265,4.5122056,1
8.986137,12.887598,0
-3.8779557,12.06872,0
11.173307,12.352222,1
9.240082,7.0145297,0
-6.08789,9.211556,1
-2.5604005,-1.4439406,0
8.857882,12.79978,0
1.1596301,14.089219,1
-1.1948628,-2.6967773,0
-6.134698,8.773452,0
9.732275,1.5624757,1
8.919339,12.534205,1
2.2142541,6.8148065,1
-1.6973329,1.0500084,1
14.207046,9.858522,1
-1.5513811,10.779468,1
13.8229265,9.87729,1
-6.851324,3.5713625,0
0.8127311,-2.2903366,0
7.367432,6.005241,0
9.137966,12.207271,1
10.405527,12.044977,1
9.888049,13.089321,0
12.4295635,-3.541737,1
-3.3592262,3.691718,1
9.349703,0.7669835,1
0.39295,1.2864594,1
-0.9257378,-1.6561186,0
-1.500003,10.175666,1
-2.44151,-1.0587302,0
9.672928,1.5585194,1
1.2314533,-2.8190844,1
3.974088,14.852472,0
10.685128,11.572661,1
3.8340316,14.113505,0
12.664775,-4.25904,0
12.686717,-3.4443324,1
10.497697,1.591284,0
-5.9535575,11.7212925,0
15.071043,3.9149284,0
-1.8367655,9.989137,1
14.231283,9.672505,1
1.6513591,6.595226,1
2.7258232,12.422915,1
0.09105427,5.6230273,1
10.956028,12.502138,1
8.19892,2.4131565,0
7.603414,5.9657984,0
0.014727733,-0.8382266,1
-3.7076528,12.094489,0
1.0130281,13.627343,0
1.6286187,-2.4418507,0
0.6402517,8.112904,1
14.981417,3.8891683,0
8.152567,2.4086561,1
13.565974,0.0026978978,0
-0.63205624,-3.335476,1
8.111545,2.445418,1
0.29451293,6.794886,1
1.1593379,4.5470605,0
7.7014756,6.1126885,1
13.54928,0.024709411,1
-0.09295352,-1.1496164,1
-4.148207,2.9713366,0
3.7074602,13.831908,1
13.573129,-0.5343976,0
0.5211622,7.331521,0
-1.3530558,2.4600418,0
14.197155,9.455454,1
4.04921,14.903646,0
-1.7090439,9.819706,0
3.8470533,12.044419,0
-0.6747163,-3.3000443,1
13.395199,-3.314951,1
-2.5729082,-1.9384836,0
-1.467156,1.3790991,1
13.125907,4.4300137,1
14.168176,9.070322,1
0.65291893,14.093906,1
4.2937446,15.077823,0
1.2665279,14.478536,0
-5.0520396,4.338947,0
13.307213,-0.15648754,1
3.7746873,13.862841,0
14.023612,9.978171,1
4.652225,14.684729,1
-4.6193075,2.7434886,1
-0.5423637,-2.104628,0
3.9126155,12.077032,0
13.4699135,4.2658105,1
8.269466,6.4853706,1
-0.74095553,-3.31373,0
0.10558226,-3.2521446,1
4.544321,15.047116,0
9.125584,12.190158,1
15.691362,4.3460903,0
1.071702,-2.1403956,1
10.525812,11.509951,1
1.2305857,-1.6149564,1
1.753358,14.638271,1
-0.8257374,-2.709176,0
9.774758,1.6270458,1
1.7453908,5.151718,1
1.6909311,5.9241157,0
14.823443,3.9938405,1
0.9397526,-2.0826814,1
-0.30327836,1.6256405,0
-5.415677,9.627604,1
-5.002896,4.1609974,0
0.09775802,0.31344968,0
9.967198,11.292227,0
15.7371235,4.3471518,0
12.936301,-3.1299465,1
14.663101,9.6958885,1
9.724988,1.4409511,1
-1.1371112,-1.5414186,0
-0.8830206,0.030589456,1
8.736722,6.429359,1
7.3428745,6.2141223,1
9.923891,12.705071,1
-5.2782845,12.871975,1
1.4763951,12.683306,1
-1.8638357,9.974536,1
-6.002365,8.902656,0
0.14524527,5.4217477,0
-6.5528603,3.63338,0
0.43555266,0.48475307,1
1.661103,4.749164,1
-0.45449477,-0.7899964,0
4.4257236,12.121652,1
-1.1770475,-1.035004,1
-1.4526585,-3.176179,0
-5.146753,11.131929,1
-4.77154,4.005062,0
4.7553816,12.269607,1
0.96789765,13.852046,0
-1.8891357,9.955104,1
12.257552,-3.3416524,1
12.277271,-3.5739548,1
9.12515,0.5664516,0
-5.2402444,11.80479,1
4.187769,14.62528,0
0.6486188,5.444638,1
-5.394918,9.511998,1
4.378497,13.66596,1
-3.2584314,13.106511,1
12.279985,-3.5038266,1
1.2948815,5.08462,1
4.3357015,13.62245,0
1.4068695,5.9864855,1
3.7615192,14.040338,0
13.112795,-3.5643108,0
3.9594555,14.653058,0
12.099789,-2.83394,1
0.17329636,6.6524415,1
-3.4649968,12.249722,1
13.247762,-3.757942,0
1.7984966,4.6694555,0
-4.357015,2.4395032,0
9.203798,7.024093,0
1.7129637,6.5492206,1
11.685231,-3.0111253,1
4.050013,15.205197,0
-4.028606,2.8970878,1
-3.5901248,11.025818,1
-1.5693226,9.626554,1
13.262774,10.277784,0
-4.96506,2.2760358,1
12.768513,0.15711592,1
-3.6973279,10.8502655,0
11.208729,12.826254,0
-6.6613855,3.218539,0
1.6468455,4.704241,1
4.26378,14.513156,0
9.888196,12.00226,1
0.15135777,6.467194,0
-1.1613809,0.0900598,1
11.034258,13.3901005,1
0.7762779,-2.3466048,0
9.949887,11.37358,1
0.576643,14.065924,0
13.259697,-3.4172037,1
-1.4436743,1.3867388,0
13.134711,-3.2038798,1
9.137975,1.0501914,0
-1.5913163,-0.435994,0
9.29283,7.320042,1
-5.121642,13.042057,0
-2.1088362,-1.3203067,0
-4.7589974,12.406121,0
7.123866,2.5133502,0
-4.2918134,11.275845,0
7.163973,2.3075812,0
0.6226993,-2.6301553,1
10.008103,11.334819,1
-2.5876603,-1.0763618,0
-1.4883776,1.2078968,0
13.517586,-0.12556788,0
-1.2266889,9.8857975,1
9.275332,12.366032,1
13.894531,10.75893,1
0.59361494,6.053487,1
9.062857,12.504412,1
14.658881,9.791073,1
-1.8952873,-0.43197316,0
4.3857594,12.238507,1
14.830885,9.823437,1
3.8447165,12.488918,1
-1.9916434,-0.39753088,0
-6.1139736,11.532653,0
-0.36758214,-1.0918382,1
0.11287235,6.4646697,1
8.240739,5.5228486,0
1.6666911,13.249252,1
-1.897857,-1.6851051,0
9.632631,1.1684146,0
7.958126,5.499038,0
0.63462067,-2.4881246,0
3.790542,12.137724,0
10.499162,1.3443798,1
-1.7644992,10.099316,0
14.838433,4.0087113,1
10.816178,12.419112,1
-0.5083783,-3.1748176,0
4.497228,14.89556,0
0.20414938,-2.500295,0
8.029271,2.4131536,0
9.755772,1.2741218,1
9.192052,7.333481,1
-5.302531,2.0350103,0
-3.0402884,-1.069554,0
0.7074341,6.0637026,0
-0.27027646,1.9848629,1
15.410974,4.2383084,0
-1.5227112,1.3859389,1
13.165817,4.4740925,0
-1.0974227,2.6198459,1
1.0734166,13.305819,0
-1.5231193,2.2368875,1
1.1723249,-2.6055424,0
-4.441768,4.0631275,0
10.3420315,11.535915,1
-5.1860957,11.493669,1
7.202392,2.2505362,0
4.834266,14.852968,0
14.44192,4.310275,1
14.458101,9.026893,1
14.808508,3.9218082,1
13.50229,-0.71988076,0
-4.907097,11.362329,0
9.301694,12.459475,0
9.277781,7.070111,1
-6.0723066,9.403896,1
-2.0009704,-1.1520734,0
8.282783,5.8799577,1
-1.5973233,9.780889,1
-5.0828977,12.8205595,1
-1.4526833,10.149752,1
13.774092,4.32814,1
8.314505,2.542232,1
7.4739294,2.83521,0
3.9482112,12.299957,1
11.034548,12.805271,1
13.039841,-0.03203406,1
-1.1004177,0.04567129,0
7.1875205,6.6266685,1
10.604075,11.913252,1
1.586651,-1.4054344,1
9.372856,1.245615,1
-1.266048,1.4589833,1
-1.1415178,9.687911,1
-3.7779777,2.7661266,0
-0.21794163,0.0120185055,0
7.169337,6.7363324,1
12.266055,-3.510936,0
8.029942,6.9043126,0
-1.4325107,-3.0858696,1
-5.5920763,3.3780434,0
14.560823,10.267501,0
-1.4145423,2.117273,1
0.23153086,5.6025696,1
-3.1153052,2.7268076,1
9.8832445,11.51677,1
-0.32218254,1.6152028,0
11.67045,-2.8325882,0
12.865702,3.9863112,0
12.5509615,-3.9922626,1
-1.8899149,10.709327,1
1.3690113,4.3574476,1
8.442556,3.3991704,1
7.8431425,2.4845886,1
12.637383,-4.089462,0
-6.0777974,9.010233,0
1.3020221,-1.3810865,1
-3.878782,2.7432034,1
-1.1804513,0.108382255,0
11.797135,-2.3127491,0
1.022815,-2.8515499,0
1.7896152,-2.0583274,1
-1.7022513,-2.8220048,0
-4.239816,13.350477,1
-1.3488954,9.619028,1
0.6510644,6.563666,1
10.387644,1.113269,0
0.9775307,7.379852,1
-5.7900653,8.604112,0
-1.2436669,2.326868,1
0.92573106,-0.17889753,0
1.1311278,14.263509,1
1.2693735,-3.0312,1
-4.0132,13.276866,1
10.659954,11.527187,1
0.09738565,-3.368447,1
9.07233,0.4850366,0
-1.5029461,1.2015816,1
-6.0935693,2.2735283,1
0.9680567,-0.5197048,0
-0.7330352,9.590698,1
14.031635,10.551592,1
7.8163385,2.4694483,1
8.998094,6.7841053,0
-5.121903,4.8223357,0
7.2406616,2.3949575,0
9.692276,0.7886006,0
-1.1801065,9.418085,1
1.6055763,-2.0856907,1
1.4329336,-1.3921221,1
-3.564933,12.621132,0
8.561849,5.7846932,0
-1.4435389,9.742021,1
1.326816,6.13652,1
1.2658801,13.806526,1
15.180716,3.949222,0
-3.1686594,13.109437,1
-4.8749437,2.2598448,0
-1.4134077,10.465432,1
10.353978,11.42285,1
8.882187,12.6432905,0
-5.1443353,11.725065,1
8.10817,6.917688,1
7.494194,2.817877,1
13.510401,10.158733,1
-1.743622,10.260641,0
4.80317,14.9757395,1
-5.638387,2.4628649,0
1.6886675,-2.0100257,0
-4.1205473,2.9026937,0
8.058323,2.3991792,1
-5.713791,8.497401,1
14.299486,10.524233,1
10.884639,11.815666,0
7.229339,2.7529557,0
-4.802599,4.2351108,0
14.305127,10.087266,1
-2.9002986,-1.3585191,1
0.7334608,5.895306,1
14.934437,3.9784527,1
-2.978488,-1.3159708,0
9.631288,1.2988527,1
12.45013,-3.5860775,1
1.2029312,14.650992,0
13.685509,9.942172,1
-2.2749314,10.220026,1
0.516294,-1.4204316,0
-3.2939456,11.642267,1
13.376315,-0.2874059,0
12.715244,-2.065864,0
-4.491245,10.940381,1
-5.502086,2.3893728,0
-4.4774475,2.9774632,0
-1.8782612,10.328832,1
-2.1267288,10.559244,0
0.7101555,-0.1319598,1
6.975698,2.2846198,0
-1.8673848,-2.4805765,0
-4.0047116,13.143444,0
12.794356,-2.0617914,1
-1.8583206,-0.40923142,0
1.0977376,-0.6572309,0
-0.46644,-0.16080402,0
9.309435,1.6533356,0
10.265592,13.609882,0
-4.222436,10.895381,1
13.448958,-0.60249066,1
-4.8861675,4.69389,0
-5.1410146,11.575907,1
-0.36570212,-3.051216,0
-4.5286965,11.325934,0
10.630471,13.983064,0
1.5448611,12.61671,1
2.6644607,12.307201,1
13.321589,9.6533985,1
-1.3673424,-0.83372086,0
1.1284438,4.6689787,1
15.66841,4.259792,0
0.6791913,4.545236,0
-0.051589366,0.888914,1
7.9602666,2.6928825,1
-4.487878,2.9392757,0
-4.4549456,3.1900702,0
0.6695058,-3.272947,1
0.5593116,-1.9996109,1
-2.6764374,-0.9309845,0
4.6851244,14.912589,0
13.689787,10.681402,1
-1.4222493,1.1696609,1
7.7019844,6.286758,1
1.1888789,4.4721804,0
10.036265,1.7325244,1
-3.975668,11.980779,0
-2.7123444,-0.6183121,0
-6.141374,3.3442163,0
-1.4781525,-1.1086459,0
1.2373115,5.385348,1
9.018471,0.4797355,0
-0.010763625,6.2604995,1
12.889805,-3.9743543,1
1.5896999,-2.278919,0
9.554292,1.104198,1
-1.3231298,2.1806598,1
0.6380615,0.3500682,0
9.0706415,0.5912754,1
12.964403,0.0092951795,0
14.017683,9.2516985,1
1.4661921,12.737997,1
3.6736999,12.583461,1
4.176667,13.008331,0
4.799685,14.786751,1
4.452428,14.550238,0
1.197219,-2.270006,0
7.399521,6.6234365,0
-1.2063822,9.682095,1
-4.4393535,4.039857,0
0.19529659,6.4530187,1
7.011341,2.525133,0
-1.3845023,10.022824,1
-5.8483076,2.1168306,0
9.608116,11.649095,1
4.795231,14.831282,0
0.44055387,6.9446235,1
-5.719672,9.71638,1
7.955169,6.0867066,0
0.24849495,-2.034677,0
11.861346,-2.093988,1
2.823584,11.878722,1
4.032633,15.175593,0
7.5935254,2.656564,0
4.3310213,14.293235,1
10.604688,12.066573,0
12.903975,-4.055533,0
-1.9587044,2.9250581,1
13.175093,-0.28079623,0
12.277333,-3.496921,1
4.8517604,14.700596,1
3.3684993,11.8856,0
-1.2041291,9.493108,1
-6.0231166,8.266543,0
-1.008455,9.943817,1
-2.242678,-2.793991,0
8.023792,6.0989046,0
2.657014,11.82323,1
0.77038336,4.897524,1
4.338229,15.371908,1
-5.7783656,2.705924,1
12.428924,-2.8997202,0
-1.8256378,-2.3634424,0
-5.853295,12.249966,0
-1.1641791,1.6114961,1
0.7147116,5.2441382,1
14.70091,9.467843,0
0.92466825,-0.094401024,0
0.9176983,-2.6016233,0
1.6888957,4.5803456,1
14.04169,9.767044,0
14.572508,10.286895,0
-3.5696452,12.076857,1
-1.00423,-0.46278095,0
7.4762573,5.809374,0
0.31193113,6.74234,1
13.257804,-3.7036374,0
-5.368433,11.039146,0
3.5364618,12.361105,1
1.4357421,13.767169,1
2.4516604,11.515617,0
-4.647459,11.171896,1
9.387684,0.73028725,0
-6.075058,11.857888,0
3.5076804,12.82095,1
7.234301,2.2925992,1
-5.2970004,2.5776596,1
-6.5405354,3.5555456,0
-2.1583388,10.351139,0
13.6137495,10.382269,1
-1.7692509,9.81238,1
1.9061534,14.619846,0
-6.0479217,8.88627,1
-5.0073195,12.320428,0
-0.24405354,9.074901,0
12.532032,-3.2253356,1
0.3723213,5.923434,0
2.7528112,11.829739,1
-5.4601936,9.593783,0
0.4698373,-0.6606486,0
8.080148,2.7707186,1
13.088312,-0.17803968,1
13.536471,-0.24252635,1
-6.6172514,3.2809672,0
1.4050639,12.924818,1
0.27999052,-1.4457144,0
1.0117524,7.176692,0
-6.3313694,3.260233,0
10.212638,11.7524185,1
8.26293,5.8010736,0
8.706076,2.1781375,0
-4.435316,12.8593025,1
9.697253,0.977506,0
-0.027324688,-3.2735713,0
4.800961,13.087421,0
9.184419,0.7837405,0
-0.06919117,6.1506224,1
9.075389,12.231192,1
-1.4712695,-0.08423017,0
-1.0106689,-2.8655105,0
10.536911,11.661479,1
1.2252941,14.507532,0
-5.1336718,4.1864276,0
3.1695657,11.403769,1
-4.838082,11.729033,0
1.4642364,4.262223,0
9.970623,12.777134,1
-5.70777,9.6070175,1
8.662789,6.2682242,0
-6.2407427,8.896348,0
3.3819408,11.8789625,1
14.715854,9.551611,1
-4.858633,11.06115,1
0.3177824,6.819517,1
-1.4248286,10.646288,1
-1.1178784,-0.08496655,0
-3.2517397,12.957634,0
-5.037158,12.43845,0
13.069146,4.269907,1
11.418019,12.7431555,0
-2.8556602,-1.083331,0
13.054214,4.4186063,1
14.9327135,4.1245885,1
13.585894,-0.50406253,0
1.5753186,12.486194,1
9.965496,13.384111,0
9.180604,6.9183483,1
8.232222,6.0822735,0
-1.0172467,-0.67912185,0
7.8685703,2.7629578,1
-6.121666,2.3587525,0
15.096146,3.8020384,1
4.3944964,13.453025,0
0.5985214,6.5895844,1
0.986113,-0.4438252,0
4.2408576,13.38791,0
-6.591824,3.2094507,1
-3.387242,13.273069,1
-4.3170943,12.718723,0
-0.6944981,-0.8262595,0
-5.2060127,2.1553116,1
12.477693,-3.8032403,1
12.52556,-3.190996,0
-4.527594,11.08142,1
11.889622,-2.2854834,1
14.012265,9.248018,1
1.3281751,-3.0145624,0
-2.5639312,-1.8368156,0
-4.821941,11.43637,0
-3.603542,13.612433,0
9.962779,13.4033985,0
-0.032026097,6.2125797,1
13.793618,9.827827,1
-1.6640539,10.726229,1
5.0603757,12.525059,0
7.719905,2.4811187,0
0.15063858,6.2141967,1
8.033528,6.953222,1
-4.199847,11.668559,1
12.319171,-3.087302,0
4.28165,13.3910475,1
7.879077,6.9725294,0
14.781793,3.9590106,1
14.146138,9.4982815,0
10.479638,1.2890608,0
1.4216387,-2.7785332,1
0.887611,6.2624145,1
-4.55834,10.957688,0
1.8885094,14.475991,0
-0.96795595,9.7414875,0
-4.8670926,12.754686,0
9.682024,1.3961182,1
-1.5331309,2.5727198,1
11.39623,13.043418,1
15.75893,4.3811,0
4.6527357,12.584409,0
0.27728227,0.77717984,1
-1.0014012,0.3221964,0
-2.1775703,-0.61497545,1
0.9707053,6.3077683,1
-5.83182,3.2358756,0
-0.5128978,2.3149073,1
0.426769,-0.20022783,1
-6.8793793,3.618916,0
-0.8578147,-0.33754602,0
7.1526155,6.5789533,1
0.41590208,-2.1463187,0
-6.154765,9.310225,0
1.7247022,4.7063227,1
-0.45425338,-3.225255,1
1.6927634,5.0115023,1
0.19058503,-2.1694877,1
-0.55308247,-0.11456703,1
-3.3023624,12.468636,0
9.604418,1.721571,1
9.902617,1.0931835,1
-4.7024326,12.751024,1
-0.69562256,-0.6598611,0
7.570586,2.7456608,1
-3.0700166,-1.0837148,0
1.7456659,4.945241,0
13.780106,9.205853,1
1.6696734,-2.6354403,0
13.808208,10.07616,0
-0.69181263,-0.15480366,0
13.955611,9.199209,0
13.185654,-3.3465376,0
4.8493447,14.73135,1
1.1921042,-1.5007865,1
2.8480906,12.326434,1
0.0055442937,-1.3808407,0
-2.3317008,-1.4162751,1
4.2348313,12.488049,0
14.722498,9.438365,0
9.34297,1.8484823,1
12.406431,-2.9335103,1
12.496091,-2.8629723,1
10.856868,12.391904,1
-1.7491422,2.1933622,1
0.005026398,-0.52626276,1
-4.5460324,4.400316,0
-2.345318,-2.5377963,0
-6.285881,2.5719273,1
1.0592222,7.146681,1
1.3014649,6.1351852,0
4.4664154,14.513316,1
-2.6699975,-1.905151,0
-7.008348,3.4649181,0
-4.8935533,4.172254,0
-2.8848877,-1.46669,1
-5.9939837,8.389198,0
1.4913634,12.80804,1
-5.8625345,8.356214,1
-3.9905305,10.809053,1
1.1056523,13.932939,0
-4.178589,2.6029897,0
1.1194768,13.789971,0
11.258715,13.164031,0
-4.290999,12.770971,0
13.717337,9.079053,1
0.58952445,14.13188,1
13.097143,4.18892,0
8.058686,2.477266,1
-2.0297,-1.8067304,0
-1.8668236,1.9388918,1
14.616477,10.276283,1
0.5599479,-2.7237327,0
-3.264006,12.751808,0
4.5958934,13.354181,0
4.5462046,13.431829,0
-0.9379996,9.328025,1
13.101105,-3.3592696,0
-1.2572576,-0.12691575,0
-1.5504982,10.703927,0
12.001834,-3.4362497,1
1.3590455,6.3647146,1
-5.246895,11.258056,0
0.6659687,-1.4305159,0
7.665713,2.8074174,0
3.9130895,12.70713,0
10.539214,12.474792,1
1.3742096,-1.8422492,1
-4.076959,2.9011233,1
-4.6133904,4.160598,0
-5.903701,2.1423078,1
-1.2898722,-2.5408719,0
4.8058534,14.913293,0
-5.18364,13.006208,1
-6.810248,3.621598,0
7.2130895,6.502954,1
11.829475,-2.2924366,1
10.760578,12.88223,1
1.89383,14.597637,0
8.406982,6.5125327,0
10.662398,11.542717,1
0.66557354,-3.275278,1
12.571291,-4.1526146,0
3.6500034,12.392358,1
7.4758987,5.875144,0
12.26716,-3.8867364,0
14.302902,9.184034,1
10.697473,13.944726,0
3.7280586,13.987507,1
10.498409,1.4089545,0
-4.7209296,12.043347,1
12.43581,-3.1154044,1
-1.226296,-0.77748877,0
8.426429,5.730752,0
-2.6107144,-0.66485834,0
4.2037277,13.379626,0
0.92148274,6.059362,0
12.470904,-3.653611,1
1.421935,-1.9577837,1
-0.04353726,6.2090816,0
-6.5600076,2.8301399,0
13.537154,-0.5818618,0
