split,rows,positive_rate
train,54923,0.49471077690585
test,13731,0.49471997669506956
