model,cv_acc_mean,cv_f1_mean,cv_auc_mean,test_acc,test_f1,test_auc
random_forest,0.7356845576020536,0.7230947006876998,0.8007834296810895,0.73068239749472,0.7154946914909986,0.7980938888942405
