umap_1,umap_2,cardio
-2.2853994,7.0315485,0
-1.1050423,-4.2950644,1
3.9815142,1.0470377,1
5.825468,1.1824069,0
10.034825,11.657386,0
10.83737,-4.8967156,1
11.212324,-6.4536204,1
15.99287,8.733107,0
6.7960005,4.0799413,0
16.100649,8.227345,0
-3.3743672,13.320438,1
-1.2306699,-4.273504,1
9.057507,-4.70132,0
-2.1617959,3.5684683,1
19.46261,3.720421,0
12.522492,13.993192,1
16.074762,3.747908,1
12.395992,15.306482,0
-1.6345128,3.9036176,1
4.632462,0.7964969,0
12.273732,15.609283,0
-3.9999754,12.125542,1
13.147488,7.2394767,0
13.272972,-4.421349,1
-1.4373872,-3.630744,1
6.557395,1.1754245,1
16.05155,3.7242858,1
9.978881,14.489158,1
19.175163,2.6241708,0
19.433537,2.2936878,1
9.495466,10.112605,1
-3.8833082,12.080876,1
3.8332675,0.7757837,1
8.394189,9.741688,0
12.292479,-2.7242372,0
9.990705,13.570344,1
15.827645,9.374833,0
-3.2391222,14.068758,0
9.826095,-3.1712065,0
14.013957,14.601731,1
9.556549,10.392658,0
9.908813,13.432136,0
9.67258,14.553273,0
17.769806,2.670691,0
4.6525774,1.1987622,0
-2.5996587,7.9120646,1
13.968473,14.539666,1
-1.7995293,4.1492414,0
-3.6867712,12.346042,1
13.852399,14.738071,1
5.9112825,11.344425,0
11.257292,-2.69464,1
12.472731,6.20199,1
18.207117,3.5381782,0
-2.6176987,-0.47728345,0
5.5560803,10.697874,0
-2.7431848,13.136047,1
6.973883,5.509246,1
-2.7381947,-0.5336257,0
19.439001,3.6605108,0
12.306555,-5.1501746,1
2.4863386,15.059812,1
-4.9554167,3.8470435,0
16.019772,6.835502,0
8.1611595,3.920325,0
9.556157,11.989266,1
12.39062,15.304792,0
19.13272,2.6875782,0
6.966018,0.6237099,1
10.3411045,7.221541,0
4.4902077,16.560455,1
-2.553831,-0.3882891,0
13.845493,6.9685607,1
15.870656,9.307014,0
2.9424357,16.071775,1
3.4005797,16.947035,1
10.628328,11.999171,1
5.7344313,3.8770864,1
3.859353,3.0494432,1
18.546408,2.7509391,0
4.230146,3.6241086,1
-5.528709,-2.960877,0
6.706703,11.980337,0
18.913908,2.0971076,1
13.456846,15.634289,0
-5.20473,-0.845527,0
3.6569376,3.285122,1
10.339667,13.85811,1
-1.1536188,-3.1262,1
16.53197,9.274446,0
-4.9149365,-1.5379404,1
12.221578,13.288726,0
2.1825893,15.649097,0
-2.6439464,-0.47075927,0
11.838047,1.4318361,1
7.4278016,4.932073,1
6.811539,5.0095396,1
11.211821,-4.1278057,1
17.591171,0.9109933,0
11.731288,-4.710968,0
9.672832,-5.135347,0
13.47468,8.054331,0
-4.186662,3.4408426,1
1.954155,15.54636,1
9.932521,12.036995,0
5.907419,10.770425,0
3.3293297,1.2537707,1
12.80728,14.749454,1
2.7568142,15.292431,1
13.641517,-5.89792,0
6.986609,4.7084703,1
-1.8248831,-3.8845925,1
-1.4940925,-3.8425717,1
9.885399,13.597756,1
12.378347,2.4403129,1
16.628563,8.369293,1
4.3447633,17.07625,0
13.676655,-1.1197615,0
2.419965,16.443192,0
4.863133,2.3151996,1
14.15517,-0.45124066,1
4.2500257,3.0666008,1
8.6323595,-4.877758,0
-0.8897372,-3.5326855,1
-2.958683,-0.7226907,1
19.225039,2.8695862,0
18.521172,3.954127,0
8.668627,10.319966,1
11.3948965,-5.5446463,1
12.394134,2.9127889,1
-3.3790002,13.365554,0
-2.6958518,7.5930743,0
15.996364,9.286131,0
12.243401,-4.5069776,1
-0.8758295,-3.586435,1
-5.3365235,-2.712071,0
-2.9892325,-0.75052345,1
15.30362,7.9276876,0
10.388368,11.532694,0
-5.4636264,-2.8901427,0
-1.8442268,-3.1112738,0
-5.195785,-2.1039789,1
-4.6821084,3.567888,0
17.543932,1.5929859,0
13.516877,4.1596665,1
10.515179,-4.8773813,0
5.9046884,11.364756,0
10.470547,11.733267,1
8.509173,10.209382,1
-3.2629511,13.61432,1
3.0980284,16.745148,1
12.324902,14.970881,0
12.016706,6.311827,0
4.0726147,1.8476609,1
6.09246,5.220661,0
10.601069,11.888324,1
18.733006,1.9317834,0
11.027349,-4.650822,0
6.3290124,0.82480997,0
13.619626,15.182632,1
10.976751,-3.5273087,0
11.139368,2.212038,0
9.711535,-5.2341666,0
10.546872,-2.6790285,1
6.168122,10.915679,0
9.250365,13.9404,1
10.307834,7.675162,1
3.1228127,16.771212,0
-1.8218706,-3.1512973,1
-4.6740074,3.8073108,0
12.382781,-2.238601,1
5.538131,10.665,0
17.743708,2.5079005,0
2.5690818,15.128644,1
-2.992557,13.741854,1
2.4159214,15.606755,1
8.486661,4.319531,1
13.459124,8.007568,1
12.7716,-4.192649,0
12.379246,2.48706,1
19.099682,1.5225798,1
4.490724,3.5949297,1
-3.368132,12.310754,0
-2.7431948,7.5129094,0
17.152107,1.6965356,0
9.527342,-4.956556,0
11.752538,6.8368363,0
13.965835,-0.15754826,0
8.638618,-4.3191485,0
6.4254727,4.849,1
4.910858,2.3304577,1
6.3540792,1.2498072,1
6.5676465,0.9869013,0
-1.7123684,3.888702,0
-4.599035,3.677325,0
9.463427,10.232279,1
-5.2932425,-2.6429622,0
2.693145,16.821884,1
3.8444755,0.728597,1
3.2348125,16.975033,0
13.780942,14.237167,1
8.958939,-3.901015,0
13.146553,4.0638533,1
16.113304,9.10832,1
13.412819,7.698972,1
6.8951426,4.184781,1
10.832059,-5.2216153,0
12.269975,-4.0295672,0
16.21424,9.666537,1
9.4773245,10.278519,1
14.273825,4.011245,0
18.622131,1.9433738,1
6.85343,4.235167,1
11.214772,-3.9699035,1
17.75342,2.257641,0
13.72343,-5.654872,0
11.037938,0.8927218,1
11.021008,1.3145163,1
14.054456,4.0070543,1
11.024679,-3.6277072,0
6.395077,1.244015,0
13.444465,7.9331203,0
10.502386,-4.6829176,0
-2.591967,-0.41085413,0
-3.2280657,12.697385,1
19.025824,3.307215,0
16.598866,8.936859,0
-1.9403641,8.408956,0
10.26693,6.9891877,0
10.37516,11.480545,0
5.667905,10.730611,0
-3.213566,13.980088,1
6.244817,5.2332125,1
10.806776,-5.960582,0
-2.4904723,7.983015,0
3.0385158,15.875256,1
4.7503185,2.121136,1
12.586008,3.937801,1
8.428082,9.860462,1
10.694701,11.44729,1
13.571677,-4.231817,0
11.783343,1.8201619,0
18.029097,3.51117,0
-2.2622008,8.513536,0
11.608703,1.0476224,1
1.6171473,15.850288,1
17.537281,1.0599059,0
-2.7216938,-0.50755847,0
6.254603,11.426359,1
-4.121948,3.4007664,1
19.259912,3.7167916,0
13.358192,-5.3848295,0
12.154847,15.388047,0
-3.620041,12.872829,0
4.5568757,17.168776,0
9.89033,-5.19712,0
18.679281,3.5599527,0
11.901173,2.5919452,1
-1.9182864,3.6383393,1
-1.5909687,-4.069587,1
-2.648816,13.210846,0
14.148247,3.8688161,0
-3.1510262,12.414788,1
10.487033,-4.7635965,0
4.6301904,17.19255,0
11.033899,11.58774,1
2.7130053,15.290995,1
-3.5082679,14.090192,1
8.52808,10.197629,1
3.682206,16.456522,1
10.495854,14.270447,0
14.314338,-0.9926125,0
7.010724,1.0324895,0
-2.281095,7.0542083,1
3.7568724,3.0809755,1
-5.2727466,-0.69918644,0
12.356846,-6.4433093,1
10.263057,7.1818,0
4.1291103,3.709373,1
11.535989,0.88745433,1
-2.2125504,7.7032704,1
18.078053,3.295477,1
-1.7201102,3.9040315,0
18.80606,2.7078452,0
13.12795,-5.365666,0
-3.3993554,12.200575,1
12.298725,-2.6379154,0
14.181788,-0.5914666,0
-2.9929688,13.896319,0
8.26889,4.3823295,0
15.662358,6.6173973,0
-1.9963808,8.577754,1
17.556564,1.3296574,0
10.452895,6.636395,0
4.1461406,1.0531021,0
17.558825,1.6504542,0
6.2612286,5.1968446,0
9.235671,-5.2758446,0
8.645232,10.256082,1
-1.8464121,7.795408,0
-1.8439617,-3.870007,0
11.910933,-3.709622,0
9.9533205,-3.1860607,0
4.42116,2.7961195,1
11.023999,1.6877507,1
-1.0159718,-4.582738,1
4.7984357,2.7659838,1
3.7345014,0.7691883,1
6.618004,4.040677,1
8.160744,4.1420054,1
6.890923,4.09216,0
-3.4798799,12.792818,1
8.557444,9.815534,1
14.123413,14.414499,1
4.65535,3.355133,1
4.601232,3.0391765,0
8.623949,9.602004,1
9.444771,10.302177,1
12.36089,13.02743,1
19.100208,3.0224738,0
18.87459,3.3879974,1
-1.8099887,-3.9753866,1
-2.7557533,8.297415,0
-1.9183955,8.780729,1
15.774274,6.8040743,0
10.375729,7.6340256,0
8.701287,9.52577,1
13.475625,15.131702,0
15.129156,7.6353083,1
12.097242,-6.543107,1
-3.6922088,12.97722,1
12.56923,-6.204876,0
15.58566,9.718952,0
18.382444,3.696101,0
9.741101,-6.002319,0
11.142004,1.1761857,1
-1.5417792,-3.8847804,0
9.412757,-3.9987094,0
12.651621,15.610098,0
16.050848,6.8707447,0
13.552259,14.287839,1
9.948398,-5.338911,0
8.404996,-4.7856855,0
19.251299,3.341676,1
11.955796,-2.0269272,0
4.0791483,3.4980426,1
8.871736,9.510695,1
15.661735,9.31628,0
11.945701,-3.2601097,0
16.398504,7.7799525,1
12.283631,13.80468,1
18.656998,1.8022465,1
-0.6572807,-3.6691885,1
11.43139,0.7913027,1
6.2289934,2.5824883,1
11.942324,13.14371,1
-3.5370173,13.665404,1
-0.9265926,-3.4512477,0
2.325211,15.035662,1
11.425819,-5.5217967,0
13.459351,-0.8786078,0
-2.7600112,-0.31978363,1
11.313142,12.457593,0
10.423174,11.997711,0
10.767491,-4.9297833,0
6.7448587,4.8814654,1
-3.8104696,13.872139,1
6.3032527,5.2470455,1
13.336134,7.8486996,0
-2.760074,-0.5391517,1
4.477131,17.001333,0
4.7675834,16.948206,1
9.564249,11.965656,0
12.757123,-3.041087,1
-4.2714458,3.6742198,0
9.365724,14.057322,0
11.057385,11.703905,1
13.701695,15.51281,0
18.027018,2.424818,0
-2.2324817,7.014005,0
18.670773,1.8503611,0
3.8474693,1.6455542,1
11.9718275,-2.5209131,0
-2.6611254,13.187122,1
4.4265976,17.09584,0
-1.2073845,-3.1380694,1
-3.9805999,12.1540575,1
-2.6644614,-0.48388126,0
-2.8776138,8.144594,0
13.664759,7.018109,0
18.215479,3.6001103,1
-2.7005901,-0.52070946,1
9.137608,9.663737,1
-1.8175883,-4.312874,1
-3.733335,13.592638,1
8.718325,9.739015,0
13.505338,7.1597514,0
13.75699,14.903151,0
10.704368,11.446057,1
13.284975,14.09283,1
4.060984,16.184372,1
1.7748437,16.221912,1
12.32041,13.114778,0
2.0502415,15.387021,1
17.762678,0.7661758,0
8.82349,-4.19254,0
13.124905,-6.339357,1
-1.7261503,3.8346822,0
12.91907,-5.0211644,0
2.961158,16.775812,1
8.400243,-4.751654,0
2.213766,15.858261,1
8.7213,10.232002,1
18.635925,3.7614038,0
2.9359262,16.75857,1
10.830776,11.463141,1
-2.6999397,-0.51869535,0
13.33981,7.2644076,0
13.968161,-5.251137,1
-1.8976603,7.738989,0
3.0892742,1.0629874,1
-1.7867112,-4.9227552,1
2.3322172,15.642266,1
-2.538869,8.360466,0
12.64304,15.6522045,0
-3.2639656,12.476792,1
10.208346,11.729286,0
-2.738853,-0.5236123,0
13.006092,15.295693,0
3.7053134,0.66430163,1
-2.8133712,13.100571,0
-4.1780386,12.461946,1
11.041051,11.611538,1
16.106745,8.861401,0
10.303749,12.090465,1
-2.3151994,6.949707,0
12.501487,-2.4530869,1
-1.8279587,7.829791,0
18.052992,0.8148314,1
16.71262,8.490328,1
11.412433,-3.9267092,0
-3.035005,12.879069,0
13.773516,15.397277,0
12.300943,13.854658,1
10.553696,14.091406,1
-5.3454003,-2.7299225,0
10.307663,14.516331,0
15.870602,7.132236,1
3.5494006,15.98023,0
6.775532,1.132913,0
12.318244,-4.3777747,0
11.099788,1.8405188,1
-2.860666,8.145004,1
17.836838,3.261071,0
16.492012,8.555559,0
-4.696129,3.8663535,0
16.00091,3.6692827,0
11.980599,6.546529,0
19.613523,3.267411,1
9.161843,-5.6146874,0
10.290925,6.9332848,0
13.885442,-0.103244685,1
14.041931,14.527273,0
16.352715,7.7111564,1
14.130108,3.9908535,1
10.019065,12.13853,0
-2.2798338,8.031995,1
6.1530623,2.6585522,0
16.220915,7.3203564,1
5.929431,11.3794155,0
-1.4547052,-3.560498,1
4.39252,1.3825327,1
11.195373,0.99255484,1
-2.1911137,3.4597225,1
2.0821655,17.548998,0
9.23535,-3.735629,0
-4.0834937,3.399077,1
13.051655,-5.7604737,0
12.155561,3.4207327,1
15.371267,9.136963,0
4.8111687,17.297579,0
16.726416,8.175094,0
6.839179,5.213905,1
19.393799,2.085034,0
12.492336,3.0303323,1
11.094717,1.696226,1
4.0708785,16.88928,0
17.852964,1.9957627,0
11.372307,-2.8730793,0
-2.9279146,7.7499795,0
2.375988,16.134052,1
6.463581,4.832712,0
5.6777854,1.5407233,0
4.723159,17.289444,0
5.809208,1.1786921,1
18.137245,3.8164856,1
3.1585329,16.257526,1
4.083848,1.4511951,1
19.172012,3.332068,1
9.281333,-3.6682105,1
19.139515,1.5571334,0
7.2653084,5.3341594,1
6.08576,2.5946388,1
18.492338,3.4790404,0
3.7885299,3.545955,1
-1.9261236,8.588764,0
13.610606,7.7228823,1
12.257456,15.077505,0
9.812647,-4.512193,0
2.0905294,17.548466,0
-1.9618336,8.365204,1
18.28957,3.2882483,1
-3.6656375,13.922473,1
6.007017,0.4932868,1
13.836453,-5.014218,0
14.168615,-0.7472976,0
11.504748,-3.2601502,1
-5.1427073,-0.84672844,0
18.533138,3.5386086,1
11.092463,-4.482076,0
17.837551,2.9222481,0
6.405645,1.1954961,1
11.052372,1.7113322,0
5.934162,3.438404,1
6.7245727,4.8848357,1
12.99967,4.03377,1
4.834609,2.8423033,1
6.9044867,4.170413,1
16.382,7.7367544,1
17.584538,2.1508958,1
18.478712,1.7339023,0
18.301403,1.7735304,0
13.172862,-4.376934,1
10.658948,11.978918,0
-1.5183591,-4.105554,1
12.295717,-6.5129275,1
11.423069,-2.8118908,1
11.316083,2.272717,0
1.8730934,16.187607,1
4.454874,2.8755596,1
13.115301,-6.009022,0
-2.3911438,8.340458,1
10.211712,14.506452,0
2.2168136,15.851591,1
9.757295,14.659991,0
8.709093,9.284183,1
-5.045877,-2.374689,0
-2.5559645,-0.38470402,0
2.796447,16.013187,1
3.339163,16.681665,1
10.971051,11.6208935,0
-1.6530918,-3.0029306,1
-2.7717352,8.410088,1
10.329374,-4.4406075,0
10.46443,6.681515,0
-1.7202693,3.7743514,1
12.808443,4.2273192,0
13.397249,7.0452275,1
-1.2788547,-4.1304064,1
19.007637,3.8203206,0
13.569067,-4.2098384,1
11.682257,6.8063974,1
3.7888157,3.590802,1
-1.9359778,8.612115,0
4.4101186,1.2446007,1
16.402876,9.09795,0
8.79158,-4.015431,0
3.1446257,16.219917,1
-2.5853941,8.376984,1
9.932755,-4.38328,1
13.650376,15.480786,1
-2.083416,4.0117884,1
11.063967,-3.3579772,0
-3.4431357,14.087104,1
6.362729,4.0831404,1
12.584577,3.8695624,1
-1.8100163,3.7029576,1
11.0899515,-3.6623783,1
17.622208,2.3475704,1
13.085485,14.561725,0
6.485992,1.1934385,0
6.319891,11.192288,0
-0.8899669,-4.259482,0
16.59419,7.873667,1
-2.6993692,8.025787,0
-2.8192022,7.5423384,0
4.219423,3.4251578,1
4.6227264,3.3916173,1
15.5498705,8.203823,0
-3.9745717,3.3659644,1
10.229593,7.0119014,0
10.923145,1.520453,0
8.180166,4.3896484,1
-5.007594,3.848218,0
3.630079,16.03072,1
7.991754,3.9454575,0
15.099016,7.5415773,1
-2.6465104,7.9576325,0
12.134878,3.4053981,1
7.8975906,4.1038976,1
3.953187,16.014719,0
18.65699,1.3127745,0
8.963884,9.453698,0
13.350284,7.598492,1
-3.6374836,13.678346,1
5.756925,1.0305148,0
8.736252,10.145561,1
9.691725,-5.120563,0
7.3498178,5.3187113,0
-3.2553582,13.560626,1
11.078292,2.2234945,0
5.968894,3.3455005,1
9.979764,14.565919,0
10.934717,11.457198,1
5.5500402,10.675878,0
12.865818,-2.8945384,1
10.227632,-4.9095674,0
4.556837,17.108274,0
-5.2474723,-2.5620081,1
3.4676065,17.21548,0
19.165472,2.3820636,0
9.866107,-4.7363615,0
6.6217504,1.151016,1
17.57391,0.87296647,0
6.2671447,0.65203404,1
10.071562,-4.2285237,1
11.795725,-2.334867,0
12.216656,-3.8017244,0
2.1302118,15.821809,1
15.582662,3.7454958,1
18.33337,1.57222,0
17.207577,1.5220726,0
3.8010678,16.001883,0
-2.881504,7.9655137,1
-1.796689,7.8705955,1
1.8096304,15.153648,1
5.6776505,3.3722134,0
6.278512,0.24743646,0
-5.3229723,-0.66642344,0
8.909355,-4.084609,1
5.6907406,3.0709817,0
1.7578967,15.206826,0
-0.97527665,-4.2596025,0
12.267582,15.614156,0
-1.9833894,8.699597,1
6.861726,5.154446,0
10.38135,14.0291605,1
9.843117,-4.512029,1
15.6192,3.6285229,0
12.96056,-4.529748,1
-1.9548323,8.469848,1
11.158657,-4.570101,0
8.625192,9.437136,1
-1.7738206,-4.9116287,0
18.33705,3.9188774,1
13.9693165,-0.15636906,0
-1.2537888,-4.25655,0
-2.012004,3.651644,1
11.698154,1.2111062,1
12.301245,-5.4190545,1
12.413243,-2.8300269,0
-1.9492419,8.553308,0
10.092143,14.554117,1
-2.7784507,13.153861,1
5.5328083,10.67911,0
-1.5351261,-3.0129943,1
-4.5889826,3.4746692,0
-3.1488729,12.605127,1
-2.7319918,7.5376244,0
4.112429,1.7576901,1
17.577621,0.92082685,0
-4.674358,3.855936,0
2.7373395,15.3113575,1
6.2333493,0.26996434,0
7.2172284,5.408156,1
3.7318535,3.154093,1
11.334589,-2.9630547,0
11.400832,-6.2030835,0
1.9794465,15.631183,1
10.376224,14.00263,1
11.909067,12.814708,1
-2.5758624,7.662656,1
16.982824,1.7057959,1
15.862282,9.220472,0
5.641962,11.363367,0
3.7401445,0.6920043,1
-2.5215497,8.083246,0
1.983743,17.292385,0
-1.0574123,-4.567375,1
6.813355,4.87277,1
13.46489,-6.144709,0
8.406471,4.1188474,0
18.855162,2.6377714,0
16.306904,9.194281,0
6.3699827,11.199234,0
3.9480898,3.1744897,1
12.312568,13.126821,0
6.235565,5.247669,1
19.307331,2.8238797,1
8.870904,-4.277012,1
4.2434816,17.131481,0
-2.4454448,3.8306694,0
4.110943,16.846493,1
6.574464,4.0707293,1
12.247439,-2.3452663,0
8.552468,10.134952,1
14.025933,14.810712,1
10.986482,12.120204,1
1.6151526,15.751819,1
-2.6834486,13.184816,1
16.745367,8.385248,0
9.836195,11.785431,1
12.228628,-2.2282896,0
10.298222,7.431403,1
17.466597,1.2502007,1
-3.451045,13.93804,1
13.7098055,-4.8582726,1
-4.8562493,3.7747102,0
-1.5299487,-3.0404449,0
10.571951,-6.347549,1
16.014185,6.931341,1
15.581002,3.650402,1
12.321468,12.954501,0
12.159926,3.0165799,1
8.390034,9.943906,1
11.930928,12.9619665,1
18.582897,3.9519322,0
12.286436,-2.632487,0
17.07635,1.6913129,0
-5.0872498,-0.9029504,1
13.886376,-0.19773194,0
18.276447,2.6523118,1
10.915353,12.147696,0
-3.139939,14.108786,1
10.034253,-3.074128,0
11.779683,-3.5707521,1
11.187979,-3.3530488,0
12.221659,3.0049694,1
3.3093398,16.846819,1
10.345151,-3.161061,1
-2.866665,-0.6689358,1
9.40418,-4.7032437,0
15.217921,7.61015,1
-3.1384916,13.637603,1
6.005351,0.7324103,0
11.05926,1.6471306,1
3.8252056,1.698766,1
10.904682,11.402762,1
13.552257,7.1580744,0
16.024263,9.26616,1
6.3139243,5.000062,1
12.194279,14.894125,0
4.5104694,16.554253,0
16.521929,8.142311,0
13.350953,14.542603,0
11.831986,-5.287727,0
11.298609,-4.125048,0
11.958366,-2.3895786,1
-3.690828,13.947448,1
6.3469605,4.0041237,1
13.860541,14.6879015,0
13.055402,6.8193545,0
-4.0810146,3.464434,0
19.027765,1.4431946,0
13.453995,8.071098,0
6.3459587,4.130231,1
2.782347,16.438347,1
9.850892,-5.3134327,0
12.006244,-4.346133,1
11.804003,-5.542891,0
10.013069,14.569507,0
-2.8159087,7.490227,0
12.864401,-4.0837293,1
10.151898,11.633184,0
-3.436703,12.203723,1
10.425424,-3.9840546,0
-1.8889657,-3.5482569,1
16.374605,9.070362,0
-3.089896,13.873266,1
6.4983344,1.2399312,1
15.962632,6.6724834,0
12.398586,12.953306,0
5.6775475,11.438331,0
10.631779,-4.725714,0
13.696042,-0.5309045,0
14.209994,14.7486315,1
2.7912555,15.324965,1
4.4112754,17.0419,0
13.345653,14.243876,1
13.612104,7.16602,1
5.4602084,3.6499374,1
6.6699953,1.1596632,1
-1.9921492,8.613896,1
12.140944,-5.106453,1
3.095105,16.193136,1
-2.8399663,7.87851,0
12.20723,15.041839,0
11.85777,3.2344303,0
11.153723,0.75224304,0
19.367178,3.6385236,1
-0.68080086,-3.6513994,1
10.585733,-6.04231,0
8.477461,-4.781277,0
18.46217,2.0777957,0
14.235028,-0.93728065,0
13.148822,-4.676294,0
13.415342,-6.1443877,1
11.770338,-3.7790232,0
-2.3637266,8.110714,0
-4.1616044,12.384271,1
13.488277,15.159689,1
6.025094,10.8086405,0
-1.0705944,-4.1798787,0
17.26291,1.9239117,0
13.533357,-4.4018183,0
9.364165,13.5187645,1
-1.75352,-3.0364137,1
12.866651,-3.4298422,1
9.954466,11.854345,1
9.071233,9.565712,1
12.306692,15.606005,0
12.064296,2.8493545,1
-1.2692555,-4.210733,0
2.760473,16.472141,1
19.075773,3.9563324,0
17.140669,1.7228748,0
13.0928335,6.673723,0
12.510174,-3.0466092,0
-5.0083656,3.905401,0
-1.8916197,-3.612528,0
12.903906,-5.6114902,0
18.169897,2.1920214,0
5.6487937,1.3222185,0
11.842907,-2.286979,0
19.279203,3.9664435,0
12.386401,3.1147623,1
10.714927,6.648232,1
8.355145,-4.6703258,0
5.8400083,1.151476,1
9.8084545,14.21587,0
8.326715,-4.4388976,0
15.218558,7.72043,0
4.1839666,1.6288402,1
1.8171103,15.184147,1
14.098493,-0.5791068,0
-1.4760869,-3.5550835,1
6.643879,12.2948475,0
9.553057,10.545504,1
-2.8313565,7.6834617,0
8.814327,-5.3056,0
3.666599,1.3967104,1
-2.3976333,8.06073,0
12.577437,14.001808,1
8.674651,-4.3832216,0
13.012513,15.595434,0
17.6877,2.4023435,0
7.3440647,4.566082,0
-1.3306087,-4.167285,0
10.093504,13.469937,1
-2.7716775,-0.275147,0
-1.7459421,3.809167,0
19.137455,3.767615,1
11.07063,-2.8115065,0
17.561121,0.867642,1
10.008372,-3.0771623,0
11.62926,-5.8401103,0
3.80936,0.69219625,1
4.522191,0.76125634,1
-1.7670085,3.789102,1
19.63861,3.2451963,0
4.782612,3.1548703,1
-3.200897,12.413678,1
9.741631,-5.890277,0
3.8689344,15.993611,0
-5.4292274,-2.835939,1
17.745008,0.7198382,0
10.836977,-5.6616087,1
6.227169,5.3194575,1
13.4516535,7.62101,0
12.181235,-6.24446,1
8.510847,4.3231697,1
12.534231,3.7165308,1
10.46387,6.689538,0
12.284445,15.085419,0
1.9255136,15.672496,1
10.336807,7.6094065,0
2.7698581,16.141422,1
10.34796,-4.9874945,0
16.068497,9.852895,0
12.2987385,3.3931415,0
3.3171349,15.931046,1
18.33514,3.8820283,0
12.9606085,6.463935,1
12.861608,15.428974,0
12.043095,2.8286464,1
11.683082,1.3629804,1
10.281474,14.288683,0
12.780612,-3.1711905,1
17.51011,1.1353285,0
19.043127,2.117179,1
13.084101,15.05665,0
5.5970745,1.3293952,1
13.839079,-5.076772,0
4.5042467,0.9557164,1
-2.3423743,6.994629,0
-2.8819811,8.123578,0
18.845839,1.9327317,0
14.01169,4.0380826,1
13.6513195,-5.8553977,0
6.2663903,5.277552,1
10.952414,-5.1070848,0
11.828382,12.745655,1
9.800452,14.678822,0
7.10311,5.5135303,1
2.0374682,17.450447,0
18.028181,0.7737195,0
14.018497,14.500115,1
-5.181159,-2.4805238,1
-0.9791026,-4.000461,1
15.758386,3.9026768,1
4.522475,0.80932254,1
-1.6340743,3.9406836,0
8.469986,9.695897,1
-4.5388055,3.5090325,0
12.222661,-6.1191735,1
13.346077,7.1038756,0
6.665705,4.8247094,1
9.607405,11.92902,0
11.013414,11.546259,1
13.358428,7.591109,0
10.563827,7.283815,0
15.682541,9.162922,0
11.4157,-5.132376,0
10.586921,-4.3117604,0
-3.211086,12.304367,1
-3.7570357,12.900181,1
9.402549,10.420791,1
2.8362458,16.05679,1
2.3199077,15.09807,1
-3.1465547,13.655932,1
5.83025,3.4242718,1
3.5825496,16.325165,1
11.04555,11.753867,1
-5.1419306,-2.4067,0
17.791729,3.0048459,1
-2.8808033,-0.67816925,0
17.481943,1.3377949,0
12.509467,3.965364,1
8.397857,10.120705,1
12.362138,-5.334327,1
13.531614,7.0957265,1
2.656851,16.890211,1
8.738907,-5.021183,1
6.359539,12.098408,0
12.2105055,2.9946058,1
6.115742,2.9104245,1
3.0489402,15.965208,1
3.7782552,3.567395,1
3.7748094,15.971662,1
-4.6330757,3.773598,0
-2.7461145,7.5461435,0
16.335255,9.102445,1
10.103341,11.660418,0
-2.5848386,-0.31856415,1
10.938782,-5.0897484,1
12.369641,-5.2154646,0
6.483046,4.9023967,1
12.158022,3.515917,1
4.001236,0.52641064,1
9.740746,-5.9286814,0
-4.58164,3.8772552,1
16.47385,9.407401,0
11.533646,0.7853081,1
6.496888,0.82013696,0
-5.1992455,-0.8536465,1
12.409776,-5.3104596,0
1.8109326,15.824887,0
14.077333,14.45942,0
15.304434,8.8429365,0
8.162218,3.9623544,0
18.516304,3.6490357,1
18.089878,2.8389509,0
13.782995,15.45094,0
11.743799,13.017107,1
-2.2320824,3.3949697,1
8.436906,4.2945704,1
4.1747785,16.918726,1
11.348462,-5.3037486,0
13.754568,-5.699284,0
12.044012,-2.2324383,1
-1.3390343,-3.6515439,1
13.839678,15.148323,1
10.715697,-5.766627,0
7.465699,5.003527,1
9.663037,-5.032758,0
10.13313,14.580274,0
13.38717,7.1992555,1
-1.0384197,-4.3264484,0
13.978644,-5.500442,1
5.9307036,10.761292,0
-5.4330406,-2.8728492,0
17.145943,1.7631649,0
1.8566163,15.604179,0
-4.010459,12.140098,1
15.831705,9.298815,0
12.718237,-6.1111255,0
8.525883,-5.0404067,0
-2.145805,7.448749,1
13.98472,-5.688647,0
10.736478,14.153633,1
-2.1321301,3.5996516,1
-5.205163,-1.2426947,0
5.6353602,1.2695534,1
8.715322,-4.3193493,0
1.7485257,15.182474,1
16.406647,8.693434,0
11.752072,6.680111,1
10.291346,11.629358,0
12.691177,6.6807027,1
-4.1049542,3.4610875,1
12.55081,15.474774,1
16.391663,8.740604,1
15.59117,6.860807,0
15.50823,8.352732,1
-1.7631388,-3.790836,0
2.237056,17.579039,0
10.407613,-5.9791574,0
-1.7686586,-3.9294224,1
19.025997,2.502787,0
16.703829,8.194381,0
13.743505,7.2019095,1
16.271292,8.182529,1
8.665829,10.329681,1
-5.164362,-0.88980794,0
11.026181,-5.107955,0
11.776192,12.945025,1
10.202032,-4.8095856,0
19.568756,2.151724,1
13.268435,-3.7427115,0
11.774413,-5.7938375,1
13.684836,14.311369,1
-3.2921355,14.047372,0
12.975204,15.500668,0
14.018769,4.0582237,1
13.874184,-0.78431934,0
-4.5922146,3.477895,1
10.77991,12.023274,0
11.049766,1.9783398,1
12.312511,-4.4662385,1
2.0413444,16.022928,1
6.059044,5.205143,1
10.213286,11.568401,1
-3.1809053,13.634827,1
-4.394931,3.4121814,1
12.249414,-5.8462887,0
11.166775,0.8587012,0
19.235334,2.4497364,0
5.4489365,1.6431797,1
15.714447,7.424335,1
-3.6373098,13.7482195,1
13.948324,-1.1083719,1
-3.1331475,14.095644,1
15.332577,9.155416,0
17.660093,0.8588896,1
12.588755,-5.9345093,0
2.2065098,15.820562,0
3.3313544,16.874414,0
17.889463,3.7784786,1
-3.2263784,12.239142,1
12.6685705,-6.451001,1
13.488359,4.167583,0
18.556925,3.9538534,0
12.511172,3.2483728,1
9.505755,-3.924242,1
5.5474167,3.3121974,1
-5.299178,-0.6966977,0
5.834809,1.1684949,1
10.380905,7.345514,1
-4.3145237,3.6944053,1
14.005952,14.410757,1
6.943442,0.5596738,0
10.194144,11.646483,0
4.2635117,2.9170074,1
11.806149,-3.991751,1
14.240658,-0.80181736,1
-5.157823,-0.86346203,0
-4.662869,3.7113645,0
9.9252405,-3.323125,0
-3.9893801,12.373173,1
-3.2919345,12.250383,1
10.337522,11.498238,1
13.444257,7.701583,1
6.6006036,1.0321169,1
12.830906,15.238785,0
11.604738,-6.2919893,0
11.537515,0.78596437,1
10.963667,11.955984,1
9.850971,11.948398,0
3.2214463,16.497278,1
-2.839415,8.08178,0
9.235055,13.966408,1
17.469337,1.3508524,0
6.019601,5.0768523,1
7.222948,4.7231255,0
10.135039,14.106337,1
14.015658,14.767234,0
4.6371675,2.1907806,1
-1.9474885,7.6201077,1
11.70254,-5.6982665,0
10.345399,11.690739,1
9.3168125,14.008632,1
12.857326,-5.2702146,1
16.3201,7.8775573,1
18.561262,3.8146162,0
4.6014137,0.9054253,1
13.051399,4.0768733,1
9.757007,-3.3851311,0
12.64022,14.113328,1
3.7778492,1.8037958,1
6.0629463,2.7983613,1
5.8345494,10.8309555,0
-4.224626,12.265935,0
10.311153,7.60286,0
-2.3091624,3.3289251,1
-2.8594518,8.322841,0
12.658553,15.663101,0
8.137942,4.3166823,1
12.348656,15.333884,0
18.468609,2.0120623,0
6.9825,0.86080897,0
10.309041,14.496135,0
3.375471,0.9277692,0
2.1439838,15.866757,1
11.026145,2.1357133,1
6.328354,0.4927135,1
10.486977,-4.78767,0
-1.321406,-3.9973085,1
5.8707166,10.80228,1
-3.0105739,13.803105,0
15.677695,10.059468,1
12.223727,-3.135549,1
-3.5938373,13.379481,0
2.4301565,15.151359,1
-5.396263,-2.8135002,0
7.393966,4.6644106,1
4.350674,2.9970384,1
10.54644,6.6500726,0
3.501879,17.228075,0
8.392855,10.082171,0
15.610509,6.6547284,0
1.8754717,15.182606,1
17.826462,2.8405614,0
4.6938996,1.4396161,1
19.124155,3.5925333,0
9.610243,11.938704,0
9.853469,14.564836,0
-4.1918645,3.3507092,1
4.218082,0.71198046,1
3.4066195,17.23523,0
6.0486026,2.5620549,1
13.619309,-5.8979974,1
12.379487,15.203322,0
9.408988,9.92069,1
4.1082,3.696419,1
12.190799,15.572601,0
2.2498946,15.512606,1
7.0287466,3.8813896,0
17.440428,1.0995525,0
12.856204,-2.7753446,1
13.924467,-0.18010947,0
-4.5988617,3.7852468,1
16.048777,3.6855624,0
-3.423162,14.004505,0
-3.4708307,13.062784,1
3.3409543,17.004263,1
19.131659,3.8794584,1
13.707751,7.719053,0
-1.0278565,-3.4458215,1
2.913447,17.052528,0
16.078663,8.744447,0
3.5390017,1.5472603,1
10.954069,-3.7026196,0
6.584567,1.0944865,1
13.1592045,-6.1374164,1
-1.4969864,-3.8922932,1
11.607123,6.9542956,0
8.413023,10.00921,1
13.110836,14.61057,1
13.670198,-4.4747157,1
17.788141,1.2308629,0
11.26052,-3.02173,1
-2.388182,8.142308,1
14.249313,-0.9754584,0
5.8090663,3.0786555,1
11.521792,-2.7886891,0
1.5782367,15.833707,1
6.173707,0.8253598,0
11.987527,13.374681,1
12.840048,-6.4559064,1
2.693182,16.397818,0
18.99102,3.7207072,0
10.146467,7.23752,0
17.915953,3.7533295,1
15.578819,3.736854,0
3.3341272,16.912405,1
11.886126,-4.494974,0
11.923042,-3.5209348,0
-1.8986701,-3.1656523,1
12.927992,-6.4342523,1
11.915453,12.960764,0
-4.3679404,3.5219946,0
8.614423,9.642034,1
17.188135,1.8167982,0
13.808819,-0.14069475,0
15.169587,7.6191616,1
10.893495,-2.9520853,0
11.3059225,-5.7121305,0
19.435852,3.3955193,0
15.825569,3.8671765,1
10.323185,11.432075,1
2.304544,15.437928,1
10.828519,12.359094,1
6.878511,1.0702477,0
-3.7144394,12.375594,1
11.890501,-6.4430866,0
-2.866595,13.194171,1
-4.130558,3.6687083,0
13.011396,15.466862,0
-4.0217233,3.400264,1
1.9574445,15.743108,1
-2.698595,13.174563,1
2.9124296,16.79091,1
-2.5090666,8.435521,0
15.639452,9.51966,0
14.244862,-0.46705294,0
12.61852,15.676214,0
5.571156,2.9341993,1
18.677185,2.4046535,1
-3.1815512,12.533101,0
8.944515,10.274347,0
2.5451035,16.955564,1
3.6793468,0.6577633,0
4.7154884,16.897587,1
8.576109,-5.04931,0
4.7619987,2.3266382,1
12.457297,6.1753974,0
16.294268,9.154183,1
13.128953,14.642037,0
-1.2421151,-3.509523,1
12.287789,-6.54123,0
17.610146,2.608691,0
8.683258,9.851606,1
9.551389,-4.1062117,0
18.069832,1.7475209,0
11.673189,1.9473039,0
7.0557957,5.5329194,0
1.8969463,15.232966,1
-5.1982,-2.0077698,1
15.943056,8.696679,0
10.219453,14.546178,0
-5.2345443,-2.4793272,0
8.398033,9.803234,1
-2.7131732,-0.264247,0
-1.540825,-3.0374653,1
11.922686,-3.4371831,0
19.17588,2.4448965,0
4.5348043,3.4436154,1
14.14119,-0.27619866,0
17.708467,1.4482791,0
18.034954,0.7496562,0
8.467019,9.7379465,0
11.0645895,-2.4613383,1
18.667938,3.7201822,0
6.6878376,0.7120018,0
10.413224,14.1328535,0
12.218217,-2.2067676,1
-1.76822,-4.925295,0
12.741605,-3.0644484,1
6.0792093,10.7759,1
12.194528,2.9792638,1
13.875343,14.850539,0
11.849219,1.278157,0
-1.1791344,-4.1760426,0
8.376593,9.770659,1
3.304128,16.693903,1
-2.0590842,8.381366,1
12.913706,-4.513491,1
13.747385,-5.7043023,0
9.41255,14.173263,0
-0.6750057,-3.6941028,0
9.958696,-5.7608557,0
5.948777,11.3186,0
10.629585,6.662466,0
9.79903,11.819889,1
12.321067,6.471247,1
17.94357,2.4786065,0
10.142695,14.479821,1
10.269708,7.7091236,0
-2.6887505,7.787271,1
-2.2941015,6.9786215,1
18.347855,1.4733043,0
-1.2299138,-3.1277313,1
-4.9747252,-2.1356978,1
-1.431834,-3.0885928,1
14.019534,4.133755,1
4.5582924,17.097956,0
4.4123573,16.665442,0
15.945559,7.150407,0
18.075111,1.3745837,0
-2.69735,-0.29015908,0
13.443563,7.8266997,0
4.1643457,1.7145513,0
11.521055,-4.7795105,0
9.688804,-5.719547,0
16.58672,8.571889,1
18.580477,2.8009326,0
2.8577538,16.170006,1
9.56413,14.459441,0
14.066655,4.0304203,1
-2.8192017,7.6355286,0
9.861933,12.102357,0
9.179335,-4.1420746,1
2.2748294,15.587937,1
13.826666,15.153285,1
17.597212,0.8466206,0
-1.7983246,3.8777332,0
-4.9872365,-2.2258008,0
3.6150646,15.903354,0
11.289932,-2.7306037,1
10.556521,14.232864,1
9.548176,-4.410453,0
15.955761,3.764204,0
-1.8941615,7.7484455,0
10.374232,11.518357,1
13.678977,-0.5076614,0
18.193054,1.1640646,0
19.430042,3.6148515,0
-1.8236974,-3.589765,1
6.0785327,3.7695403,1
2.3345745,15.033534,1
1.901461,15.382618,1
15.825721,6.5956745,0
9.132124,-5.325365,0
4.473101,17.219713,1
8.456678,-4.4103713,0
13.78377,-4.5465937,0
19.037773,2.5104663,1
4.2614884,3.4428842,1
18.624006,3.3468785,1
-1.8168795,-3.949417,1
10.447116,11.982933,0
13.499897,15.089299,0
18.75047,1.5462512,1
1.5622629,15.782968,0
12.2566595,-5.834043,1
5.8917184,1.0372145,1
8.67674,-4.778301,0
4.739902,17.254408,0
-1.8153616,-4.896569,1
13.37733,15.642108,0
9.82684,14.225842,0
16.379728,7.7392063,0
9.4298525,10.304788,0
11.57003,-3.2426412,0
11.933909,-1.913827,1
15.897963,6.940908,0
3.2019978,16.977066,0
9.552728,11.985239,1
8.429978,9.644789,0
3.1934996,0.9525452,1
14.298483,-0.7841929,0
9.772839,11.8813505,0
-2.7437642,-0.52006924,0
9.952128,11.990686,0
18.603043,1.3663514,0
13.03569,6.7242885,1
10.398126,14.031022,0
13.834834,-0.14094749,0
13.595376,7.462309,0
13.376268,7.6949883,0
10.143491,14.576635,0
19.471968,2.3424952,0
-4.99439,3.9176588,0
-1.3074775,-3.0802004,1
12.38123,13.0118065,0
15.960145,7.7820797,0
5.751743,10.715834,0
-5.1500306,-0.9725001,1
11.575786,0.8504533,1
9.4038,10.408183,0
-1.5986563,-3.3720791,0
13.705544,-5.7245765,0
19.593096,3.5117786,0
4.6427135,17.136086,0
3.9819207,3.5404365,1
1.572616,15.627443,1
-4.3037424,3.4736185,0
7.5307603,4.080504,0
-2.1538339,7.3383136,0
18.592264,1.424513,0
13.772498,-4.990211,1
8.937386,-3.956079,0
8.725671,9.557337,1
9.235965,-4.7792315,0
14.205578,-0.5248596,0
5.731038,2.8886127,1
10.2015705,7.119267,0
-4.597129,3.897558,1
8.541574,9.667247,0
-2.7719207,7.8549867,0
10.269395,7.04791,0
6.2655206,4.08174,0
10.29557,7.0374894,1
13.371069,-5.852762,0
-2.8063536,8.410902,0
10.049138,13.522361,0
9.830808,14.327453,1
9.881978,12.005752,1
18.01604,3.2262547,0
-2.810074,7.4537625,0
6.2834277,5.051682,1
10.468634,-4.711088,0
12.178513,2.8799293,1
8.744723,9.678388,1
9.722595,-5.1937923,1
15.424337,7.7837267,0
15.672485,3.60596,1
11.388548,1.6764106,0
-2.1182375,3.696258,1
9.757493,-5.9438934,0
3.1028247,17.011475,1
4.53312,3.4201672,1
19.306627,2.0654879,0
5.4505224,3.7022452,1
13.779793,7.1872487,0
6.575221,1.6807462,1
15.60238,3.6525097,1
4.15803,0.7706944,1
17.686195,2.3333561,1
12.399816,-2.3120108,1
2.8016424,15.317737,1
3.2985926,16.822338,1
19.391977,2.3021204,0
18.36889,2.8641906,0
8.7327585,10.048308,1
16.160671,7.006439,0
15.726825,3.8422174,0
13.668276,14.561225,1
13.512289,-5.0735865,0
-2.2824366,3.3757238,1
6.405183,1.1424824,0
13.682087,-1.1695113,1
11.884502,6.550582,1
14.166374,-0.58113325,0
12.40045,-5.4101534,0
12.211163,-5.8724074,0
4.0207825,1.1481636,1
13.673586,14.339201,0
7.317977,4.681729,1
17.520838,0.8590486,0
6.375535,12.13435,0
13.74454,14.543739,0
12.836659,14.432547,0
12.414583,15.46204,1
-2.7385457,-0.31990245,1
13.413252,7.7875986,0
5.9635477,3.066545,1
9.793221,12.0169325,1
13.326087,7.3205333,0
1.5616717,15.804958,0
-3.311832,12.248279,1
4.667869,1.2066581,1
9.114718,-5.125073,1
-0.6156437,-3.5608609,0
-2.3738973,7.0582557,0
9.38871,-5.7009096,1
16.503464,9.340021,0
-2.898756,-0.6706451,0
19.386324,3.496065,1
4.8586698,1.7160482,0
15.182025,8.148377,0
3.2569535,1.1748035,1
9.772395,-5.72685,0
3.741295,3.173128,1
12.395511,2.4858556,1
5.6327333,11.388161,0
-3.2742317,13.368966,1
-2.7699294,7.4628334,0
12.447725,-5.7613106,1
-2.7941155,8.226723,0
8.78688,10.283904,1
11.790804,12.759235,1
17.705063,2.422851,0
11.567245,3.049144,1
11.251791,-6.5064926,1
13.102727,4.0863094,1
18.311666,1.5831084,0
19.101515,3.522864,0
13.537735,-6.058657,1
13.430215,14.142312,1
1.8316756,16.229343,1
10.41926,13.792031,0
3.6143708,16.060825,1
11.618699,6.936253,0
-2.7153344,13.213376,0
5.5212197,10.66952,0
-2.153822,3.6022224,1
12.277413,-5.239517,1
13.174702,6.620664,1
13.859238,-0.857359,0
12.450465,3.2473636,1
13.482774,-5.1213884,1
9.504616,10.937906,1
12.265944,13.794478,0
14.069223,4.163411,1
-2.2773938,8.106676,0
10.284226,7.6938944,0
13.187282,6.6121216,1
-5.3928666,-2.7557373,0
-3.6547022,12.33783,1
8.885602,-4.116811,1
6.2132,5.1902623,1
11.731014,0.9579008,1
12.215004,-3.5826948,0
-2.1103258,3.6083338,0
2.1893766,15.638806,1
3.9350786,0.9277092,1
5.812054,0.8823133,0
9.770813,-5.887251,0
13.111955,15.220854,1
-2.2393808,3.4308171,1
2.7700245,15.355984,0
-5.192766,-0.88230294,1
6.293394,0.57753354,1
12.143403,-2.3595328,1
-5.2642937,-2.4214854,0
15.558883,6.8122864,0
9.325681,-3.8455894,0
-2.7738736,8.476834,0
13.162256,6.7975054,0
-4.645805,3.5962825,0
3.8184798,16.000399,0
19.384123,2.231189,1
11.467027,-6.455197,0
4.3810487,17.138296,0
6.6280813,4.063481,1
15.657073,7.9109254,0
13.338407,7.115407,0
-5.254851,-2.4766173,0
3.6875193,3.3435946,0
10.738852,-5.998879,1
13.260123,-4.4433184,1
6.456799,1.2650635,1
3.022543,16.78854,1
6.160642,2.7925618,1
11.811132,1.1962059,0
9.549069,10.550536,1
10.720291,-6.3288426,0
13.151326,-4.146086,1
10.911934,11.445928,1
-1.8863311,3.7711263,0
8.640302,10.205249,0
12.758878,15.685025,0
-3.4336991,14.086969,1
-1.8769066,-3.800043,1
13.402784,7.798812,0
16.816734,8.631713,0
4.5493894,17.105818,1
-1.7204868,3.7500238,1
6.8303723,4.1254582,1
14.21194,14.607582,0
17.679268,2.3066242,0
-5.1838384,-0.97786826,1
2.1899147,15.883449,0
10.66089,11.951756,1
9.776218,14.297784,0
3.5159998,1.0531839,1
15.077542,7.6111865,0
5.026298,2.5404816,1
11.57581,6.9968076,0
6.655488,1.1360499,1
10.731236,-6.316777,1
13.771074,-5.4809723,1
12.221335,-2.1651099,0
10.980127,-3.68872,0
6.0950913,1.1580318,0
-1.6891167,-3.9167335,1
8.842972,-5.037909,0
11.939382,6.6335597,0
-2.889966,8.052687,0
-2.860175,7.8243494,0
-1.9752908,8.379118,1
12.2357235,-2.2985847,0
5.988145,3.4602852,1
11.816065,6.499404,0
15.60743,6.758901,0
11.434613,0.93826103,0
14.010135,14.511757,1
1.8691757,15.697357,1
8.087483,4.092172,1
7.3273425,5.07814,1
17.705996,1.7813399,0
14.199368,14.696689,0
5.919823,3.3968503,1
7.628363,4.2616906,0
6.10377,2.5723474,1
5.987829,3.2408383,1
3.001488,16.971306,1
11.17645,-6.448902,0
3.064149,16.709475,1
-1.2953995,-3.0858705,0
4.813511,17.289392,0
11.895129,1.3614099,0
11.330964,-3.1212494,0
15.8383465,9.846807,0
4.836222,17.325233,0
2.560166,16.853188,0
5.5122304,3.6523292,1
12.301783,13.072221,0
6.7809277,5.195686,1
1.7927729,16.254656,1
7.480995,4.663325,1
8.792171,-4.5880823,0
-2.0392826,8.59906,0
17.133856,1.7773151,0
-4.4429755,3.883772,0
17.560566,1.5133779,1
5.779177,3.0819411,1
9.962241,-5.4956303,0
-5.0023193,3.8595562,0
2.1324625,15.526195,1
-3.7494407,12.595611,1
1.8993305,15.192667,1
4.767565,16.925072,0
19.205439,2.9297075,1
-3.0913866,13.705864,1
8.030618,4.499412,1
13.065006,6.617078,0
12.330296,-6.018552,1
15.322081,9.096131,0
16.317368,8.1323805,0
18.711563,2.194636,1
6.8681135,4.932527,1
16.087032,3.7386107,1
-1.0130066,-4.51405,0
14.124546,-0.3783226,0
3.5957747,1.5012835,1
5.6553416,11.390839,0
1.6705549,15.650324,1
8.399284,9.951806,1
12.070058,-6.2996526,1
6.624329,12.306447,0
8.426453,4.3689427,0
9.819216,14.28094,0
10.034799,-3.1301312,0
16.61848,7.945094,1
-1.9993412,8.60128,1
14.226267,-0.46460298,0
18.166628,3.1635144,1
6.702733,4.796522,1
13.067053,6.651854,1
-4.834211,3.9108138,0
-1.171928,-4.2536774,1
1.99472,17.328327,1
12.487198,3.2093308,1
-3.6691349,12.693091,1
19.683008,2.9264927,0
-2.8284922,13.114858,1
10.227871,7.172772,1
13.55669,-0.64833266,0
-2.6456158,8.089707,0
15.887871,9.872311,0
13.0458,14.090436,1
7.38048,5.210988,1
-1.8438357,-3.63657,1
6.0937076,2.5011153,1
-3.4510307,12.1982765,1
14.058601,4.0304866,1
16.181576,9.405387,0
11.800332,3.3451648,1
16.317177,8.501641,0
16.458918,7.7866726,0
17.573952,2.2348876,0
6.2356434,5.256027,1
-2.8339267,7.481969,0
12.551048,-2.8731012,0
9.28807,13.985549,1
12.306641,14.310051,0
-1.796955,-3.183457,1
18.994091,3.0839076,0
3.3758225,16.943165,0
-0.84424996,-3.719249,0
-5.2728186,-2.6358933,0
4.6102138,1.3311226,0
5.792661,1.1431711,1
12.027485,-6.530758,1
17.974346,2.421363,0
16.37307,7.7213326,0
12.533931,2.883762,0
-5.2517676,-0.7463892,0
-4.875867,3.763237,1
-5.0644407,3.9393945,0
18.024786,0.7750046,0
-4.9735985,3.8909106,1
-4.4324803,-1.5934907,1
5.259314,1.9831505,0
9.996017,13.476151,1
18.770533,1.7307434,0
6.2795815,0.2626806,0
15.963347,10.000211,0
1.8416167,15.389763,1
-4.5689325,3.8234699,1
15.88331,7.1078205,0
-5.2122445,-0.8161926,1
6.2283025,5.0168386,1
10.970079,1.0523518,0
6.6127605,1.2022479,1
11.109048,-4.3136387,1
-2.2078161,3.4028747,1
3.2695467,17.000267,0
4.9000635,2.3160944,1
5.9535055,3.3941283,1
9.520846,10.647421,1
8.390112,9.754438,1
-3.1869686,12.627003,1
13.362282,7.6668143,0
-1.7629477,-3.0936134,1
-1.9999748,3.549143,0
12.667854,14.225355,1
17.595247,2.237124,0
-1.2725946,-3.1013255,1
-2.2858748,3.3496218,1
19.366804,3.8744738,1
-2.102415,8.305466,1
3.4094448,17.19109,0
-3.5954216,12.893418,0
3.3532138,16.780834,1
13.436487,7.7183075,1
12.368747,-5.1583123,1
-2.3620565,8.113082,0
14.172423,-0.55542296,0
12.098423,-6.446781,1
6.261676,2.4981146,1
-1.4185357,-3.0245507,1
12.725905,-3.2107952,0
5.90101,3.0482407,1
-2.1882203,3.5354862,1
13.550251,-5.878135,0
-1.5299083,3.9709473,0
12.1809435,3.3447406,1
6.127032,2.624792,1
14.179941,-0.6839518,0
11.625254,-4.140322,0
-4.4698167,3.572428,1
11.759029,12.899095,1
1.9042356,15.342028,1
18.732231,1.3910903,0
-1.7061944,3.8583143,1
5.548299,10.675084,0
18.558514,1.9460169,0
-0.6253543,-3.5739331,0
12.905849,13.985093,1
9.200348,-4.035512,1
10.376441,6.726814,0
11.0504875,-2.8718112,1
12.838055,-3.9813359,0
-1.4587513,4.0239153,0
12.964342,15.470914,0
13.473097,15.606735,1
5.908307,10.81992,0
-3.8428857,13.773876,1
12.300214,14.09759,0
16.630917,8.748802,1
15.566004,3.6903353,1
19.48075,2.6676774,0
12.776539,14.248517,1
-4.5486627,3.4897869,0
5.982472,2.6855845,1
2.9310658,16.182209,0
12.44938,-2.2812874,1
15.298039,9.034227,0
14.148961,-0.6069632,0
-4.6043396,3.7948558,1
-2.6268303,-0.45871124,0
8.73738,9.578,1
-2.7276556,7.493785,0
12.214278,-3.4087715,1
10.887876,12.356466,0
14.064164,4.1560407,1
-3.5682604,12.320825,0
7.186938,5.4515576,0
2.9115734,16.968933,0
11.860793,6.325765,1
4.712213,2.859603,1
11.877506,6.3189707,1
12.13286,13.473631,1
-4.1770453,12.382111,1
3.2200806,1.0405504,0
12.5024185,-2.3497167,1
10.956206,11.461236,1
10.834536,-5.655183,0
12.268755,-2.3694847,0
10.51335,6.622344,0
11.539622,7.047414,1
4.4660473,17.09176,0
8.502427,10.240358,0
12.208647,15.215374,1
4.684652,3.256675,1
12.964692,14.96202,0
-2.3948402,8.419199,1
18.02053,2.690537,0
15.659929,9.494805,0
6.904882,0.9151613,0
10.976811,11.996023,1
12.735827,-2.6665292,1
4.6312466,17.030985,1
-5.192984,-0.78349143,0
6.7191663,3.979014,0
10.948228,-4.660511,1
19.353022,2.8216815,0
9.961586,-5.401669,0
12.326912,3.4034293,1
9.255797,13.968162,0
13.544566,7.1074424,0
9.558057,10.554384,1
-2.3129249,7.9874387,1
11.644132,-2.8054314,1
-0.58820134,-3.5498211,0
9.52354,11.999299,1
-2.7484694,7.94607,0
13.613158,-5.3263144,0
3.8096285,1.772559,1
12.184274,3.0221932,0
14.196358,14.556721,1
16.487907,8.533127,0
-5.373775,-0.58775675,0
16.056864,7.773513,1
15.608945,8.183131,0
-2.6551619,-0.2604491,1
2.0811813,17.459211,0
10.9852,-4.797933,1
8.496187,10.095091,0
9.542825,-3.757452,0
12.244019,-1.917601,0
18.71016,3.6788423,1
1.6721553,15.789928,1
-5.1925735,-2.2438178,1
2.8400662,16.695316,0
13.123873,14.008705,1
-4.874743,3.7831907,0
10.207203,-5.050251,1
1.9349288,15.653782,1
8.475151,10.200609,1
9.515818,10.010602,1
4.5712132,0.7734388,1
-2.8432083,7.787486,0
18.77495,1.7153261,1
2.745503,15.301826,1
4.4532504,1.8547248,0
2.741001,15.99125,1
10.909886,-4.781351,0
6.439225,3.984,1
16.289965,7.7498116,0
14.215088,14.860863,1
6.068392,11.403208,0
-1.2111866,-4.268771,0
13.438702,-5.2511554,1
-2.7432232,-0.32111484,0
10.855435,12.354551,1
8.539501,4.259149,1
10.449111,11.472721,1
3.6967077,0.69025785,1
11.809193,1.1077163,1
1.9849147,15.413503,1
10.377169,11.52423,1
2.796214,16.473925,0
6.4566293,4.057726,1
14.054799,4.0276895,1
19.41446,1.9252648,0
7.9491982,4.4777913,0
9.735729,-4.9143467,1
-2.7179523,8.20417,1
8.523174,10.350288,1
4.0394826,16.604048,1
6.3249187,4.1179824,1
17.550192,1.6099073,1
16.027853,10.002131,0
11.463489,-5.8086624,1
15.296836,9.021989,0
9.716393,-5.609215,0
12.0935,-6.421776,1
16.292097,8.5675955,1
3.428212,16.953356,0
-2.2910361,3.3536468,1
16.461086,8.713985,1
12.186151,3.5687983,0
11.710036,6.7695904,0
-0.7978484,-3.9705021,0
19.041254,2.2265315,0
17.088108,1.7331516,0
1.9786992,17.303106,1
11.839701,3.2279654,1
12.965865,-3.0652878,1
1.9984044,15.262978,1
5.885628,10.706123,0
-5.4053164,-2.8287873,0
12.257521,-2.109926,1
-5.3912573,-2.7722294,0
10.266854,14.526093,0
4.6712418,1.3282925,1
2.418211,15.118175,1
6.3290396,11.195507,0
11.912835,12.943324,1
-2.011087,3.735473,1
15.325378,9.184014,0
15.240325,8.4063635,0
-1.775784,-3.0538907,1
13.75096,-4.5938544,1
11.302611,-4.0322175,1
16.439766,7.7167535,0
5.974124,11.152477,0
-2.3572233,3.322689,0
6.137992,2.9050107,1
4.509636,3.4628234,1
4.4518847,17.125235,1
2.599808,15.6969385,1
10.262781,7.69652,1
3.2919998,16.62244,0
3.0021112,17.047958,1
14.587954,3.7043216,0
13.827551,4.0139213,1
12.131966,15.270183,0
13.977079,4.001299,1
-5.205872,-2.1104076,0
18.584635,1.9243797,0
5.9205985,11.38275,0
6.1066823,10.816014,1
5.406929,1.7196504,0
-2.7796586,-0.5772727,0
8.343677,-4.6629133,1
6.202007,2.598864,1
12.293891,-3.8899097,0
13.85051,14.388012,1
14.003623,-5.601386,0
5.853472,3.0418482,1
10.16543,7.5697885,0
4.668992,1.1890693,0
-5.0610285,3.9193347,1
11.79354,1.155139,1
13.583384,-4.026386,0
-4.443739,3.613148,0
18.921339,1.6594046,0
-5.1800604,-2.5291688,0
11.357565,-6.2608905,1
-1.8067514,-4.8850856,1
-5.0385237,3.8871274,0
8.686504,-5.0772495,0
-2.903379,8.124831,1
14.147347,14.466242,1
-2.1600037,7.3710847,1
14.068631,4.14134,1
8.6410885,10.33917,1
9.253926,-4.0433164,0
-1.9230571,7.724773,0
10.557448,6.6827374,0
10.5519495,-6.297475,0
-4.964587,-2.138865,0
10.953807,-3.2984846,0
12.428693,15.585289,0
4.792904,17.350727,0
12.493999,3.2007985,1
10.201162,14.0184765,0
8.445089,-4.960229,0
10.2930975,11.797585,0
10.5637,11.379552,0
12.117655,2.9350326,1
11.561522,0.83567995,1
8.992627,9.482967,1
11.527622,7.0315437,0
12.479863,-2.7530313,0
16.313375,8.477147,0
4.5919375,2.1912653,1
13.429819,15.077567,0
5.5958214,10.721317,1
3.7212927,1.7684202,1
19.122469,1.6119946,0
11.578755,6.9342475,0
15.425312,7.827492,0
18.46746,3.226217,0
3.9388247,16.019896,1
4.474847,16.919903,1
12.521619,13.885738,1
12.400043,3.2906125,1
6.94748,5.326155,1
10.308258,11.452328,0
13.185359,-6.1726713,1
5.0928307,2.7870257,1
10.49654,13.867033,0
-3.4019895,14.001181,1
7.4690404,4.8036265,1
3.5747166,0.94713753,1
11.44256,-5.4662924,1
12.913964,-4.9953713,0
11.339535,-5.6357656,0
10.525424,7.2078085,0
3.4874315,17.1044,0
4.2603827,3.592338,1
13.137709,-4.301787,1
11.889429,1.6292883,0
10.210059,14.498275,0
-3.9120524,12.742028,1
-2.3332386,7.8259807,1
3.1813529,1.1223607,1
16.603926,8.855696,1
7.8723145,4.4672766,0
11.947114,3.1580389,1
5.7271943,3.5469937,1
2.0965674,17.531225,1
13.843276,15.326405,0
13.183839,-6.1047463,0
3.2535708,17.232464,0
13.723897,14.630566,1
10.792876,-2.9124687,1
4.6453786,17.136538,0
14.16171,14.480051,1
16.600399,8.744524,0
16.178473,7.9611683,0
7.096656,5.043984,1
3.252102,16.653767,1
-5.2200813,-2.170809,1
4.594756,17.056578,0
10.952872,-4.6206913,1
9.273058,-5.1896114,0
8.54085,9.99417,0
5.6545086,11.397459,0
18.128777,1.9708489,0
-4.296108,12.300866,1
2.276664,17.73264,0
-4.7089634,3.822487,1
10.237091,-3.8735275,0
13.742582,-4.441412,0
-1.8067311,-4.869604,0
-5.2704687,-0.7275311,0
8.744067,9.463661,1
9.377032,9.883886,1
13.883364,-0.119516715,1
9.281474,-4.805444,0
11.574546,-5.6480017,0
17.922527,3.0707264,1
-3.0645156,14.014478,0
10.802842,1.1203157,0
11.774335,6.646404,0
18.779354,3.6910565,0
3.3711612,16.830803,1
12.140837,15.446779,0
10.82646,11.697118,0
16.518793,9.189939,0
10.440952,11.44564,0
9.421128,-5.160358,0
-5.1872797,-0.7905556,0
-1.1770558,-4.254864,1
11.042317,-3.6246357,0
4.445768,3.4833744,1
-1.3219541,-3.2053878,1
3.7358377,3.1447263,1
10.551215,14.309821,1
-0.5619366,-3.5218856,1
-4.7022953,3.838967,0
-1.0909559,-4.569832,0
13.833277,-0.12727952,0
-4.222669,12.347634,1
-1.769197,-4.9149127,0
1.77803,15.159977,1
4.0087686,16.184513,0
12.628157,15.541546,0
12.506549,3.227203,1
12.087147,-2.4711437,1
8.257781,4.159498,1
13.686574,15.291585,0
15.480564,9.359612,0
18.2116,2.9248939,0
10.889321,-5.722342,0
12.102148,-2.3062367,1
2.309442,15.598161,0
13.98176,-5.4145017,1
-2.8540714,7.4933853,0
-2.615872,8.0489,0
6.276817,0.6441055,0
9.730731,-6.037247,0
11.015989,1.3293012,0
-4.8197665,3.894645,0
-1.6770576,-3.796569,1
-4.9668307,3.8483145,1
7.049901,0.94776845,0
7.6917534,4.197616,1
3.8806303,1.8905743,1
4.9603853,2.918722,1
2.0997725,17.54819,1
9.723336,-5.780522,1
15.9455185,6.6235394,0
3.9257417,0.9472483,1
9.739565,13.842443,0
10.428406,11.818573,1
-2.1031759,8.595402,0
13.543205,7.42903,0
4.3103685,1.6570873,1
12.664411,-2.895697,0
-4.469387,3.8844888,0
2.9730976,16.999163,1
11.693937,1.9378622,1
15.863373,6.597316,0
-1.3392159,-3.0730624,1
-2.4379125,8.405812,0
18.592558,2.2921064,1
10.422442,11.719478,0
13.557119,7.2452593,1
10.14684,11.76574,1
19.231411,2.2004454,0
8.666969,-4.3240056,1
2.2773914,17.585262,0
6.8783245,12.230657,0
8.465178,-4.9510098,0
7.1113906,5.3245683,1
-1.3190861,-4.04428,1
-2.4196317,3.6960778,1
18.707205,1.3043324,1
11.9002285,1.5189962,0
5.782775,11.263372,1
18.038166,0.987818,0
6.074361,3.1330676,1
8.610572,4.0943313,1
1.5754918,15.424623,1
12.9769335,-3.0026722,1
7.5108576,4.7712417,1
-2.8616648,7.504146,0
16.519066,9.206233,0
16.475485,8.2991705,1
11.475307,-5.6031384,0
13.70226,15.480166,0
18.287443,3.4203744,0
1.7515202,15.549037,0
10.175513,-3.0625522,1
19.448242,3.2618701,1
3.6357315,3.3260815,1
15.029439,7.598937,0
-5.2169228,-0.750397,0
-3.7450664,12.846291,1
9.380822,-3.981746,0
18.772215,1.789722,0
2.5962262,16.950146,0
3.6607168,16.022753,0
5.874241,1.0270176,0
-0.90060586,-4.18631,1
4.117967,1.1247604,0
-2.7872145,-0.5908599,0
7.286521,5.094176,1
3.9010856,3.6184947,1
10.721195,-5.9059663,1
16.576431,9.091955,0
6.631886,4.752544,1
4.0361505,16.19336,0
5.5957794,2.876975,1
19.181095,2.1376438,0
-3.915555,12.726858,1
8.690462,9.462275,1
1.7939795,15.253523,1
13.763713,-0.21971469,1
11.881299,13.268943,1
19.623384,3.3166454,0
10.983729,1.9227569,0
-2.7926836,13.193525,0
11.62206,1.1274167,1
5.800842,1.0519605,0
3.7944436,3.0553398,1
-1.8027277,-3.9591196,1
1.5739268,15.821062,1
7.351708,4.180151,1
-1.681388,3.823057,0
9.653329,11.8988495,0
6.2301054,0.2870078,1
11.309477,-5.20814,0
17.214828,1.9102051,0
18.901564,3.0515087,1
11.283236,-3.3398824,0
11.968841,12.850591,1
8.281714,-4.5223823,0
19.381943,2.8178272,0
6.07736,10.840609,0
-2.3083704,3.3240578,1
9.359588,10.254547,1
-3.5109344,12.9793005,1
13.874429,-0.082273275,0
8.619098,-4.3752303,0
16.469366,9.131542,0
15.31594,8.025965,0
-2.8851616,8.14537,0
2.8197315,16.79162,1
15.923392,7.383134,0
-2.008985,8.57349,1
11.478816,-5.4841275,0
-2.432305,8.020678,0
13.639756,14.3506,1
-2.9548347,-0.7231461,1
-4.6114798,3.7285943,0
18.424767,1.5226929,1
19.511414,2.6642654,1
-5.152552,-0.93730015,1
-2.8498142,8.236135,1
4.1850348,16.945183,1
9.609919,11.944696,0
2.017429,17.410322,1
9.694171,11.966454,0
4.3570137,2.9772134,1
5.6453223,3.1113796,1
12.246149,-5.632511,0
-3.336298,13.365395,0
12.601296,3.9791772,1
5.9684644,3.3529277,1
9.794998,10.921031,0
11.299065,1.9968054,0
11.797716,3.3339229,1
2.7672317,15.862387,1
9.343942,10.185255,1
-2.1427853,7.215219,0
13.0393915,6.865959,0
13.934532,14.419257,1
8.258516,4.1741624,0
4.542366,3.0712955,1
11.050703,-4.9935784,0
-1.9009595,7.7559085,0
13.653369,15.584676,1
10.719189,12.025239,0
5.8917418,2.7672734,0
18.770931,2.1344059,0
11.975013,12.824421,0
10.201162,7.3885098,0
12.214015,-3.3425784,0
12.904549,15.129363,0
7.377448,5.144876,1
-0.9451923,-3.3919852,1
10.251257,7.0681133,1
8.177021,4.1647635,0
2.018132,15.650239,1
8.554601,10.314461,1
11.771446,3.3440294,1
5.8699193,2.8647704,1
11.93334,3.1392732,1
-2.965277,13.8118515,1
-1.8277855,-3.8724008,1
17.547155,1.469157,0
-5.1997023,-2.0883932,1
-2.027731,8.438521,1
-2.7394955,13.275268,0
9.223825,-4.8208613,0
12.727495,4.2644844,1
18.732496,1.5722561,0
14.141815,-0.33315235,0
8.895351,9.491371,1
-3.1217506,12.434211,1
9.930182,-6.020078,0
6.1263785,3.0801768,1
-1.5296206,-3.0389304,1
9.608379,14.526596,0
4.610458,17.089327,1
6.2448215,0.70973605,1
17.988134,1.4532018,0
-5.234455,-2.2224438,1
10.372221,-4.6480136,0
-0.6867245,-3.7630575,1
7.7762036,4.163329,0
10.563634,6.669956,0
1.8657453,15.661342,1
2.7928348,15.316971,1
-3.518347,13.104212,1
18.91653,2.2067094,0
6.0792956,10.806059,0
12.490887,-6.0718784,0
3.1630797,16.777407,0
4.1178718,1.6368005,1
6.816759,3.9469697,1
-5.4014997,-2.8157594,0
7.099674,5.454382,1
10.110205,13.466403,1
-2.1943948,7.1274476,0
15.444523,8.676056,0
18.693146,2.3132296,1
12.721333,4.337619,1
2.3889391,15.486482,1
11.608403,1.0048772,1
10.161752,14.569164,0
12.332215,14.267429,0
9.327626,10.241537,1
-2.912115,13.142286,1
11.003122,12.061199,0
19.326775,2.0709343,0
15.974191,7.094776,0
5.8467293,11.186096,0
10.870498,-2.940909,0
3.872794,3.4837837,1
9.647584,11.875958,1
2.1310875,15.08269,1
6.9304852,12.13152,0
13.984015,-0.16814819,1
6.4329214,4.878742,0
12.15108,3.3795335,1
15.445068,9.326874,0
-5.2240553,-0.78476244,0
12.268042,2.960617,1
11.1284895,2.3972907,0
8.604151,10.282784,1
2.3552625,15.071369,1
13.969617,4.1866045,1
10.037054,-5.227424,0
8.753633,-4.9701853,1
10.209574,14.440847,0
8.499334,4.3451214,0
2.0350275,16.913437,0
-3.665711,12.734862,1
2.3655539,15.61327,1
-3.8406181,13.816948,1
10.545435,11.992953,1
17.881296,0.903724,0
-1.7329032,-2.9892504,1
12.57677,-4.114168,0
-4.335802,3.4450645,1
5.6777654,10.752948,0
19.529337,3.220174,0
6.0590134,2.6661685,1
8.648345,10.262505,0
10.472378,11.417844,0
18.014307,1.6387423,0
12.302838,-4.218925,1
9.762307,-3.2881687,0
-5.1722484,-1.0462874,1
3.7424397,0.51829666,1
1.5856385,15.180895,1
13.105963,6.614273,0
4.3756566,17.132616,1
-1.7710953,-3.9404604,1
15.911668,10.052298,0
10.964967,1.1645972,0
-1.3468815,-3.1305819,0
15.981886,6.691728,0
11.106963,-4.323897,0
2.7478998,16.150715,1
9.773477,11.958534,0
18.702791,1.8705226,0
12.126331,-2.2294521,0
11.4342785,-6.354208,0
-2.1653926,8.480907,0
11.346659,0.80901176,0
8.186362,4.274232,1
15.875366,9.877461,0
12.630749,-5.6488976,1
5.6249332,10.972704,0
-5.228788,-0.7423632,0
6.931289,4.972679,1
-3.8852477,12.425335,1
-1.7332165,3.850183,0
-4.0818663,12.341952,1
13.343679,7.868233,0
17.71383,0.7135702,0
-4.1976476,3.3904471,1
8.1982355,4.1817503,1
13.96464,14.91957,0
-2.6875403,13.188147,1
13.595202,14.227981,0
10.374522,7.6028924,0
12.299649,-5.5694337,1
3.4025083,17.248522,1
7.050268,0.637476,1
19.50752,2.7548876,0
11.777452,3.3018782,1
18.73698,1.5419127,0
12.995045,6.548518,0
12.058512,-6.3315153,0
12.215471,3.2789838,0
6.141776,3.1427586,0
6.5954676,4.107119,1
9.86714,12.1423235,1
-3.2817154,12.405847,1
5.503323,1.5806092,1
15.332787,9.152908,0
16.006094,9.940122,0
-4.572854,3.8753774,0
10.494604,7.245086,0
13.410778,14.280546,1
-1.6359473,-3.6683025,1
-1.2673364,-3.1650085,1
-5.3291698,-2.5005395,1
8.357844,9.956826,1
11.388299,0.98269093,0
11.013633,1.9232793,0
16.750078,8.5658245,0
2.008868,17.356798,1
12.830946,-3.970217,1
13.733795,15.412754,0
15.889859,9.900444,0
-3.6252646,13.67946,1
-1.9075376,8.550158,1
16.313986,8.797708,0
6.9743657,12.168809,0
12.807344,14.022707,1
-5.357366,-0.6161879,0
-5.5069304,-2.9387949,0
12.174112,15.539751,0
4.1181107,1.3324811,1
12.362421,15.196998,0
18.549292,2.3239486,0
2.3011436,15.609351,1
6.9197025,12.208987,0
3.75456,1.5221696,1
12.302841,-4.1510015,1
9.7716255,11.86127,0
-2.0503411,8.548879,0
7.3538637,5.3472133,1
1.68996,15.276193,1
-3.227501,12.454947,1
5.6299896,11.338291,0
4.6278734,3.416992,1
14.220198,-0.37179476,1
7.3167787,4.630842,1
4.0417223,2.9435399,1
18.217726,2.9434834,1
-2.7653918,8.470583,0
2.6954827,15.233346,1
9.541863,10.340335,1
12.372078,3.6161008,1
6.532043,4.2511654,1
13.682812,14.337287,1
6.0489745,2.5845203,1
8.830282,-3.9276252,0
-2.7558749,7.73255,0
-5.1397295,-0.85784286,0
4.0186205,17.069935,0
5.6210623,1.375993,1
-5.0053926,3.8598733,0
19.562395,2.2637432,1
5.7429976,3.0917594,1
11.15196,-4.2924075,0
11.197784,-4.4265914,0
-1.739843,3.7647338,1
9.940129,-3.4843795,1
13.595989,14.983997,1
4.730621,16.953209,0
3.4461863,17.087152,1
8.4198675,9.722845,1
9.563817,10.583224,1
3.115219,16.986324,0
1.5866598,15.649949,1
12.560361,13.921881,1
11.248058,2.204622,1
3.1484804,17.028961,1
5.870028,11.378641,0
-0.98419327,-4.252594,0
5.972075,3.2461197,1
11.505838,0.9935089,0
2.8931415,17.001728,1
11.622859,6.898914,0
6.243599,1.2578207,1
-1.6578497,-3.01885,1
10.959801,-4.7938924,1
19.629602,3.093348,1
11.21922,2.231626,1
15.635582,9.306242,0
-5.1842575,-0.8887858,1
-2.1960056,7.6119275,1
11.752786,-2.3007977,1
15.651018,9.184313,0
12.971494,15.339636,0
12.0615835,-2.2403705,1
-2.1626651,7.5281787,1
-1.6624144,-3.0209253,1
6.9403353,0.85804504,0
13.92452,-0.16712175,0
-1.198799,-3.1978867,0
6.6111884,11.871137,0
5.612406,11.343774,1
8.087417,4.139632,0
8.772576,9.5668125,1
-3.3399706,13.360091,1
10.960247,12.306295,1
12.378839,13.110095,1
-2.6561353,7.7556357,0
10.790033,-4.2879844,1
19.042643,3.6759374,1
10.893539,1.0030293,0
6.972047,5.3603735,0
5.5557437,10.687497,0
7.3912535,5.19239,0
15.827893,6.450978,0
8.20105,4.235157,1
19.256563,2.22939,0
13.385061,6.595504,0
4.3607917,16.643045,1
18.800634,3.333968,0
13.915997,15.346005,1
6.156235,0.31800765,1
11.028869,12.121154,0
12.813089,-5.868898,0
11.375627,7.0252037,0
2.8520567,16.140638,1
16.341288,9.606091,0
19.19773,2.180124,0
12.846971,14.430785,0
17.81664,1.275892,1
5.639333,11.349751,0
13.767838,14.261251,1
14.968139,3.599009,1
3.6898103,3.4464834,1
-3.1505136,13.883872,1
-1.9415805,8.426648,1
10.205066,-4.0288563,1
-3.6434963,12.4593725,1
4.1379313,1.0089658,1
15.62011,9.640515,0
10.3625555,11.499752,0
-1.8710507,-3.0925262,1
10.440447,14.456065,0
10.164312,7.1022844,0
15.178629,7.901927,0
12.883969,-6.3044243,1
-5.2023764,-2.0829208,1
15.241477,3.4728425,0
12.488611,3.2095037,1
-4.5700593,3.5280485,1
3.326039,16.776964,0
11.736511,-4.1354494,0
12.3368025,-4.573617,0
4.6034455,1.1534262,1
14.214792,-0.5056827,0
9.656628,-3.539654,1
15.655421,3.6784184,0
5.7063246,2.6519122,0
-0.64947814,-3.6694047,0
14.176282,14.55106,1
-5.0552244,3.9032135,0
16.361591,8.489796,0
3.7230535,1.0371623,1
9.88906,12.033397,1
8.760432,10.256458,0
19.300581,2.0424812,0
11.373624,-5.622381,0
4.4949784,3.1266987,1
3.4323692,1.5081446,1
-3.6302874,12.393665,1
11.7230215,6.8001647,0
8.99599,-4.7827306,0
12.509771,3.6438534,1
11.147859,12.303227,1
2.065078,17.480331,1
12.517979,-2.4320526,1
-4.02506,3.282097,1
10.423437,-4.737676,0
17.086498,1.7016255,1
16.451935,9.450002,0
-3.0358603,13.803179,1
13.686983,15.078326,1
3.5826654,1.4537885,1
11.235763,2.071237,1
13.041849,-3.9395044,1
4.4502563,17.090157,0
-5.366483,-2.7727094,0
2.5359652,15.301442,1
2.7123952,16.642635,0
-1.9152107,8.348184,0
9.2511835,13.959297,1
-4.276375,12.267857,1
8.846353,-4.3576674,0
12.450132,13.059943,0
13.20413,-4.017756,1
19.103022,2.217653,0
12.228062,-3.5393069,1
15.601775,9.521462,0
8.607662,-4.538025,0
17.87162,2.4004095,0
-1.7842528,-4.1386127,1
10.254722,14.055791,0
6.8990083,0.508187,0
15.285829,8.502714,0
6.8565006,5.1331797,0
3.1569583,1.0829694,1
10.224165,11.554396,1
10.018645,14.5792675,0
12.251585,15.62139,0
13.402249,-5.129256,1
10.265129,6.904508,1
6.346418,11.199679,1
7.991443,3.994891,0
15.956622,9.981745,0
5.9412837,0.57045984,1
10.083185,12.072834,1
18.768612,2.355079,0
9.700443,14.212126,0
9.23598,-5.560795,0
13.718719,-5.4119186,0
17.532782,1.5886515,1
8.665738,-4.9562087,1
17.79043,3.6501536,0
13.501892,-4.140644,0
19.157671,3.7550175,1
-3.5578005,13.6478615,1
12.578571,13.924494,1
12.346949,-4.2960076,0
12.247861,-3.826735,1
12.365266,3.0331907,1
18.307545,3.8814623,1
10.658549,13.70958,1
12.740243,-4.104892,1
7.979968,4.1878686,0
12.549415,14.052745,0
13.655521,7.190208,0
11.681068,-2.3646753,0
5.856864,3.4348087,1
-2.5895438,-0.42557555,0
9.407723,10.459836,1
15.825328,6.931981,0
5.958258,10.772588,0
9.302163,-4.678611,0
3.8550105,3.5493453,1
15.636105,3.6081445,1
11.716839,-3.8234487,0
13.173106,14.923015,0
-5.354282,-2.7644413,0
10.221594,-6.1866345,0
15.899938,6.806839,0
9.590796,-4.5810657,0
14.495126,3.7625644,1
-3.1482549,13.598568,1
10.942738,11.474086,1
13.8958845,4.010909,1
2.530234,15.134107,1
12.590616,3.9207888,1
5.4162207,3.6212604,0
6.9710355,0.5426407,1
-3.2990782,12.568135,1
12.261726,-3.7484882,0
12.49375,3.1321247,1
-3.5662494,13.647915,1
3.5189264,17.278612,0
-3.7879057,12.643036,0
9.450485,10.321474,1
15.760767,7.7837467,1
13.962472,-5.421227,1
6.5048475,0.8619696,0
3.4474373,16.979597,0
11.81653,1.2070966,1
-1.7987171,-3.7074492,1
9.558771,-4.567706,0
1.810991,16.325611,0
10.503614,-5.1131806,0
4.1854234,16.964136,1
2.2760563,17.73152,0
2.8782654,15.302529,1
5.5288644,10.683281,0
5.763855,1.4485828,1
18.65363,2.2661235,0
11.620109,1.957182,1
13.48845,-3.853626,1
3.7830567,1.5802352,1
-3.323322,13.942979,1
6.476752,1.1658778,0
9.268429,13.93633,1
2.3201742,15.762295,1
8.707411,-4.469093,0
8.437548,-4.4590287,0
13.142946,14.908465,0
-5.302326,-2.6937814,0
10.820641,1.5989759,1
9.627712,14.59203,0
2.021956,17.46558,1
9.886256,13.613639,0
-4.30414,3.5232728,1
-2.7603507,-0.40569538,0
4.5649753,0.8247442,1
15.566509,7.6304812,1
9.987271,-5.3971868,1
18.75277,2.7377877,0
13.193064,-6.3079357,0
5.959416,10.769323,0
11.855434,-5.415511,1
-1.8389189,-3.739425,1
-1.3732842,-3.077505,1
12.460342,-2.4266782,0
10.731637,-5.933339,0
-3.210336,13.522608,1
-3.977012,12.648449,1
12.844035,-5.2883983,0
12.285897,-4.500081,0
7.4432797,5.1963434,0
5.9139867,3.2963095,1
15.884055,3.8306274,1
8.96855,9.633052,1
-2.1772423,8.202818,1
-2.2546837,8.14922,1
-5.5010796,-2.9388542,0
12.260599,13.880545,1
10.260935,14.182337,0
14.108881,-0.62785304,0
13.745521,7.1686597,1
9.517379,-5.0229783,0
9.883349,-5.412236,0
6.9287863,0.5209751,1
12.833773,14.837861,0
3.1541429,16.755028,1
17.614262,1.0463527,0
19.543554,2.6214101,0
11.638607,-4.259813,1
11.182366,-2.677727,1
12.240268,-2.0855896,1
12.230803,3.4066749,1
-5.0130544,3.9131262,0
8.715778,9.765602,1
5.7098246,3.7392554,0
-5.4214635,-2.832222,0
-3.6713896,12.229676,1
4.1718283,3.3014247,1
16.157146,7.1791987,0
19.573584,3.250574,0
8.1222725,4.2176023,0
9.854864,-6.144271,0
7.0229793,0.74154854,0
6.229611,2.6811373,0
-3.4346333,13.283691,1
3.9916048,0.5113433,0
-1.9336357,7.731621,1
-2.8497794,13.0956545,1
-1.1491392,-4.2745514,1
19.42264,3.548154,1
-1.259958,-4.2239985,1
6.271223,5.222676,1
-1.1098802,-4.5670624,1
-2.7249625,13.149774,1
17.697681,2.5475242,0
2.7033002,15.202163,1
-4.941636,3.8789227,0
11.700484,12.810039,1
15.762831,3.6445794,1
9.053676,-3.9288857,0
12.373323,-4.4654255,1
12.940203,-5.4992285,1
11.74732,-4.7948294,1
13.68449,-1.0199585,0
5.95489,3.3808048,1
-4.471258,3.58851,1
8.88238,-4.153781,0
15.872905,7.962272,0
12.855404,14.5339575,1
12.334885,-5.4929185,0
-5.2067075,-2.2842941,1
11.704004,-4.7875743,1
-3.4047115,13.257196,1
15.63224,3.72687,0
8.890257,9.550007,1
13.727771,15.4047985,1
16.602818,8.045968,0
3.5089974,17.14166,0
9.49042,10.44284,1
15.7696495,3.8720968,1
-5.498744,-2.9343495,0
11.090113,1.7338011,1
13.892117,15.320663,0
10.088806,12.020913,1
15.4983835,8.951126,0
10.1225195,11.71625,0
-1.388901,-3.0530617,1
-1.4444414,-4.124241,1
4.1482873,16.585722,0
12.335589,12.975661,1
5.951,10.76702,0
-5.1113653,-0.90939486,0
13.24421,14.799531,1
10.641873,11.700957,0
19.281221,2.062742,1
3.5339286,1.6211779,1
12.410621,13.802923,0
11.143104,-4.150759,1
15.647465,6.6823444,0
2.6247165,17.000217,0
-1.5029672,3.9595358,0
16.015385,6.9203286,0
10.339318,-2.896446,0
18.886627,2.6567266,0
-2.5511174,-0.3844658,0
8.619715,9.348267,1
9.804003,13.757013,1
-3.3780475,13.347858,1
1.9140049,16.006622,1
6.7782636,4.0401554,1
11.910871,-3.6609302,0
12.949634,-3.0974555,1
10.216747,14.032176,1
11.704281,1.1335485,1
16.11735,9.0659685,0
8.599194,4.1397786,1
11.832759,-3.452701,1
15.667002,6.748062,0
18.637922,1.8168235,0
6.3585763,1.2708858,0
-3.4510949,13.124109,1
11.378835,-6.22475,0
11.40352,-5.9616985,0
6.077419,0.8556734,1
10.792224,-2.5589519,0
12.13118,15.36884,0
-4.3261065,3.405323,1
-2.1055193,7.2455163,0
13.092391,-4.0999312,0
5.4341426,3.573121,1
-2.6669881,13.1532345,0
10.095772,-4.228794,1
-4.281651,12.296888,1
15.921881,10.012941,0
15.849507,6.7752676,0
-3.8183188,13.78513,1
9.690544,11.7852745,0
5.6328936,1.5006431,0
5.7543774,1.4974055,1
19.277231,3.9505339,0
-3.947197,12.6875515,1
9.494868,10.155705,1
11.922314,3.1490142,1
17.133656,1.7774345,0
3.890049,1.7910932,1
-1.9605554,7.643846,0
-4.4796424,3.6075032,1
13.382397,15.631562,0
7.0393457,5.2553883,0
-4.51358,3.8262377,1
9.341529,10.184457,1
13.740528,-0.48189133,0
4.009324,1.8253654,1
19.597303,2.1964452,1
15.84412,6.6580505,0
11.81597,-5.3059177,1
9.254535,9.976421,1
1.8242995,16.202526,1
17.743887,3.5291684,0
-4.3486648,3.5951939,1
5.931586,10.737926,0
13.82365,14.695291,0
12.38499,-6.1435895,0
15.512121,9.305122,0
9.412115,14.146029,0
-2.2172248,3.4113832,1
7.012029,5.2592196,0
17.646862,2.2727745,0
3.858983,3.6277702,0
6.939255,5.4590006,1
5.923318,2.4625173,1
7.3768635,4.6422443,1
10.302866,11.535123,1
4.36336,3.6344469,1
11.099911,-3.4794524,0
17.600939,1.4917426,1
13.302016,7.3558226,0
13.452272,7.9966426,0
-1.8126646,-4.9027753,0
14.365555,3.8281887,1
-3.8808413,12.524638,1
12.209477,15.133753,0
9.566235,11.227183,0
-2.3280857,6.9519935,0
9.921228,14.577739,0
1.8449087,15.158701,1
2.894099,16.851248,0
10.594211,7.189282,0
12.000664,2.9204574,1
9.625405,12.017531,0
6.370136,0.5867288,1
17.586521,0.8350049,0
16.44698,9.43795,1
18.71375,3.8510332,1
9.872678,-5.717792,0
8.908695,-4.489663,0
15.675971,9.235406,0
10.163196,14.098929,0
9.290538,-4.091457,0
7.0886583,0.6343663,0
2.1736286,15.4100065,0
8.907897,-4.9780674,0
13.977321,-5.237335,1
19.268236,2.4432786,0
-2.2552698,3.3636677,1
16.63215,8.682833,0
6.1618323,5.0748096,1
9.483318,10.367726,1
15.699487,10.031007,0
-5.299727,-2.528467,0
7.135632,5.07359,1
-3.8376029,12.755448,0
2.1192706,17.560013,1
-5.22984,-0.79559946,0
3.1603763,16.40868,0
-1.2211517,-4.2577114,0
2.3456423,15.595112,1
19.182093,4.0110073,1
11.560795,13.302377,1
-4.301323,3.3107426,1
12.433022,-5.3705926,0
11.74661,1.2365824,1
-5.4808784,-2.8346162,0
-0.77972716,-3.5065446,1
-0.7155557,-3.7731292,1
19.60962,2.661306,1
-4.8150654,3.6892958,0
-5.2820144,-0.6874409,1
1.7734132,16.202015,1
2.8367162,16.893133,0
11.036569,-5.700688,1
8.381434,10.064564,1
17.655449,2.468957,0
9.778245,-6.1177278,0
3.9291558,3.588986,1
10.950015,-4.206111,0
11.380393,-6.234104,0
8.448515,9.739252,1
-2.1518195,7.173358,1
17.73565,2.767678,1
9.554692,11.919792,0
3.2636447,1.2746346,1
15.959118,7.869835,1
-5.2074437,-2.1678135,1
-3.2651632,12.261316,1
13.406516,14.270451,1
11.962939,12.838057,0
4.5381513,1.9099888,1
3.4616244,17.210007,0
5.8952103,1.1009188,0
9.6302,14.551578,0
19.484978,3.6434016,0
12.0336685,13.456907,1
-1.2181014,-4.2549095,0
10.494452,14.120947,1
8.055142,4.3329263,1
6.8805256,4.244051,1
10.514245,-2.850194,0
4.7851567,17.304256,1
-1.2937447,-4.3489976,1
7.2584352,5.038676,1
10.846819,-3.3800752,0
5.684704,11.412448,0
4.441147,17.052658,1
15.390356,9.420041,0
-0.9450786,-4.2287083,1
6.376405,5.3394,1
12.2100315,-4.3070426,0
5.741778,3.6006587,1
5.9138393,11.373824,0
-3.8760095,12.712656,1
16.990242,1.7281338,0
10.197992,14.479247,0
13.671703,14.941376,1
13.023128,15.660276,0
13.64398,6.7999716,0
10.3293705,14.505553,0
-3.9935951,12.615831,1
-0.97282296,-3.5441306,0
-3.4280765,13.569033,1
9.787965,13.596428,0
9.508595,14.093795,0
11.323918,-2.915433,0
7.667499,4.54147,1
12.983911,6.862697,0
-2.6355393,-0.28593332,0
4.79264,3.19937,1
-1.5742413,-2.9933724,1
8.71703,-4.4346633,0
13.52128,-4.4780455,0
3.192579,1.0014796,0
11.314431,-6.2877393,0
18.011112,2.364327,0
15.73554,3.5196798,0
7.029105,12.173528,1
6.960409,5.348562,1
18.75046,3.0624492,0
-5.508771,-2.9414563,0
15.318297,7.9298015,0
8.737367,10.463541,0
-2.737528,-0.4920476,0
15.819898,6.743565,1
11.0105915,11.49428,1
-3.1147673,13.962826,1
-1.7663682,-4.917147,0
10.2501,6.988985,0
18.523993,2.377311,0
19.30339,3.0746832,0
-4.572465,3.4701967,1
18.932446,3.3798382,1
10.386149,13.973932,1
13.65261,7.4876614,0
6.940277,1.0842075,0
10.351337,7.6177263,1
-0.6725385,-3.6681054,0
4.090504,3.7275496,0
10.254525,11.648839,0
13.92648,-0.19134006,1
11.836995,6.7717767,1
9.7247,13.898376,0
16.05039,6.962896,0
10.473084,6.619153,0
8.6843195,10.3288145,1
8.553547,-4.593597,0
-0.83485794,-3.4834924,1
8.3227625,-4.675572,0
11.364565,-5.263338,1
10.351917,14.521214,0
10.993288,1.1386558,1
7.3361325,4.6761284,1
6.590668,0.5820575,0
12.630521,3.8506453,0
-2.3859556,8.096736,1
-5.337572,-0.62556016,0
10.504236,-6.1471405,1
15.707406,6.5901814,0
-1.0199014,-4.223668,0
12.311051,-2.3616607,0
-4.933035,-1.5237437,1
8.996282,9.463985,1
3.3743436,17.239817,0
13.932767,14.458762,0
12.065595,-2.881149,0
10.125573,14.521133,0
18.342834,3.7574413,0
-2.613866,-0.2999046,1
14.159497,-1.118801,0
4.7673106,16.91546,1
6.0079207,3.4319549,1
16.794195,8.396678,0
9.738556,-5.7013903,0
15.736402,6.7258825,0
2.8138154,15.33474,1
-3.2935412,12.258465,1
7.4116545,5.06567,1
19.480658,2.329034,0
6.144429,2.522761,1
12.444615,3.266977,1
11.358565,-6.248483,0
19.078022,3.8344529,0
1.5574471,15.573234,1
17.100473,1.6928506,1
-1.8097457,-4.9110494,1
8.487487,-4.8688273,0
3.2937248,1.2859178,1
13.087839,6.7786875,1
12.863483,-5.3976336,1
13.291138,7.1691356,1
12.911184,-4.378526,0
-2.082204,4.092929,1
-1.4715677,4.009514,0
9.530303,11.993599,1
11.14072,-4.772941,0
15.964675,6.950277,0
13.117565,-5.7471223,0
9.171254,9.702557,1
11.793456,-3.827329,1
-3.300338,13.892161,1
17.86812,2.9464462,0
8.425381,9.680587,1
6.579408,11.557908,0
6.266651,3.9885118,0
12.354246,3.1981397,1
-2.464925,8.205451,0
10.349841,12.009646,0
-5.189388,-2.5120134,0
-1.4407278,-3.0551407,1
13.858528,14.77488,0
-4.512395,3.8472316,1
13.486306,7.6949778,0
18.149591,2.0419655,0
9.800716,13.617789,0
3.8843713,1.5760826,0
11.387671,-6.2194424,1
14.263872,-0.7943652,1
10.699263,-4.577851,0
-2.8126755,7.4784703,1
2.2837627,17.715212,1
8.67168,9.979489,1
15.990871,3.6369264,1
10.281471,7.7133603,0
18.02416,1.2564323,0
12.964799,-5.694735,0
6.2459373,5.207813,1
13.485237,7.1832147,1
12.303914,3.381371,1
-3.4297066,12.232052,1
-4.0429273,12.424722,1
11.9566965,-6.3773713,0
11.431938,-6.206167,0
2.7990124,15.271149,1
15.718141,3.802997,0
4.3514495,2.9170444,1
19.614035,2.25201,0
14.015372,15.108773,0
12.616546,-3.1341574,1
6.2714887,2.0710886,1
8.681954,10.308987,1
13.950351,-5.4909396,0
8.455711,9.906589,1
18.760397,3.4911711,1
-2.1159508,7.290703,1
14.02265,4.1041937,1
9.45677,-4.2242703,0
10.91254,-4.7602606,0
18.503714,3.2359612,0
13.4960575,7.245539,1
13.202707,14.422996,1
2.0060837,17.367088,0
13.886222,-0.11448246,0
-0.9187369,-4.2927985,1
1.7766819,15.451816,0
6.09953,2.6381638,1
8.658919,9.494877,1
6.434425,4.8833337,1
1.9356619,16.06922,0
14.232077,-1.0596682,0
18.721354,1.5670334,1
6.63538,12.020806,0
12.310274,-2.911397,0
-1.58166,3.9621475,0
12.775023,-6.436172,1
-3.9970405,12.136375,1
13.610515,15.496924,0
9.421468,-4.734907,1
3.52018,16.062132,0
18.510715,3.147506,0
3.9098122,2.9256918,1
18.657146,3.9513378,0
-2.2903104,3.3691802,1
-5.353828,-0.6230495,0
6.919722,0.544323,1
13.845063,15.3504505,1
-1.0588114,-3.5534139,0
3.561007,1.0176103,1
14.163385,14.47785,1
19.351807,1.9597372,1
-4.0771613,3.4836204,1
12.741858,-3.108307,1
7.317126,5.2980905,1
9.71962,10.888371,0
15.423653,8.904892,0
16.577578,8.772676,0
8.09596,4.391071,1
18.756672,3.3099885,1
-1.9505359,7.97897,0
-4.0042353,3.466926,1
6.6976476,0.66290003,0
15.781778,10.085945,0
11.3203,-5.7647686,1
11.984684,3.3701253,1
11.314594,1.5600678,0
13.471642,7.68688,0
-5.1423182,-0.8173837,0
11.99531,12.813052,1
12.728767,13.9224615,1
12.454624,-5.2662883,0
-5.3940816,-0.5735413,0
19.106213,2.807562,0
11.941377,12.959932,1
10.265908,7.0880637,0
-4.1820264,3.3784153,1
4.8741503,3.2454257,1
-4.622869,3.8769674,0
-3.2665257,14.029995,0
-3.4111521,13.333862,1
12.290377,-2.226295,0
1.9902971,17.48882,1
-4.314739,3.5483675,0
-5.477945,-2.916993,0
13.345207,7.193463,0
5.719054,11.359169,0
12.892401,-4.5915194,0
12.222522,-6.0130453,0
-4.241856,12.258008,1
4.755136,17.313707,0
-1.7414863,-4.900451,0
11.668896,1.101254,0
3.1751292,16.930023,1
3.2669137,16.088572,1
9.646714,12.055518,0
3.208584,0.927973,1
-2.382293,8.112003,0
12.736692,4.3316293,1
7.9971128,3.9425635,0
13.46269,-4.29388,1
12.274505,-4.2297783,1
3.8548565,1.8270924,1
12.321876,-5.777343,1
19.09782,3.7968714,1
5.7517715,1.4575609,1
15.819291,8.934986,0
15.183428,8.141564,0
9.540117,10.696484,1
19.218695,3.8525398,1
15.625131,9.224002,1
-3.9683948,12.671103,1
2.4859679,16.863516,0
-2.8407288,13.127017,1
-2.731274,7.887623,1
-4.178832,3.7362187,0
11.788629,1.1144693,1
13.736596,6.971724,0
-2.134416,3.4839075,0
-1.2381772,-4.0221224,1
14.136668,3.956616,1
11.507851,-5.692335,0
-2.7421598,8.289302,0
15.967286,9.876979,0
-2.0638347,8.059402,1
9.375103,10.346125,1
13.9967785,-5.6158404,1
9.869144,-6.001605,0
2.6361654,15.157634,1
16.49127,9.32785,0
6.3871684,0.7268577,0
12.601408,14.016105,1
11.602408,6.6913013,1
1.8330277,15.351353,1
11.408087,-3.8949044,0
16.2456,8.381397,0
6.4506016,3.9460113,1
13.630744,7.948135,0
10.678758,11.962685,0
-1.1240859,-4.287718,1
18.870325,1.3473798,1
3.4398763,17.072401,0
13.067095,14.484968,0
15.310222,8.017669,0
15.578689,9.830304,0
9.720136,-5.746611,0
18.126665,2.7221403,0
-2.8446488,-0.6299982,1
-1.7500256,-4.908728,1
-5.383737,-2.7446768,0
17.643652,2.3731713,1
11.379621,-4.5542436,0
14.07132,-0.6357261,1
5.946178,10.762223,0
4.722022,16.96521,1
12.418765,14.855635,0
10.184358,7.468068,1
13.149467,-5.955131,0
-2.176078,7.098755,0
3.6317973,1.0110412,1
11.102439,2.3318167,1
-1.9188979,7.6297984,0
18.04019,1.2915189,0
16.142914,9.057512,0
17.954182,2.6191533,0
11.134973,12.267182,1
12.072761,-2.5969203,0
5.169145,2.9219825,1
6.2194676,5.340823,1
11.537115,3.0170755,0
10.447126,14.466682,1
15.603165,7.687935,0
13.662045,7.008043,1
19.268707,2.305525,1
15.8181925,9.783701,0
13.537493,7.3257966,0
5.051635,3.064274,1
18.046736,1.8013356,1
8.711889,10.222479,1
12.172908,-5.9107723,1
7.4664373,4.770093,1
1.5522459,15.7806225,1
17.880135,2.8572648,0
2.812953,16.468346,0
15.707004,9.387872,0
2.544646,15.047093,1
6.277963,0.8974911,0
13.896413,-0.23420155,0
6.1912675,10.945238,0
13.155015,14.87019,0
13.744046,14.9067135,1
4.037954,2.931526,1
9.8162775,-4.5292954,0
11.845335,6.3725467,0
10.043073,13.485979,1
3.1877937,16.282885,1
13.464544,-3.942303,1
10.475126,6.6331143,0
-3.2094564,12.310436,1
10.242731,7.5871344,0
-1.775063,-4.2819796,1
10.428016,7.1854353,1
4.3922944,3.518369,1
-3.7131605,12.29104,1
12.441208,13.876385,0
1.6458331,15.7033,1
18.567749,1.8699329,0
11.227633,2.2593505,1
-0.862908,-4.1983595,1
4.4238477,16.976805,0
-1.8180544,4.1234446,1
11.171836,-4.3337655,1
2.3332195,15.066196,1
13.65764,14.217526,1
2.291306,15.576077,1
9.331926,-4.789115,0
-3.0326898,-0.7882222,0
-2.8517466,7.57081,0
13.992546,-5.6059976,0
11.8835125,-4.4739394,0
9.9159355,-5.9150877,0
-5.4263163,-2.8409474,0
16.299572,8.190375,0
3.0330987,16.95906,0
12.320142,-6.5783653,0
-2.7979023,7.6203604,0
18.432196,3.0772898,0
2.0833929,15.392189,1
3.768464,1.1826321,1
19.41842,2.3913581,0
7.090712,0.54978305,1
-4.505712,3.4200432,1
16.575142,8.437192,0
-5.439023,-2.8719015,0
6.3927836,11.194772,1
17.708794,2.5099404,0
10.129228,12.1308365,1
8.920419,9.640567,1
6.044129,10.845975,1
-3.777489,12.738862,0
5.906289,1.0293111,0
11.704954,-5.202882,0
10.1208935,14.471737,0
19.227541,3.096942,0
-4.003823,12.335496,1
18.815601,3.0312035,1
-5.2693434,-0.7825997,0
-1.2035444,-3.1666439,1
14.277751,3.8931582,1
15.399095,9.254674,0
-1.9971764,8.488789,1
8.037689,4.105425,0
-5.225118,-0.8042957,0
17.689669,1.0868666,1
18.95886,2.8320847,0
11.080978,-3.9067802,1
9.3268175,10.169353,1
10.180435,11.644005,0
-4.2476172,12.327172,1
8.443712,9.580502,1
9.38408,10.220596,1
12.628093,-6.4137855,0
14.126271,3.8834717,1
12.5107155,-2.40423,1
17.863668,2.4415638,0
12.378241,13.941097,1
18.444145,3.9551876,0
15.894121,7.962859,0
13.185877,14.950195,0
-1.9976854,3.4922218,1
-2.1339576,7.2815633,0
3.740216,3.1146283,1
-1.6334301,-3.0021777,1
3.474639,0.8012246,1
17.800594,3.7320538,0
17.11205,1.7476168,0
17.795866,1.2431022,0
14.829653,7.409848,1
8.815167,9.615501,1
10.074646,12.016001,1
8.132945,4.220987,0
-2.6965153,13.28815,1
2.6245263,15.302839,1
-1.2347399,-4.078681,1
18.698923,1.4220939,0
17.526926,0.8779897,1
6.205578,5.2245317,1
-2.1557431,7.1897335,0
1.7888947,15.370192,1
13.497393,15.067348,0
10.459073,13.913604,0
5.5824156,3.25953,1
-3.630095,14.0267315,0
4.9724293,2.9231348,1
-3.8298302,12.2005625,1
11.287057,-5.86794,0
7.4073443,4.741669,1
13.05843,14.855327,0
3.1574473,1.131454,0
12.111302,6.381226,1
11.66711,12.858973,0
7.8669724,4.107708,0
-0.76371896,-3.741453,1
13.356206,-5.296196,0
8.678415,9.367961,1
6.1164207,10.977531,0
-5.229069,-2.190082,1
17.408764,1.5000582,0
3.8498127,2.935628,1
8.73851,9.979803,1
10.249974,6.9978786,0
-1.8074483,4.0244765,0
13.943066,-0.75846815,1
-1.574932,-2.9960423,1
-5.1263947,-0.87123376,0
10.117402,-4.478093,0
10.668284,11.504614,0
5.732573,11.310458,0
-4.6768346,3.5344646,0
11.104299,-2.4649158,1
10.2288685,14.411585,0
12.32924,3.6641304,1
7.056941,5.392681,1
12.353712,15.162364,0
-2.187664,7.3186326,0
9.763273,-6.0009217,0
10.8019,12.412209,0
12.362491,12.971012,1
16.109718,9.883956,0
9.852266,12.117447,0
12.250869,-2.0160391,1
5.932305,2.8177464,1
2.3929203,17.633162,1
9.764067,-4.905645,0
-1.6356393,3.8660948,0
5.744398,3.0456147,1
13.588795,7.9107537,0
-0.9494868,-4.249681,0
9.719355,13.909377,0
-4.9017715,3.772073,0
7.1148033,0.94349045,0
2.4185212,17.62311,1
3.6386044,1.6969701,1
4.898801,2.6782396,1
12.36932,13.027385,0
8.13463,4.2296352,1
-3.339242,14.059793,1
9.237613,13.745135,0
13.987683,14.810357,1
3.4242663,1.1589575,1
18.59063,2.6370132,0
10.10243,12.121509,1
-1.8882912,7.963842,1
11.828874,6.414552,0
12.466591,-6.093362,1
15.197329,7.5744514,0
13.783427,15.397043,0
9.861645,-3.4133382,0
11.813852,1.6603761,0
12.208061,-2.093137,0
5.51598,1.5656478,1
8.976287,9.516786,0
9.554994,10.581283,0
9.014813,-5.2425933,1
1.7957598,15.11,1
5.752954,1.0284199,1
10.064506,13.512227,0
10.433935,11.9052105,1
-5.1639824,-2.4386904,0
-0.83034,-4.233336,0
18.251554,3.3822124,1
3.3854663,16.76032,0
-5.386876,-2.7745826,0
11.300861,2.094357,0
6.1449094,2.9874463,1
10.377733,13.835034,0
15.487962,9.731797,0
10.407097,11.743783,0
9.856131,-3.1830509,0
7.064429,0.68187696,0
-1.8185622,-4.928044,1
18.246279,1.5375348,0
8.502437,9.711339,1
13.317859,-5.9332533,0
15.903005,6.6137023,0
2.8289454,16.36775,1
4.0563164,3.7304192,1
19.242916,3.6290205,0
15.999082,9.272614,1
3.859686,1.074825,1
14.023994,-1.1434361,1
16.327728,8.526978,0
13.636306,-4.572847,0
7.063536,0.81854016,1
-0.91599905,-4.313545,0
10.211066,7.5112996,0
19.540363,2.5676448,0
9.773748,-5.4845324,0
5.80886,11.328192,0
9.722751,-5.857239,1
4.1781673,1.0155658,0
15.410453,3.4559119,1
4.435294,1.7089689,1
11.176933,2.548108,1
6.9186115,12.196234,0
2.689506,16.892931,1
19.28588,1.9335327,0
15.672437,9.368123,0
7.200228,4.802876,0
10.967081,11.469386,1
9.485585,10.449028,1
17.517576,1.2377491,1
8.640241,10.305385,1
12.313826,-2.6525621,1
-2.7581,13.277628,1
-5.4469147,-2.8785138,0
12.270497,-5.6831584,0
-2.0056405,8.594169,0
11.9793215,12.835452,1
6.5609794,0.9343801,1
19.147163,4.0065536,1
-2.0941558,3.9232826,0
6.6644735,4.1056776,0
12.670345,4.1414104,0
12.441355,3.2510026,1
-3.6081257,12.815688,1
8.384702,9.753365,1
16.136148,7.151279,0
9.552737,14.218743,1
-2.773159,8.300241,0
10.697434,12.030368,0
5.608595,3.324478,1
11.986602,12.832595,1
13.240984,-5.709262,0
3.4988678,17.29569,0
13.224009,-3.7044334,1
6.94112,1.1176176,0
-1.4968646,4.0067945,0
3.886647,1.8923159,1
12.306495,-5.9408803,0
-2.8088918,-0.5960774,0
11.313199,-4.046419,0
3.9506905,2.9952455,1
5.645099,10.682392,0
10.922067,1.8601831,0
18.580906,1.9654047,0
3.3557384,16.906986,0
15.733994,10.050239,0
13.394,-4.1550198,1
-4.080394,3.3424659,0
19.086262,3.9406035,1
7.752346,4.235768,0
-2.1819093,3.4951673,1
11.031716,-4.599055,1
6.9300704,12.185796,0
-1.9724411,8.593345,1
12.030421,-3.8500926,0
6.248406,11.048049,0
-1.9466773,7.6742725,1
18.012482,0.77109724,0
-3.7205374,12.564032,1
-5.0015,3.9073632,0
12.061599,6.3847504,1
17.56386,0.9715151,0
7.0215216,5.0877957,1
11.013151,1.0002154,1
6.079399,10.909048,0
4.1503277,3.1138163,1
1.6168624,15.390661,1
9.752213,11.910694,0
18.87416,3.4351451,0
4.651876,17.156504,0
11.342698,2.6325166,1
13.870712,-0.1427378,0
18.267614,3.5421793,1
-3.1518764,13.91629,1
-2.5720263,-0.40336993,0
-3.8966417,12.109235,1
10.622939,12.066694,1
11.738085,-5.5706315,0
13.896486,14.756707,0
-4.4202585,3.6784172,0
9.93888,13.541351,0
17.555965,1.306206,0
12.115984,-4.682998,1
10.470062,14.310874,0
-2.890254,8.011285,0
11.8798,6.371313,0
-1.8524244,-3.117618,1
2.0259247,15.229423,1
2.3772962,15.072266,1
17.55237,0.93634266,0
9.708016,-5.0441847,0
16.061676,9.410318,0
12.3881235,13.017853,1
10.252872,7.3393674,0
13.636822,-4.2265196,1
11.032505,-4.1273484,0
12.735594,4.2567806,1
12.349983,-5.289965,1
2.4836733,16.902807,0
6.155873,3.0924053,0
-5.2628384,-2.5075874,0
15.383182,9.248668,0
-0.8617234,-3.4945338,1
13.7026825,-5.2437816,0
10.189937,11.636441,0
5.6294475,3.776472,0
12.305533,13.747568,1
12.404109,-5.310216,0
6.577888,3.982645,1
12.215102,3.0234847,0
15.8904085,6.586884,0
2.5400856,15.080764,0
6.9016004,5.1229944,0
6.3437653,11.18524,0
10.460667,12.036276,0
15.456696,3.5732422,1
9.4127445,-4.0045094,0
4.6305695,17.196718,0
10.024432,13.492577,1
12.009548,13.429796,1
-1.7346032,4.165217,0
9.730771,-5.767298,0
18.968164,3.824793,1
-3.4830077,13.992428,0
6.2264347,11.402116,1
13.105072,14.661684,0
6.5435977,4.8872614,1
13.196604,-4.46001,1
5.5182824,3.6782737,1
-4.9444165,-1.5061921,1
13.076231,7.0320787,1
4.535076,17.213894,0
16.008215,9.834862,0
16.458517,8.759451,0
13.181555,6.626808,0
8.734397,9.681656,1
-3.3104074,12.305814,1
13.375655,14.272482,1
-1.9727976,8.393726,0
13.7278,7.0492935,0
-5.4283814,-2.8406076,0
13.97864,-5.6595807,0
3.284784,1.0876696,1
9.526636,10.94301,0
18.601665,2.319311,0
-3.9956656,3.4228566,0
4.889843,3.665185,1
-1.2588847,-4.0019813,0
11.984574,1.5329374,0
4.5519476,2.1006298,1
6.203804,5.186163,1
16.376503,8.65376,0
14.603933,3.7106872,1
6.7469788,4.13891,1
2.9170594,16.887737,0
9.564027,11.957974,0
13.598636,-4.5895386,1
3.9522839,3.0629797,1
9.238244,-4.7836967,0
13.373247,7.6584764,0
10.531431,11.421908,1
8.183987,4.136374,0
15.820675,9.4569435,0
10.210593,11.578154,1
15.241553,8.013712,0
-3.0806184,12.755195,0
13.39378,-3.8133733,0
19.648872,3.3256094,1
3.421419,1.0577394,1
12.74419,-6.4702396,1
3.9540434,3.1259766,1
13.830427,14.457353,0
19.411823,1.8799939,1
6.340464,11.220275,0
12.0043125,-6.0179744,1
10.481461,6.7308207,0
10.207189,7.6360865,0
17.74372,1.5111465,0
4.530398,0.9642211,1
8.27148,4.2464647,1
10.232967,11.594476,1
14.1208515,-0.6192905,1
8.4037,9.607096,1
2.1198008,17.575613,0
13.731658,7.0315447,0
16.12504,3.723999,1
6.912973,4.262125,1
10.8425665,-4.393979,0
-2.991963,13.899792,0
9.536147,10.554733,1
10.009296,-4.0175824,1
-1.7008688,4.119137,1
12.394696,2.474653,1
-1.9631721,3.6914468,1
8.423259,9.98865,1
2.6819947,15.167711,1
18.432549,3.3212736,0
-1.2555727,-4.225815,0
-5.5307,-2.9706767,0
10.016089,13.493594,1
4.9120874,2.9497986,1
8.127385,4.3429503,1
-3.806678,12.61057,1
19.128119,2.2076836,0
2.0955894,17.557905,1
4.7605424,2.7660537,1
-1.7192117,3.845817,0
13.684243,-0.5195956,0
12.955592,-5.6583953,0
7.5769544,4.2816377,1
4.292156,16.595076,1
1.5954549,15.775603,1
-3.3589845,13.9014225,0
-2.6756794,-0.48619646,1
-1.8946222,8.3655205,1
2.12171,15.997346,1
-1.8212789,7.8361554,1
10.784876,11.50271,1
18.651178,3.21778,1
18.502827,3.037783,1
-5.207388,-0.7772193,0
-2.8406045,7.951718,0
-1.8556427,-3.4061387,1
14.179446,14.7237625,1
-1.9605323,8.520037,1
9.762417,-5.9899096,0
-4.4403625,3.847644,0
-5.183867,-0.8490509,0
-4.6061463,3.5399194,1
8.702049,9.206939,1
13.894255,6.9749618,1
6.311737,4.0142407,1
17.567265,1.8744859,0
2.5524342,15.15371,1
8.7584305,-5.2333536,0
-3.8760428,12.500222,1
13.318179,7.165556,0
-2.339591,8.229464,1
11.495131,0.85431105,0
12.658723,13.888277,1
19.318632,3.163867,0
-3.133651,13.634047,1
6.042489,0.50016195,1
12.369511,13.005558,0
-4.4230475,3.5747492,0
15.344949,3.4650416,0
12.937989,14.008831,1
-4.8517404,3.862879,0
8.397506,9.88616,1
11.189005,2.458906,1
-1.7986223,4.0876555,0
6.1845345,2.525813,1
6.2366548,2.6157467,1
13.906363,6.9581723,1
15.523258,8.0121975,0
2.5118742,15.118683,1
2.384524,15.5602665,1
17.795786,2.3293042,0
12.894799,-6.42879,1
10.312538,-4.157991,0
12.106894,-4.232487,0
6.391173,4.9184303,1
4.7920027,2.2353823,1
18.225115,1.3323115,0
13.438165,-3.791762,1
4.0756984,1.0972862,1
-3.5875578,13.652857,0
12.701086,-3.0420206,1
4.9022946,2.986678,1
12.081624,2.8026607,0
16.118114,9.870756,1
-2.2293193,8.184766,1
-2.735797,-0.28688097,0
-3.6669927,13.727466,0
15.433012,7.689405,0
5.860664,1.3278359,1
12.410896,3.200623,1
-2.3088527,6.964083,0
-2.6505263,-0.28852704,1
5.8501844,3.4049916,1
-1.1574938,-3.1543448,0
14.226293,-1.0981698,0
-4.667606,3.5474274,1
5.860973,2.933386,1
5.5858393,1.3806087,0
12.421124,-5.6597257,0
16.400211,7.7077503,1
13.403998,7.8667326,0
9.918297,11.922912,1
12.138389,-3.4819546,0
13.097639,15.645297,0
3.9889195,1.1093702,0
6.735276,12.021086,0
11.688716,3.1397066,1
6.8884597,0.7343322,0
6.56438,1.0909783,1
2.0608263,15.809087,1
6.2894707,1.0641426,1
5.5207677,1.5765907,1
-5.25209,-0.76300114,0
12.315298,-2.4316843,0
15.797488,7.007931,0
2.8008816,16.500296,0
12.048409,12.826706,1
-5.399961,-2.8032842,0
11.703772,6.7819567,0
-3.9424577,12.624503,0
11.847615,6.451402,0
15.55992,3.7209082,0
11.787192,-3.5964289,1
14.230512,14.828416,0
11.850602,-3.6897233,0
-1.8333255,-4.7066746,1
13.152466,-4.7031174,1
9.583239,-4.465676,0
13.477428,7.208786,0
3.3538718,0.90828437,1
8.34739,-4.422186,0
10.421053,11.478423,0
4.678706,1.342217,1
5.65362,1.4209627,0
-1.7871826,-4.9184375,0
18.93109,3.9800014,0
6.02985,10.798228,0
4.3218145,17.099998,1
4.28691,0.65972376,1
10.417859,-6.06061,0
-1.6319038,-3.030411,0
16.169281,7.859495,0
12.758228,14.716139,0
-2.8886154,8.062994,0
16.12241,8.575295,1
10.712819,11.435506,1
11.742819,6.5398684,0
9.796696,-5.240029,0
6.370464,4.874112,1
18.267832,1.4632521,0
3.7309704,3.0921037,1
-1.6486788,3.8635228,0
13.619277,15.411242,1
8.332298,-4.6354833,1
-3.1785703,14.157274,1
10.324913,7.640278,0
7.463026,5.076922,1
10.137008,-4.4727454,0
10.195493,12.077822,1
11.960409,13.057846,1
10.516611,6.625107,1
-2.934284,13.152326,1
13.586338,14.759037,0
-3.383727,12.173148,1
2.578886,16.550978,0
11.635538,0.8550146,1
-1.9654115,8.57692,1
6.107431,2.6073236,1
12.425108,-6.520048,0
10.308726,11.550836,0
16.46375,8.720241,0
12.193086,15.635053,0
18.134281,1.1423342,0
13.128574,-5.364645,0
11.780167,-4.6548553,0
-2.1169245,3.7661889,1
3.2832437,15.853364,1
12.173884,-6.0992794,0
10.197175,7.564162,0
19.544113,2.5349562,1
13.026441,15.0473,0
12.540159,3.8322966,1
6.125928,0.7432986,1
1.9914306,15.291524,1
4.459521,2.4853663,0
18.95671,3.7816982,0
1.6891676,15.532358,1
5.971638,10.869484,0
2.5577507,16.94599,1
-1.9149704,3.5843966,1
19.601076,2.2229078,1
-2.7127182,8.452155,1
9.997763,-3.3225918,1
-1.7991577,-4.908997,0
15.88903,7.033132,0
7.474577,5.069762,0
3.6947935,15.938112,0
2.6292658,16.910526,0
-3.558865,13.344039,0
11.914559,12.855497,1
-2.7808607,7.565945,0
14.400875,3.8003256,1
12.32078,-2.3417127,0
-0.56231,-3.523894,1
-1.9571813,-3.12455,1
13.396386,7.216467,1
13.70959,-1.1181716,0
15.879558,9.983873,0
18.594501,2.338816,1
13.863338,14.820162,0
18.411669,3.2667933,0
-2.5341053,8.364189,0
19.275726,1.8563485,1
10.311781,11.666526,0
13.157403,6.638112,1
12.463208,3.6879308,1
10.910063,-5.083526,1
14.259536,-0.71305317,0
-3.3805883,14.1062155,1
6.1286488,3.1835747,1
4.5649877,1.3821542,1
-2.7189858,7.9792037,0
2.759858,15.245201,1
-2.4835887,8.466592,0
-2.8968334,8.055008,0
12.6388855,15.592612,0
-5.1612487,-2.509786,0
13.771328,15.2786,1
11.058737,11.74992,1
7.0327516,0.9240126,1
3.4176383,17.186201,0
11.8202095,-2.2366986,1
8.772218,10.128677,0
4.016784,3.2003512,1
-2.80623,8.352678,1
6.862019,12.123929,0
9.8327675,12.127488,0
11.238796,-3.0475109,0
3.79663,3.6091042,1
-1.7792,-4.7945533,1
18.78673,1.6055702,0
5.59879,1.3422195,1
13.016714,-5.895235,1
-3.1382253,12.479404,1
16.629753,8.605886,0
-2.8252616,8.344678,0
6.645333,12.032354,0
6.9957924,1.0698019,0
12.134431,13.314484,1
19.320686,2.1107028,0
13.531258,4.1906943,1
-2.6874785,8.463359,0
10.291947,14.438952,0
12.964815,15.490767,0
-2.7959201,8.345484,0
8.371376,-4.5957484,0
12.603243,-3.180525,0
-3.8393285,12.375467,1
3.3452547,16.834127,0
-1.0039275,-3.4726737,1
12.204963,-3.24215,0
10.957651,1.6438359,0
9.283765,-5.6883755,0
-1.8642082,-3.5689034,1
-3.0563054,13.89283,1
-5.2111187,-0.7826474,1
-4.2844167,12.267609,1
-1.6127983,-2.9856913,1
13.552854,-6.0569997,0
7.114182,5.3147235,0
-3.3923292,13.403815,1
2.1049104,17.03462,1
15.887727,9.920799,0
12.833889,-5.252328,1
2.9635577,16.76839,0
7.266777,0.81761837,0
3.037787,16.88457,0
10.359888,-4.4219627,0
9.548653,10.639677,0
19.208942,2.340557,1
15.303766,8.955379,0
9.7499485,14.654381,0
14.253851,-0.5608293,1
9.541108,10.62219,1
4.127331,1.1026325,0
-5.0141134,3.909165,0
10.11313,13.335887,0
19.074598,2.7132368,0
11.182334,-6.225832,0
12.340688,12.968689,0
4.4780197,0.90711856,1
-2.642507,13.209738,1
13.7706375,-5.6393037,1
1.7551473,16.241806,1
12.894735,14.050279,0
15.151733,7.9887,0
13.858342,15.237934,1
13.701329,-5.661498,1
-3.20473,12.319152,1
-5.142426,-0.84772855,0
11.824259,6.3926764,1
11.97323,-4.4972725,1
15.574229,9.493423,0
17.828049,1.703807,0
10.496268,7.1877866,0
6.8209763,4.9702463,1
12.438205,2.6356363,1
3.5117302,0.77479553,0
5.541155,10.70598,0
11.366371,1.5576606,0
4.928751,2.6755247,1
-1.9776669,8.455409,1
13.55763,7.4763784,0
4.185347,3.7219203,1
8.884686,-5.27636,1
-4.0488157,3.4037907,1
12.8857975,-4.8358245,1
6.3467197,5.3380857,0
6.339667,11.175504,1
5.5415463,3.2862694,1
3.9352374,3.2560463,0
16.021246,9.315347,0
18.713055,2.1129303,0
-2.1727746,8.220817,1
-5.146363,-0.92508614,1
-4.412236,3.7609503,0
17.104286,1.7201273,0
1.6592748,15.274266,1
11.756707,-5.9982357,0
-5.227301,-0.7406406,0
12.881062,-6.1627812,0
-4.9387035,-1.5122621,1
8.410513,-4.899239,0
13.515515,-0.90563434,0
-2.8269663,7.6927447,0
4.50433,16.523075,0
3.0616226,15.824019,1
10.98742,-3.4917738,0
-3.70095,13.99627,1
12.292299,14.345793,0
4.2964325,2.9745793,0
8.761436,9.780026,1
13.1296,-6.365019,0
-5.1957946,-0.83352554,0
11.202296,-6.4458375,0
8.207001,4.4140215,1
13.351288,-4.3484993,1
4.383322,0.7452527,1
-1.7618728,-3.390308,1
-3.07328,13.615675,1
2.0645976,15.686374,1
14.240331,-0.62731224,1
-1.9153315,8.393547,1
10.903375,11.547217,1
12.532553,15.203414,0
-1.7682862,-3.4134924,1
-1.176361,-3.1176555,1
18.747215,3.9568627,0
9.943907,13.629043,0
13.850135,-5.085634,0
6.3826723,4.826745,1
13.872141,14.296518,0
13.616164,-4.72151,0
16.43792,7.7091703,1
2.5052347,16.857664,1
1.6551541,15.248197,0
10.876268,-3.0424845,0
6.0485125,0.46941516,1
-1.3961382,-3.7917624,1
12.196414,-5.47535,1
9.858553,13.579181,0
15.347047,3.4186604,0
2.1788538,17.517086,1
4.6189027,17.037994,0
-2.321463,6.9388857,0
15.268153,3.469461,1
16.200127,8.333971,0
13.335908,7.1723547,0
16.332174,7.762493,1
15.951587,7.121099,0
15.837319,6.7817974,0
11.3472805,-4.05858,0
10.202966,-3.1390827,0
11.57545,-5.958135,0
3.6005375,1.7926859,0
-3.7566833,12.600747,0
-1.1760923,-4.2626452,1
8.903025,-4.0762177,0
6.2134023,5.2146015,1
12.547887,-2.502515,1
-2.8538873,7.615586,1
3.8845334,3.6324842,1
13.957987,14.531608,0
19.520216,3.59349,0
-1.5639337,3.9235234,0
-2.0919018,8.488393,1
9.9461,-6.121376,1
-4.913013,-1.5262091,1
5.639208,11.382869,0
10.063921,14.565835,0
12.338356,13.091014,0
-5.4819307,-2.919623,0
-3.7418172,12.579954,1
18.767384,2.324737,1
10.505101,14.406172,1
12.248227,-4.097443,1
10.261418,11.575768,1
16.531666,7.8470883,0
12.805263,-3.7447572,1
10.0204935,11.764076,0
-4.9713917,-1.0520539,1
-0.67052966,-3.6687925,1
-1.787702,7.8743796,0
-2.9438617,-0.7116392,1
19.368534,3.3256965,0
-1.2501825,-3.1548498,1
18.947393,3.7258346,0
9.828099,-5.485644,0
11.895482,-5.769699,1
-1.8577784,-3.4265325,1
11.486283,0.9213553,1
12.326706,13.166204,1
5.538433,10.707663,0
12.833006,-3.5483966,1
8.385679,-4.83288,0
8.298685,-4.685143,0
2.63384,15.135074,1
15.671907,3.7926326,0
5.683356,10.785352,0
12.426907,-3.601925,0
16.316877,8.047601,0
11.736863,-2.349023,0
11.128355,0.7707964,1
8.4082,-4.921813,0
10.465992,-2.7694414,0
8.510192,9.742309,1
4.165112,1.6647049,1
12.134528,-2.4201324,0
4.6015534,2.1950045,1
12.261663,15.509183,0
3.059082,0.9990124,0
17.854454,2.357191,0
13.939042,14.781155,0
-5.4094334,-2.7927387,0
6.8746576,12.064557,1
14.100928,-0.6818428,0
12.91485,-5.683464,1
-1.7136906,-3.0200722,1
2.4269805,16.869728,0
9.911126,11.769306,1
2.8405604,16.489346,0
10.348174,-5.9008284,0
12.442148,3.7034457,1
12.489094,3.0954309,1
11.628707,6.8887877,1
19.367697,2.4628358,0
12.294254,14.251731,0
13.101004,6.633568,1
14.016423,14.606227,1
4.6777945,17.074474,0
10.320858,14.0441065,0
-2.7960925,8.503176,0
11.666979,-5.835286,0
9.022204,-5.5047164,0
12.351998,15.144476,0
5.8191986,3.4295104,0
5.2570996,3.0597932,0
11.658074,-6.475604,0
14.289721,-1.0622492,1
8.723494,-4.2964616,0
2.7382264,16.8466,1
8.548176,9.473492,1
12.369284,13.022977,1
1.9000646,15.692553,1
-5.1009607,-1.0607351,0
9.883935,-5.848505,1
-1.9236414,7.9680734,0
-3.7318149,12.62554,1
13.551441,-5.337566,1
16.175053,3.5249321,1
-5.085695,-0.92829806,0
13.860584,-0.98025596,0
3.0419285,16.12099,1
14.048924,15.183809,1
10.66105,13.760603,1
-2.7575228,8.4644,1
9.874106,11.823394,1
15.925652,6.743306,0
3.9653227,3.564018,1
18.155298,3.62329,0
19.3133,3.2684069,0
-2.21521,3.4024975,1
13.3234625,7.1212177,0
-4.2802334,3.4569514,1
8.652699,-4.203088,1
19.058054,3.9345872,1
10.411673,11.476431,1
-1.9358492,3.8521903,0
5.939136,1.4789753,0
3.5840805,15.880964,1
13.675454,-5.4004707,0
15.283216,3.477393,0
11.310303,0.97395873,0
7.330472,5.235022,0
11.02427,11.985552,1
10.745152,-6.058708,0
17.605646,2.625036,1
10.93827,0.92444086,0
3.6664984,1.6384794,1
13.963143,14.539263,1
13.346178,7.263856,0
9.720134,14.638085,0
-1.1481683,-4.2246757,1
13.406442,-3.736913,0
8.495032,9.998673,1
7.049452,0.69238895,0
18.253647,1.2054061,0
3.4460316,17.260643,0
-4.9704695,-1.0246509,1
7.3534017,5.2470803,1
13.248192,14.946815,1
12.286795,-3.9068632,0
13.405515,-0.8936976,0
3.2414165,15.887595,1
8.675837,-4.3405695,0
17.358915,1.9655156,0
6.5461793,0.8469636,1
4.12381,3.5689194,1
5.180023,3.3366454,1
12.310612,3.24097,1
9.268353,13.901218,0
-3.5262132,12.428212,1
13.997369,-0.84179294,1
12.343456,-2.069411,0
4.8069477,17.329205,1
6.248174,5.3170657,1
16.071672,7.1791577,0
12.32926,12.958415,0
-4.38937,3.5006814,0
12.944736,-5.418553,1
17.352032,1.5849978,0
-1.1795127,-3.1278439,1
10.226634,-4.919952,0
10.013678,13.50306,1
10.730334,11.417041,1
19.287916,3.3724456,1
2.3430457,15.0866,1
12.269543,-3.8582003,0
3.1380072,16.900461,0
10.087202,14.52691,1
3.4534535,15.97509,0
3.9158113,1.8857726,1
-2.733777,7.539562,0
9.835844,-3.421733,0
15.452392,8.119919,0
5.5252624,3.4918227,1
13.161453,14.308416,0
5.8904243,0.71148455,0
4.193185,3.5631185,1
-2.8645623,7.653245,0
18.165546,1.1561323,0
10.385037,11.689125,0
-1.8139141,8.026156,0
15.805702,6.5473313,0
3.8459778,0.9236988,0
9.524425,10.535059,1
-2.1401587,7.5483966,0
9.777443,-6.0047736,1
3.3005357,16.762375,0
3.801808,15.991641,0
13.4946785,14.64015,1
-1.5104154,-2.9913657,1
13.6695385,-4.524611,0
5.41715,1.1515619,1
10.138929,14.042726,0
-1.5007358,-3.8673027,1
1.8185163,15.654388,1
13.194039,-4.547684,0
-3.748863,12.173519,1
-2.714542,7.559018,0
16.590082,7.852715,0
2.383536,15.076394,1
19.13085,1.5526474,1
6.044637,0.52532625,0
14.0401325,4.154941,1
-3.7352786,12.588348,1
15.635832,10.0549555,1
18.543243,2.9670677,1
13.961807,14.552801,0
11.035969,12.047569,1
-2.1918683,7.5806966,0
-5.198556,-2.0825176,1
-0.8051592,-3.48981,1
16.0581,9.727523,0
8.379536,9.813591,1
5.3597765,3.1705716,1
13.1093445,-4.004833,0
5.616916,1.2471722,1
5.841309,2.9043088,0
12.583083,-6.4288645,1
11.203649,-6.35008,0
6.3003182,5.2690516,1
12.047852,-4.051055,1
15.335811,7.612504,0
7.484176,4.960041,1
-4.943138,-1.5276607,1
-2.199919,8.564276,1
6.2683344,5.282847,1
2.031402,17.439592,0
4.3700213,1.6139499,1
9.393935,10.197869,1
19.14341,3.462153,1
-2.8352938,13.165551,1
12.179867,3.3599536,0
-2.3099754,6.9774375,0
-3.115148,13.577949,1
-1.8201433,3.746515,1
2.8961606,16.391815,1
6.9610224,12.151826,0
-2.8007,-0.5684149,0
12.19123,3.0325937,0
6.1791463,4.961915,1
9.980404,-5.478721,0
13.444074,-5.4728394,1
-3.264376,14.038694,1
11.860894,3.237812,1
12.72075,-2.7878118,1
6.146836,2.8823287,1
11.68314,-6.5375504,0
16.62361,8.448395,0
13.325227,15.4538145,0
10.875183,0.95433134,0
19.449999,2.4144614,0
-1.7868719,-3.5500214,1
6.621197,4.8100624,0
16.515139,7.8201594,1
8.827808,9.787113,1
12.562117,3.789454,1
13.644801,-0.45299065,0
15.545887,8.203329,0
5.888828,11.35469,0
-1.8100426,-4.933356,1
12.922329,-5.7168584,0
5.16094,3.7535214,0
-2.6039488,-0.3066366,0
12.277239,3.3776698,1
-4.7773194,3.757023,0
14.067453,-0.31018934,0
4.6986675,17.023296,1
-3.6688585,12.168869,1
14.008787,14.747411,0
9.245093,-4.0865126,1
13.637027,-5.7755084,0
3.6431074,3.3644032,1
9.457221,10.016862,1
6.96569,4.11194,1
9.750624,14.349911,0
12.240943,15.654038,0
-3.3250015,13.346574,1
14.227951,14.761737,0
13.63835,-1.1398056,0
12.465983,-6.031614,1
12.898034,-3.9053664,0
11.663057,0.86017865,0
15.550502,8.075583,0
13.807121,7.02145,0
-3.244919,13.540274,1
-1.0888215,-4.589267,1
-1.3804146,-3.9259133,1
7.26186,5.229851,1
4.6001544,0.83917,1
17.573591,2.9102864,0
15.495734,3.6734006,0
-5.232364,-0.739236,0
-2.8644793,7.558385,0
11.714103,1.2538354,1
8.376116,9.975896,1
4.641805,0.8157898,1
9.21615,10.018927,1
12.426731,13.833978,1
10.198852,7.139728,0
11.431835,-6.0679297,0
-3.2729602,12.715793,1
-4.280261,12.297645,1
-5.1397586,-2.4543068,0
12.0542965,3.219558,1
-5.1074033,-2.432019,0
13.013865,14.949044,1
4.2473507,3.4892967,1
4.9193773,2.9443512,1
-4.0529394,3.7127755,1
-2.117993,7.226402,0
6.902602,12.194036,1
4.379398,17.072716,0
-2.100976,3.729119,1
10.619451,11.503491,1
11.693672,-3.8313255,0
8.548038,4.2218623,1
9.584325,10.487905,0
19.260715,3.0154371,0
12.253833,15.536239,0
17.559868,1.5168532,0
12.236777,3.2367072,1
9.524291,10.513321,1
4.107125,3.6636407,1
14.125322,14.494986,0
4.3677654,16.928648,0
5.5600386,10.699099,0
-2.226879,7.7567663,1
-5.2162895,-2.1001463,1
-5.2621093,-0.7049397,1
7.2447186,5.232905,0
-2.821778,8.3441515,1
12.938737,-5.648175,0
12.789444,-5.3123345,1
19.445354,3.7801306,0
6.3446,5.210691,1
8.983506,-4.071894,0
16.215582,7.740111,1
10.772472,-3.4835896,0
10.583957,11.945957,1
15.817588,10.076335,0
-1.3528681,-4.1143613,1
11.196465,-6.4267874,0
3.5511959,1.564576,1
-3.5228105,13.2953205,1
9.758044,-5.831128,0
17.792551,3.3578784,1
-4.731239,3.7075868,1
14.19421,-0.7895192,1
19.369865,3.6967916,1
3.9838398,16.031609,0
17.528198,1.5368426,1
7.421789,5.223397,1
-1.8198847,7.8433924,1
10.804006,-4.7269382,1
12.243514,-3.7411191,0
-1.7901517,7.8745193,0
2.8010201,16.127993,1
8.661603,9.246186,1
15.826401,6.547522,0
10.300521,-3.273403,0
-2.4685683,7.967742,0
13.982177,-5.266721,1
10.250945,6.9709244,0
1.6292135,15.744993,1
3.6015618,15.964739,0
10.2315,7.554272,0
11.214654,2.2798429,0
14.260529,-0.6848608,1
6.9826465,1.0033386,1
-3.366832,12.230989,1
2.8908963,16.18276,0
5.018854,3.5478604,1
1.9592361,15.625459,0
11.012304,0.8399068,1
16.01873,8.739169,0
-4.6086335,3.9373996,1
11.077672,-3.424288,1
9.15143,-4.694553,1
3.9925127,0.587527,1
2.7380369,15.239371,1
-2.0327783,8.604503,0
-2.6617186,8.38239,0
13.3793125,7.206627,1
18.45925,3.923616,0
18.018406,0.74028,0
-1.0889605,-4.5776234,0
15.967813,3.795825,1
8.424402,4.2708087,1
10.36152,14.479097,0
12.23535,-3.8242643,0
4.7160225,17.107187,0
3.0119836,16.970129,0
-1.0842537,-3.2070544,1
18.936123,2.0833068,0
-1.4670547,-3.752024,0
4.374443,3.4526227,1
11.266162,0.77826136,1
9.937375,12.122105,0
12.604575,-6.48864,0
16.566748,7.8459897,0
6.685071,1.0537858,0
14.078935,14.47404,1
15.88888,9.951084,1
15.862066,3.5741851,1
5.7391405,2.6905866,1
7.0405593,0.76966596,0
7.691558,4.223944,1
-5.1177797,-2.4415832,1
-2.3482754,8.103773,0
-4.9593234,-1.8060453,1
-2.9927583,13.7648535,1
16.526693,9.299813,1
3.329051,16.819658,1
6.8490458,0.49061814,1
11.930629,-2.656712,0
7.4893346,4.9132094,1
9.825695,-3.2708673,0
13.496048,-5.3152328,0
12.988681,-4.5195174,0
-1.7320106,-3.0325525,0
16.577518,9.038483,0
-2.6661103,13.186034,1
10.391488,7.567621,1
-5.4197583,-2.8271208,0
6.15519,2.728561,1
13.941527,14.63228,1
10.096768,13.976559,0
1.9561697,15.700187,1
19.589668,2.2268903,0
10.346509,14.488974,1
16.618927,8.3223715,0
12.058175,-5.3772,0
-2.748049,7.603496,0
2.7260597,16.783995,0
3.6062527,15.897579,1
-1.1839523,-4.2790847,0
3.9696014,0.5110301,1
-1.7148776,3.82368,0
16.05783,6.961834,0
10.343756,11.529368,0
12.109436,-6.0432305,0
19.385677,3.6239414,1
19.327045,2.4855406,1
19.211817,2.556504,0
5.6938233,3.789721,1
7.0465946,0.99291307,0
3.6909056,3.2962062,1
-2.5417678,-0.36781132,1
1.9667097,15.705381,1
4.8035016,2.7511876,1
4.3049364,17.119877,1
18.557413,3.0106616,0
2.4912615,15.1089525,1
-1.6267835,-3.0273404,1
18.104633,0.8350532,1
4.6767144,17.01945,1
11.057936,-5.722631,0
6.88604,12.130944,0
4.028496,1.4628506,0
12.874923,-5.075493,0
15.094553,7.649586,1
6.743209,4.1890936,1
15.441246,3.5653982,0
5.594509,3.2407997,1
5.89238,3.4203293,1
6.6417513,4.8796935,0
6.3508735,4.955558,1
9.833934,-3.387897,0
9.737997,14.563424,1
12.564342,14.460408,1
-1.9318401,8.440192,0
-1.7426622,-4.9337864,0
7.9033084,4.129622,0
6.9952345,12.172504,1
11.025298,11.527411,1
8.823832,-5.23682,0
7.0668464,4.106048,0
11.161452,-4.2558794,0
13.049101,-5.8490047,1
4.603785,17.099323,0
8.365981,9.984351,1
-2.6995082,-0.29903364,0
8.58609,4.20046,0
-3.699003,12.28781,1
9.375562,10.372775,1
16.25155,8.492338,1
12.494459,13.893681,0
13.929615,-1.1358349,0
-1.6772456,-4.399438,1
2.8367937,15.3253145,1
2.3256469,15.032993,1
11.504563,-5.8675942,0
3.2612696,16.019112,0
10.422533,7.5442095,1
10.509292,14.356171,0
10.83503,1.6077987,1
3.4893177,0.72492385,1
8.467031,-4.658666,0
17.699926,0.73027766,0
19.466452,2.4201458,0
-4.646419,3.48014,0
4.767287,17.309973,0
15.704375,9.24795,0
12.373718,13.019537,1
-4.5327144,3.8368156,1
6.3488183,5.2581964,1
17.556282,0.91298616,0
-1.4075903,-3.686359,0
5.9769382,11.3760805,0
4.366563,17.071823,1
9.004297,9.370592,0
2.7537665,17.075804,0
-3.3911178,12.642205,1
-3.031246,13.688063,0
6.998191,0.7516843,0
13.393241,7.173479,1
-5.095819,-2.4351559,0
13.53062,-6.089637,1
9.678361,12.061131,1
-3.0347555,-0.69259065,0
16.183107,8.853379,0
-3.8740919,12.148036,1
6.0983176,2.820603,1
10.230187,7.0067115,0
5.990212,10.866203,0
13.725481,15.5011635,1
3.2370503,1.0955203,1
13.618857,-4.152281,1
19.5395,2.7612512,0
4.0663934,3.4943118,1
6.1764736,2.6013641,1
3.1611168,16.221876,1
-3.2741494,13.489609,1
17.80292,3.5791562,1
-2.155753,7.1482835,1
-3.6153753,12.752327,1
9.177189,-5.49663,0
-2.1444294,7.2081914,0
19.07116,3.8854988,1
6.031485,2.6836572,1
11.614212,0.8176299,1
6.084207,3.1092234,1
9.632413,11.932095,0
5.9872875,0.53831387,0
7.223983,5.144156,0
3.3549767,16.697664,1
12.861858,-3.438589,0
9.8251705,14.64784,0
-5.1244993,-0.8627871,1
12.182802,15.581104,0
15.087468,7.6187987,0
-4.0330553,3.371212,1
13.183772,-4.3112707,1
-5.302609,-0.6679705,0
17.68018,3.2063608,0
13.165776,15.080206,0
-3.3341472,13.425808,1
10.880355,12.341845,1
16.451532,7.725523,1
18.113714,1.9660903,0
10.884155,0.9393478,1
2.04609,16.905119,1
17.822533,3.1750932,1
6.141845,2.9603882,1
-1.7370248,4.14669,0
9.418751,10.112788,1
8.43675,-4.4368844,0
18.71064,2.7593489,1
18.512575,3.7962651,1
-2.7465155,7.5489745,0
11.055604,1.529484,0
10.6075945,-4.505573,1
4.476692,16.872469,0
-2.7795691,13.136336,1
7.39931,4.634643,1
9.5784025,14.29068,0
7.4769273,4.823321,1
10.273114,-4.936956,0
18.989445,2.101958,1
17.151112,1.7214992,1
4.5298815,17.133217,0
12.346068,3.006947,1
15.48289,9.031649,0
12.936249,-4.8621325,0
8.622575,-4.295683,1
12.9146595,14.695986,1
16.087116,3.7346346,1
12.289842,-5.1409574,0
12.211738,-2.2148345,1
-4.5219874,3.862019,1
12.955865,-4.1983232,1
-2.1022906,7.294735,0
1.6203823,15.2939205,1
17.104776,1.7069514,0
11.830342,-3.4670389,1
6.745752,12.032313,1
-4.5451584,3.7454967,0
13.511211,7.790603,1
11.18127,-4.228706,0
-5.216756,-2.1736362,1
6.89709,4.794155,1
13.015111,6.5007386,1
6.995247,12.1817045,1
-4.0043526,3.3848245,1
-2.733824,7.830961,0
-4.66642,3.8030748,0
10.331118,-3.993029,0
8.789627,9.933284,1
15.8289,6.4545345,0
-3.7751424,12.535754,1
13.830948,15.311433,1
-3.989132,12.367502,0
-1.9408914,7.671711,0
7.8005147,4.1029716,1
5.72525,3.1030896,1
12.904523,14.749511,1
6.5720425,12.331306,0
13.625833,-1.0205053,0
12.343855,3.3564968,1
10.303865,-5.68699,0
12.928931,-4.667612,0
10.352155,14.496936,0
9.240995,-4.9186654,1
5.9285583,2.5953414,0
12.246078,3.4536276,1
11.550946,0.9207956,0
-1.4019315,-3.051209,1
11.848484,6.434427,0
8.561592,-4.9198422,0
15.673533,7.4172544,0
11.951327,3.3947935,0
10.050347,11.86457,1
8.176448,4.363645,0
-2.4924266,7.961094,1
3.8874812,1.6218055,1
1.5452269,15.583692,1
-1.8426181,-3.5266879,1
9.980453,11.864545,0
13.150555,15.576691,1
-4.945397,-1.4974914,1
16.069057,7.008566,0
-1.4028244,-2.9985917,1
11.8758955,13.260021,1
10.77297,11.403022,1
12.3155775,2.9946997,1
12.327701,12.991492,0
-5.314174,-2.6832316,0
11.34097,1.617783,0
10.976526,0.83514416,1
11.795184,-4.5961037,1
11.556194,-3.2267647,0
9.044978,-4.7731977,0
7.0439405,0.69228244,1
3.7554343,0.83025783,1
-5.3747463,-0.5893769,0
19.674356,3.0497587,1
17.679552,2.0655785,1
11.29669,0.7729599,1
6.253352,0.6505462,1
12.048462,-3.7454672,1
1.7658724,16.274513,1
-3.3884068,12.194673,1
-2.3234215,3.3203976,0
2.016822,15.803403,0
12.390564,13.065744,0
5.6635056,1.4494582,1
13.052784,-4.785278,1
11.049218,-3.989333,0
-3.604461,13.412337,0
7.017478,12.122988,1
6.158564,2.9925725,1
19.289982,3.0592132,1
11.083089,-3.3657508,0
-3.8393571,12.576169,1
4.03138,0.60095125,0
10.051842,14.526668,1
5.6505094,11.347933,0
10.841093,-3.01056,0
10.815026,-2.666227,0
3.823524,3.0797398,0
10.249784,11.604294,1
9.661825,-5.0432577,1
12.21226,15.387055,1
7.0175223,0.5589912,1
-3.1189604,13.619986,1
6.3473315,5.158472,1
18.72073,2.27765,0
11.056582,-5.741685,0
13.602647,15.447564,1
9.34386,-4.6988516,1
15.695316,9.990181,0
-3.1982737,13.853367,1
12.181435,15.560474,0
-2.1557903,7.179595,0
12.396575,13.096947,1
16.193472,8.919487,0
8.605312,10.293507,1
19.60381,3.3233027,0
6.7952957,4.0613785,1
-2.805198,8.384051,0
2.3708897,17.525028,0
10.516935,11.681512,0
3.9931333,16.271883,1
2.463493,17.375391,0
6.02922,11.390812,0
13.042772,-3.1084425,1
9.3738,9.933967,1
3.629663,15.880072,1
19.39005,3.817927,1
13.544388,-6.0959277,0
19.01955,2.089651,0
2.2541227,17.687693,0
11.733589,-6.485928,0
8.262094,-4.570746,0
-2.0406168,4.07625,0
-1.8245287,3.8793344,0
6.4206295,3.9518697,1
17.115559,1.7015053,0
18.739143,1.4238932,1
9.324568,-5.1666965,0
-0.96276796,-4.3098574,0
14.073371,14.514049,1
5.570764,3.7575274,1
-2.800508,7.527698,0
-1.5453513,-2.975115,1
-2.0933774,3.524511,1
5.6849804,1.2038505,0
2.814453,16.501736,1
12.021971,-6.0994825,1
12.251333,-2.095862,1
7.9638677,4.1737967,1
4.1004114,16.831459,1
-3.787365,12.598279,1
8.699876,9.971335,1
4.3577566,0.7338732,1
3.2227292,16.564047,1
-2.197824,7.090555,0
6.082842,10.808377,0
4.362147,1.6890996,1
2.0486786,16.528374,1
3.051017,17.052332,0
13.550164,-3.9678485,1
11.256247,-6.4919763,1
-0.8294756,-4.001087,0
3.6042242,16.02545,0
-1.8241644,-4.90794,1
13.739316,-5.1977124,1
-5.4109015,-2.8220866,0
2.0723925,17.17204,0
-3.5334709,13.470519,1
9.975978,-3.3165286,0
10.543321,-6.2970796,0
8.104724,4.339876,0
9.288445,9.833644,1
-3.848907,12.150587,1
6.9462757,12.128704,0
2.3798196,17.71697,1
-3.5970812,12.937105,1
5.5319476,10.693183,0
4.1719007,3.6938841,1
10.209486,7.4647937,1
16.297365,8.775754,0
5.709463,3.6104407,1
10.458386,-4.619499,0
4.8499994,2.341539,1
-0.63657916,-3.6054466,1
17.97761,1.3908193,0
17.576633,2.0780475,1
-3.7475305,12.603619,1
3.3212147,16.6839,0
-4.418364,3.6314893,1
18.946291,2.524185,1
13.397783,-4.6437535,0
13.4826,7.406847,1
9.914476,14.659574,0
10.191116,11.734014,0
3.2287407,16.530178,1
-1.9207081,8.444201,1
12.315432,3.2167535,1
16.288883,8.00613,0
8.775247,9.561851,0
9.262715,14.012713,0
1.7623614,15.258001,1
6.9230437,4.0954466,1
10.774583,11.561095,1
3.9407742,3.588058,1
1.8785863,15.560116,1
-1.7573436,3.8217254,0
11.721201,-4.674726,0
11.732365,-4.582373,0
-2.9602609,13.150174,1
19.219934,2.4202068,0
8.611739,-4.9294705,1
-1.9779016,4.0974045,1
9.528125,14.45458,0
12.328529,-2.6791928,0
13.9271755,15.244854,0
6.951009,12.190293,1
18.501442,3.6624568,1
9.630848,14.572723,0
19.265345,3.556043,0
18.85158,2.5099506,0
16.322916,8.166281,0
9.497068,10.477318,1
4.844849,3.6525087,1
-2.6818666,8.340922,0
13.545957,14.916981,1
-3.4901829,14.095622,1
12.216058,-6.4240456,0
-2.5984573,8.402913,1
5.8373766,2.9263844,1
-1.0147514,-4.2166963,0
5.5400977,10.6705,0
-3.099847,13.838995,1
6.587772,1.1205639,1
5.6873794,3.6844845,1
10.799051,1.4325826,0
-1.549565,-3.8294628,1
8.125857,4.356192,0
8.756362,9.464702,1
12.457187,-5.701684,0
10.884906,-3.9464989,1
-1.8567296,-3.6076558,1
13.238096,-6.247295,0
18.204063,1.1177628,0
5.9696507,10.838724,0
-2.045965,4.108228,1
16.62847,8.655699,0
10.082997,13.483918,0
11.227955,-4.7752743,0
4.202894,3.3821752,1
5.7922425,3.7886994,0
10.036558,14.580891,0
2.5445375,15.090355,1
7.9584684,4.168218,0
11.150088,1.0628699,1
-1.9700967,7.6484103,0
-1.8936971,4.1531663,1
12.419857,-4.618926,1
1.9537334,15.483353,1
10.332596,11.970481,1
4.633787,0.92081296,1
7.416566,5.3078647,1
-1.0034815,-4.107935,1
-0.5787295,-3.5251207,1
-5.2103987,-0.80333704,0
15.835814,6.444081,0
-0.8502951,-3.5390732,0
-1.9537398,8.625919,1
13.593608,4.1126823,1
14.193792,14.822617,0
12.785389,4.2376785,0
13.388289,-5.1220465,1
-2.081589,8.575335,1
9.385025,14.021687,0
10.998674,-3.5771334,0
9.516757,10.189205,1
-2.8018613,7.7811165,0
6.965602,12.197831,1
9.783898,14.338886,0
9.130846,-5.27377,0
-4.041059,12.372053,1
-0.9425426,-4.2255564,1
13.871672,-1.0619969,0
10.268793,7.718149,0
6.8666945,0.53246593,1
9.516576,14.40092,0
-2.9050066,13.307624,0
-2.7845595,7.5971,0
19.635616,3.0478566,0
12.858436,-5.2898207,0
12.228686,-1.9513683,1
11.9509535,6.5865927,0
9.751073,11.880636,1
4.7951865,2.7877262,1
18.210695,3.6473634,1
13.245287,-4.3810353,0
12.300749,-4.0472603,1
17.717613,3.4495523,1
6.6553698,4.78209,1
12.723165,-6.0586863,1
11.031048,-5.1655073,0
2.912826,16.159771,1
-2.6102736,-0.47767425,1
14.107566,14.43837,1
13.150359,-3.6411362,0
-3.2114239,14.0385,1
-1.8599656,3.8170354,0
9.717643,14.609748,0
8.456696,4.316487,1
11.193303,-6.41259,0
-5.191833,-2.5893724,0
11.046523,2.028265,0
-2.570691,-0.3936367,0
10.584301,13.742533,1
3.822991,3.583054,1
-1.782721,3.7546694,0
11.911336,13.350288,0
12.74528,-3.956977,1
15.583893,3.7624247,0
-4.643204,3.5887704,0
11.61367,0.91011333,0
12.350798,15.371516,0
12.875998,14.9793005,0
12.433637,-2.5219584,0
6.185575,11.446274,1
12.121719,-5.1273227,0
-3.273435,13.801129,1
10.591772,11.689811,0
-4.688535,3.5092492,0
6.1435184,2.6210163,1
10.830002,1.6307642,1
10.681347,-6.0488105,0
3.3945284,0.7049098,0
13.692733,-5.038922,0
12.913158,-4.750334,0
-2.2336779,3.3992171,1
11.471774,0.7906252,0
12.053784,-2.322994,1
16.319677,9.63277,0
-4.304429,12.259777,1
9.935716,14.648629,0
13.728441,-5.040744,1
5.922831,10.752956,0
-4.3199315,12.281534,1
15.952719,7.1291065,0
-2.8733969,8.19096,0
10.048235,14.62247,0
18.92737,1.6927817,1
12.273013,-3.121842,1
1.8508537,15.179695,1
12.085072,-2.337869,1
17.758877,0.76449215,0
2.0186918,15.233615,0
6.103693,2.5441728,1
18.780188,1.7227179,0
-4.0413356,12.316358,1
11.593431,6.9520154,0
9.837393,-4.819853,0
11.399693,-6.2259283,0
13.83378,-0.13418537,1
16.315044,7.8879037,1
17.484735,1.1513988,0
9.912368,13.483087,0
6.0658073,2.6152253,1
-3.6604578,12.719596,1
12.743513,14.308827,0
3.1174123,0.92727005,1
18.652231,1.179467,0
11.642593,-5.8566594,0
19.331665,2.0816324,1
15.219925,3.5005882,1
13.280567,-6.277123,1
-5.27689,-2.6357794,0
13.597516,7.9473686,0
6.961969,12.124455,1
9.938234,-4.356052,0
18.341852,3.689004,0
-3.080258,12.782356,1
3.281048,16.622559,0
3.7219803,0.6054132,1
19.045294,3.950295,1
12.158158,-2.169391,0
1.5476943,15.828182,0
-2.875291,-0.4775726,1
12.518038,3.516466,1
4.6076193,17.154263,1
16.418756,9.440624,0
-5.3747897,-0.61073923,0
16.595629,8.388442,1
11.742949,-4.7087884,1
18.242805,1.5703154,0
12.390774,-4.902363,1
5.9202523,2.634181,1
11.514406,2.8899188,0
5.793499,0.949325,1
10.670863,-4.7991595,0
3.4709523,1.4921702,0
13.391964,14.37559,0
1.564282,15.781089,1
3.7265203,0.732907,1
9.345013,10.370466,1
-4.7419176,3.7440634,0
10.880281,-4.7429705,1
17.750961,1.4672617,0
5.476108,2.905606,1
6.3756385,5.135097,1
13.211538,-4.99698,0
14.16846,14.4368515,1
7.3348794,5.1388583,1
6.723566,4.015294,1
12.105686,2.2640667,1
-3.6449277,12.313538,1
-4.3630233,3.3835292,0
7.434386,4.8094835,1
12.504738,2.9816444,1
-2.12407,3.6068943,1
3.7715778,1.8145955,1
13.649448,-5.560567,1
15.834863,7.333965,0
1.9799917,17.228794,1
8.483186,4.2888155,1
7.1007967,0.66859305,0
3.7688115,15.856057,0
17.851303,2.5624354,0
13.187277,14.854126,0
11.411316,-6.205201,1
18.75877,1.8169492,1
8.513773,10.145208,0
9.913176,-5.3770175,0
4.482962,1.8600808,0
8.438551,10.262419,1
2.2613444,15.556226,1
-1.9638226,8.470548,1
3.515009,0.80172443,1
-5.373938,-2.7816925,0
12.536052,-6.1102057,0
3.643976,1.6187285,1
10.1173725,14.584721,0
10.397555,-2.886547,0
8.036199,4.069593,1
3.807026,3.050999,1
-2.6484122,-0.49324533,0
9.370495,14.0493765,1
12.124879,13.513633,1
-1.6415524,-4.84567,0
-2.9974976,-0.6807595,0
6.5194244,12.075261,0
11.405913,-3.1685445,0
18.251621,2.2188199,0
13.623758,7.8743706,1
12.333451,3.1555588,1
-1.9803487,8.606588,1
-1.7649422,-3.9664884,1
11.208352,1.200652,1
6.569187,5.054994,1
-1.1236259,-4.246477,1
18.327885,3.3103743,1
13.793854,-0.19812156,0
15.546158,6.8300633,0
-2.1199143,7.324099,0
1.8280938,15.8115835,1
11.468946,-5.7499843,0
11.365143,-6.5631795,0
19.312809,2.899987,0
6.51101,1.1094298,1
13.948951,6.980457,0
13.18898,-4.4136796,0
16.175238,9.67241,0
-5.110584,-0.90802854,0
12.202496,-2.9621062,1
6.9286504,12.210705,1
2.3397653,15.036179,1
13.575664,15.479557,1
15.770492,7.0580645,0
9.183407,9.6437235,1
13.404102,7.2153883,0
15.41996,9.052389,0
11.500228,-6.4453917,0
4.6659503,17.12847,1
10.773112,-6.0898824,0
-3.4058867,14.05947,1
15.827894,9.853905,0
5.968513,10.734055,0
9.601638,10.671291,1
2.2326539,14.979824,1
6.3712583,12.15022,0
-3.3960567,13.316089,1
15.803654,7.302964,1
16.112803,7.0056505,0
-1.2980245,-3.9665596,0
10.21713,-4.928984,0
16.66972,8.0118065,0
10.97801,-3.146234,0
13.848781,15.321075,1
10.013289,13.611892,1
19.606855,3.4383926,1
4.4308634,17.118011,0
13.451732,14.220048,0
10.394137,11.444474,1
-1.1983525,-3.173558,1
15.915782,8.955533,0
15.611551,3.6333268,0
-1.7854921,-4.0268993,1
12.385442,3.3739815,1
9.665981,14.542445,0
3.3912404,16.969883,0
12.284563,14.4452,0
-4.401077,3.7790184,1
16.589296,8.295284,0
18.942274,1.6825002,0
12.855338,-4.8592477,0
13.460884,-6.14554,0
15.811327,6.6457996,0
11.149224,-4.040619,1
17.127176,1.7244185,0
10.480286,14.304823,0
15.559734,6.9874816,0
-1.3312315,-3.0466413,1
13.014535,-5.093176,0
-2.135691,3.5832694,1
6.8295407,4.0747094,1
8.68763,-4.1688385,1
12.677468,-3.3632681,1
-5.4523783,-2.884638,0
7.969552,4.496029,0
10.46781,-5.6575,0
13.120915,-5.9503627,0
-1.9078647,3.906752,0
15.450995,7.286858,0
14.279095,-1.0149815,0
-3.7834406,12.554902,1
13.288872,15.439002,0
5.7753553,11.350017,0
15.839447,6.491288,0
13.927147,-0.5247548,1
17.554626,0.9223258,0
13.036655,14.450089,1
19.223837,3.9336183,0
2.4637253,15.072712,1
9.549404,-4.4760313,0
2.108223,15.651904,1
17.753222,2.66708,1
-5.1325316,-0.91273415,0
8.773703,9.969469,1
12.389783,13.092063,1
13.523641,7.8083777,0
5.8758955,10.783066,0
11.005065,1.6540543,0
6.646699,4.9280734,1
12.595499,-2.497557,1
17.970865,2.1360204,1
5.505657,3.268614,1
13.072423,6.599791,1
5.1512556,3.776378,1
14.054847,14.444766,0
-2.8466008,13.240775,1
2.733195,16.004301,1
1.706386,15.562841,1
4.3671556,3.708785,1
10.3901,13.491779,1
10.302822,-4.622726,0
14.058648,4.0872984,1
15.790042,8.116303,1
12.327147,13.16675,1
-1.9475027,8.4628315,1
10.420888,11.468335,0
5.2956815,3.1015053,0
18.105307,1.2272716,0
18.99981,3.9173093,0
1.7747455,16.202957,1
9.274747,-3.8899417,0
4.1356945,0.58763826,1
-5.293679,-0.69542646,0
9.534629,10.335148,0
5.9616594,2.9505255,1
-1.818678,7.8501015,1
1.670269,15.711663,1
11.987941,1.5118455,1
8.988521,9.431291,1
12.408601,-5.296057,0
10.328509,14.502068,0
8.342691,-4.3766627,0
-1.9540182,3.5607996,1
-1.9721504,8.455896,1
4.5876765,1.3449637,1
18.682028,1.8379828,1
10.238804,7.374428,0
4.1538496,0.9331793,1
13.46472,-1.060742,0
17.573711,1.9305329,0
15.810887,6.525955,0
11.75128,-4.6303997,0
12.434082,3.5823193,1
6.191274,11.446613,1
4.1479664,1.6984148,1
-1.652322,-3.952012,1
13.368893,7.703062,0
16.444908,8.76426,0
9.245717,13.912538,1
3.6069252,3.3481462,1
-1.639825,3.8474522,0
6.96088,4.134192,0
8.172861,4.263252,1
12.210608,15.581401,1
13.561564,7.472961,0
12.779051,-2.9751103,1
11.183305,-4.5409207,0
13.363796,7.5594997,0
11.096276,-4.3988233,1
10.821649,11.44416,1
-2.1899276,8.178987,1
12.267461,-6.491358,0
7.099893,5.512156,1
-2.1016808,3.4977987,0
13.594979,-0.5700817,1
8.502446,4.338442,1
19.39981,3.6515706,0
13.621196,14.545943,1
12.711528,3.9598098,1
14.049674,-0.258346,0
5.5978646,1.4481548,1
10.766345,-5.7287927,1
9.396555,9.950088,1
2.018608,17.384377,0
-1.8162887,7.9063406,0
-2.3262966,7.0159793,0
5.7236853,3.4111493,1
-4.3646164,-1.5689692,0
-2.147704,3.5592446,1
8.017786,4.072982,1
11.391139,-6.3762126,0
19.175962,3.97267,1
-1.6447126,-4.041234,0
-4.8515854,3.7853642,0
10.111814,-5.0925794,0
1.9058865,15.414525,1
9.906998,13.564822,1
17.791994,2.5696254,1
-1.9235171,8.411827,1
6.9193263,0.8512828,0
17.478024,0.9485165,0
15.3435335,3.5458035,1
10.720127,-5.9515333,0
-3.2272618,13.380522,1
-2.7715771,8.454395,1
12.934553,15.46642,0
2.2734227,17.738071,0
6.8277326,4.1170254,1
-5.4194665,-0.55322516,0
9.703837,14.574346,0
1.7874701,15.854446,1
17.846622,1.2415175,0
8.36913,4.240391,1
4.383621,16.900654,0
-2.6379855,13.008097,0
6.512759,12.050743,0
5.771807,11.281403,0
2.6846325,15.847433,1
12.507387,3.0497258,1
-3.0085175,13.789675,1
13.715981,-5.341733,1
2.8691359,16.376997,0
18.457178,1.5416025,0
13.636657,7.00193,1
-2.8381941,8.294639,0
18.759544,1.7227869,0
16.05002,9.924775,0
-2.8119636,7.459443,0
12.935492,15.44714,0
-3.5230048,12.849457,1
12.3317,13.086504,1
-2.6510706,13.184524,1
-1.4349265,-3.065317,1
4.5715666,1.6596799,0
-1.9214467,7.7378993,0
18.737595,1.595525,1
6.0582576,11.392176,0
1.5996141,15.296072,1
16.54601,9.265864,0
15.914717,6.7409234,0
19.278677,3.6830876,0
-2.1116197,7.2888174,1
4.7643437,16.912735,1
12.880766,-5.2494807,0
13.273993,-6.052748,0
19.076345,1.5415443,0
10.220649,7.4487443,0
18.66512,2.290158,0
-2.0058146,4.0813127,1
9.530784,10.483754,1
15.815337,7.222111,1
12.582928,-3.3609786,0
6.606399,4.0804844,0
3.7537918,0.49957675,1
16.60511,8.595263,0
4.013584,3.4892604,1
14.391821,7.908518,1
6.9632707,0.61811703,1
9.594713,-3.5144827,1
-5.3497424,-2.747472,0
-5.2618327,-2.6184886,0
12.270234,2.978563,1
18.050116,1.169089,0
5.6513996,10.702608,0
12.543246,-2.97799,0
19.509634,2.4743202,0
-5.1355147,-0.8641732,1
4.1952434,17.125055,0
13.459591,8.011614,0
19.184185,3.1727293,0
-1.599731,-3.0746667,1
13.356824,7.686653,0
-1.911769,3.7282338,0
9.339705,-4.682724,0
5.6317306,3.7622795,0
14.183674,14.732545,1
13.174403,14.53306,0
9.563994,14.213019,1
-2.4918752,7.954586,1
13.981031,-1.118245,1
-3.4733462,12.858947,1
13.652446,7.117935,0
-3.0373743,13.897643,1
15.633774,10.001454,0
16.13284,9.00799,1
16.450224,8.775378,1
18.799927,3.07685,1
4.4262667,17.143248,0
-4.8077545,3.805919,0
4.614184,2.210197,1
9.43486,10.309108,1
11.983378,-2.0759077,1
15.761773,7.0410485,0
4.793192,17.33157,0
2.0750148,17.027433,1
16.487429,8.4992,0
-4.6274667,3.475843,0
14.721955,3.6407397,1
10.105259,11.897557,0
9.78556,12.094924,1
8.451851,9.69395,0
19.139172,3.8575726,0
13.522023,7.0427194,1
19.019754,3.8477087,0
10.234958,7.572354,0
8.479846,9.677333,0
4.8555603,17.348936,0
-1.8196809,-4.9131446,1
9.281107,13.975521,0
5.995628,5.0421596,1
3.20431,16.98642,0
1.7381103,15.191664,1
-5.220038,-2.0808246,0
-5.1952686,-0.7771445,1
10.249952,14.497192,0
-2.1814375,7.147152,0
12.295478,15.055264,0
8.720718,-4.390797,0
4.644187,1.3528965,1
15.933128,3.584514,0
4.6863527,16.931429,1
-5.122602,-0.85868543,0
5.667935,1.4744949,0
5.9746475,2.9841638,1
16.134539,7.802998,1
-1.8327932,4.159161,1
11.085028,0.8544286,0
12.066333,-6.448486,1
8.313662,-4.5232353,0
-1.9649581,-3.7108977,1
18.628792,3.3418272,0
12.096056,-6.0736175,1
13.412467,7.1588984,1
13.42553,7.334086,0
8.604413,9.383317,1
10.419332,14.434542,0
19.681314,2.9721253,0
-3.0239155,14.137082,1
10.348335,7.617088,0
15.300819,8.0130205,0
-4.2849007,3.7111616,1
3.4415145,16.819143,0
8.424315,9.705305,1
6.2573657,5.2115827,1
12.244917,13.754667,0
3.90487,16.044636,0
17.788488,3.1978629,1
-1.4383793,-3.43042,1
-3.7362957,13.965092,1
6.2095737,0.29830825,0
-1.8544811,-3.081273,0
14.237127,-0.75528735,0
18.383966,1.5263224,1
8.853261,-4.0854645,1
9.764826,10.853424,1
10.878262,12.316844,1
15.852757,9.349741,0
13.576674,14.70469,0
8.362665,-4.7571754,0
4.4276237,1.8419726,1
-5.204303,-2.156119,1
-2.1697109,8.575518,1
12.215483,15.058624,1
8.937092,9.731669,1
12.483374,3.1680589,1
9.909348,-5.3273997,0
8.422408,9.692876,0
14.0741625,4.1633496,0
-2.567662,-0.45450592,0
17.083132,1.7146101,0
13.1346035,15.026776,1
3.935485,16.141422,1
5.9704947,3.495595,1
-5.0765924,-1.0840296,1
4.6269674,0.8269948,1
-2.8935797,-0.6848186,0
-1.6401387,-3.0922334,1
10.454674,14.347354,0
10.779232,-4.725366,0
2.3529406,17.625978,0
14.298579,-0.720732,0
13.999649,-5.6240845,0
19.372118,2.3667119,0
15.971489,10.004476,0
13.973043,-0.1500492,0
8.78514,-4.0755553,0
-3.7286835,12.555714,1
2.1205246,15.855524,1
4.716449,17.297976,0
15.915405,6.640611,0
-1.4064534,-3.7345312,1
2.7948642,16.104874,1
16.102802,7.1118145,0
3.4717789,17.08094,0
11.116135,1.4395912,1
3.8743923,3.6306539,1
10.291566,-4.163563,1
-1.094043,-3.269184,1
16.61928,7.930942,0
15.723532,9.97906,0
10.005277,13.539461,0
15.785038,9.160354,0
15.68572,10.020655,0
-2.1277478,8.5020075,1
-1.8005209,-3.0743906,1
9.541742,-4.4923463,0
18.147074,2.3028555,0
19.636732,3.2485464,0
12.431482,15.628163,0
14.15223,3.9345236,1
5.728689,1.4919041,0
-1.688946,-3.0099201,1
2.031713,17.10922,1
6.2784667,2.3911822,1
10.254122,14.4705925,1
11.0090275,-5.153694,0
12.378547,3.3115027,1
12.371657,-5.469155,1
8.925362,-3.9206254,0
-5.0454617,-1.148861,0
12.2675085,-6.5379133,1
3.368894,16.791937,1
8.438685,4.382102,1
3.5361392,0.7488177,1
11.882962,12.864395,1
13.451788,-6.136905,1
16.194006,8.877158,1
8.468022,9.529447,1
6.189628,5.1111073,1
14.258874,-1.0237441,0
-5.4089637,-2.8174872,0
16.714682,8.043034,0
8.600103,-4.2404404,0
16.39429,7.8012104,1
11.046805,2.188271,1
-2.1266677,3.7893553,1
4.7652516,1.4220579,0
16.229006,8.10052,0
18.475311,2.8821087,0
13.799119,-0.15562087,0
5.712636,2.5573437,1
-1.5954801,-3.9132767,1
18.210157,3.2583044,0
5.8210816,11.186135,0
3.367702,17.23877,1
12.775482,15.493821,1
11.890398,-2.9909744,0
6.624871,4.1227098,0
6.546965,4.9482574,1
-5.352555,-0.62932974,0
12.189071,13.295197,1
6.5654435,0.5759817,1
15.781581,8.774282,0
18.3516,3.205724,0
-3.269132,13.348211,1
11.737829,6.7736073,0
3.3741946,16.666338,0
13.224497,14.498324,0
13.155072,-4.416597,1
19.631775,3.12834,1
13.981558,-0.59967923,0
6.081868,0.532681,1
8.534691,9.222159,1
4.2324224,3.5495682,1
12.540942,13.961102,1
12.397308,-5.445821,1
18.645529,1.9373577,0
-1.7968851,-3.951436,1
13.170846,6.7338357,0
18.427166,3.10056,0
-0.91402686,-3.483303,1
11.157182,-3.3819966,0
-1.7710981,4.1857305,1
7.047497,0.9083586,1
9.478896,10.016126,1
13.982337,14.415646,1
9.664308,-4.3429213,1
13.852684,-5.095938,1
4.3993974,2.0248508,1
11.471997,-6.0456567,0
13.037565,6.680055,1
9.688076,14.557245,0
13.45022,-4.1437235,1
2.8059647,15.297238,1
3.3360174,16.776052,0
4.6152873,3.4125838,1
11.908308,6.3127337,0
16.518618,8.233536,0
16.014067,3.7515554,0
11.00691,12.293534,1
11.585369,1.0427495,1
-1.9482734,8.347765,1
-3.630287,12.854074,0
-2.9590898,-0.7232738,1
10.322861,11.637218,1
6.611018,12.037102,0
-1.749913,4.157656,1
6.6864734,12.008566,0
11.89076,13.200961,1
10.799597,11.444077,0
11.947407,12.960559,0
3.6392026,3.3207688,1
12.763103,14.337154,1
18.966637,3.3680692,1
-3.2736082,13.374543,1
18.632431,3.949945,1
7.303217,5.329259,1
-2.9781156,13.784292,0
6.7894635,3.9933197,1
12.342609,-5.1049533,0
-1.7320621,-3.993484,1
16.325096,3.7209208,1
10.965927,-4.6496453,0
14.228746,-0.9739027,0
-3.77071,12.77939,0
16.4156,8.213,0
11.182969,2.179379,0
2.6032474,15.134527,1
9.289865,9.890491,1
14.098957,3.894891,1
15.406648,8.898897,0
-5.2568107,-0.66744906,1
6.2530923,11.012502,1
12.204075,13.889804,0
10.443437,14.427916,1
-2.4530196,8.467568,0
17.645699,1.7862535,0
3.0679064,1.0013558,1
11.8002,-5.4863534,0
16.474735,7.9425664,1
11.390579,-6.3084416,0
11.585735,-4.820706,1
1.6024873,15.856963,1
-3.6887894,12.1862755,1
8.27698,4.401272,0
13.841402,6.923714,1
-5.3284082,-2.7080834,0
-1.1952295,-3.191698,1
9.761617,-6.0638256,0
18.44737,3.9063582,0
-3.7017853,12.178143,1
9.698609,13.926631,0
13.813779,-0.7413082,0
12.067599,-6.529413,1
9.232874,-3.7823815,0
13.214723,14.964895,0
12.171642,-2.2915797,0
13.047384,14.487516,1
17.729033,2.4579844,0
14.134132,14.468203,1
9.807509,-3.4619617,0
18.90998,4.022279,1
15.99935,9.44008,0
6.2210026,0.53573245,1
8.93852,-5.2881794,0
12.368355,-5.9646997,0
-5.50226,-2.9395168,0
8.5538025,9.438488,1
-2.3124053,7.0091763,0
12.230178,-5.80914,1
11.564642,-3.0585153,0
16.157671,9.324901,0
13.17687,14.137821,1
12.289131,-4.9508615,0
17.633509,1.9826057,0
9.239855,-4.17377,0
10.870967,-2.6229076,0
-1.427421,-3.124085,1
11.004889,1.8059975,1
16.212032,7.9506636,1
9.776381,14.305035,0
16.722748,8.627251,0
12.509211,3.6753707,1
13.671671,7.931152,0
16.113989,7.7409697,0
11.202086,0.7241515,0
9.268873,10.092343,1
3.5863469,0.7782767,1
6.3005815,11.253832,0
16.167707,7.262448,1
7.1128697,5.375802,1
4.323914,2.8843699,1
16.502981,9.2705965,0
11.642791,6.8652806,0
15.770098,3.5197988,1
-1.7994972,-3.9214265,1
19.28878,2.8595362,1
6.8677278,12.200641,0
10.950268,-5.1702003,0
5.6195607,11.371759,0
4.9572587,2.3934276,0
8.280384,4.282204,0
10.473266,-5.948543,0
10.276044,-4.8878994,0
-1.9421427,8.51689,1
6.1928883,5.2249694,1
16.085663,7.137198,0
-4.2580705,12.259276,1
-3.8387878,12.50742,1
2.695766,16.86565,0
-3.1405647,12.471943,1
13.618197,-5.9836636,0
11.728474,6.800736,0
5.1576242,2.1401172,0
-3.0547504,12.784898,1
5.757402,10.729708,0
3.038228,16.971941,1
13.451857,7.6088123,0
7.4176846,4.687119,1
-2.635694,-0.32742068,0
-1.7771719,-4.8407984,1
7.5688,4.3686337,0
6.543178,0.57020825,0
19.597116,3.0797174,0
18.873075,3.4148343,1
14.026536,-5.6357365,0
18.241425,3.683283,0
11.184183,2.6949728,1
3.9213498,2.9127097,1
12.056589,2.9433246,1
8.625396,10.376979,0
17.989584,1.1085056,0
15.95621,8.187482,0
-5.137691,-2.01823,1
7.4796104,4.7139177,1
10.861869,6.606781,1
10.902657,-4.6943164,0
13.4542675,8.019145,0
-4.794848,-1.8438294,1
10.5238905,6.641315,1
9.948395,-5.3976994,1
-4.861524,3.8917632,0
11.324743,12.443578,1
9.892539,-3.1335297,0
-4.622774,3.531806,0
4.6160626,2.9999318,1
16.172731,7.174867,0
-4.633081,3.5447989,0
-2.7824082,8.079867,0
4.10758,3.744178,1
9.966927,-3.3186812,1
13.336474,7.2617373,1
-3.719765,14.008549,1
-2.0302696,8.609369,1
-3.4235299,13.629269,1
11.071928,2.2121916,0
12.431115,3.659876,1
-5.229804,-2.494106,0
-2.8995597,-0.67164314,0
11.5146,-5.2795935,0
16.281956,8.158979,0
5.724342,11.269369,1
-1.255622,-4.103929,0
12.960618,-5.6177564,1
15.370778,8.027175,1
6.943209,4.2225204,1
11.583503,1.0581931,0
6.870949,5.1665206,1
-2.039901,8.586129,0
17.645105,1.0935491,0
-3.4862719,12.8038645,1
6.1980257,2.401756,1
14.162069,-0.8359849,1
17.745817,0.77448505,0
12.450351,15.247302,0
2.9810011,16.138742,0
4.104237,16.858154,0
-1.6212775,3.8723247,1
-5.223944,-2.392154,0
-3.767425,12.811279,1
13.265743,14.717803,1
10.776528,-5.8415837,0
9.258729,-4.745988,1
10.964574,-5.238195,1
8.010209,4.2425504,0
10.215532,-6.218386,0
-3.5427792,12.174521,1
4.32285,1.7924095,1
3.3374915,16.75064,0
-5.118683,-2.4180374,1
-3.8819537,12.35155,1
10.336249,7.623712,0
10.555231,-6.3158627,0
13.609421,14.805506,1
12.442973,-5.4500227,0
11.116718,-5.0275664,1
-3.1628213,14.143734,1
-3.7008224,12.3043995,1
9.840917,-3.3676863,0
14.06323,4.015719,1
-3.066494,13.726139,1
11.292747,1.6742955,1
15.472053,8.776928,0
12.479629,6.510894,1
-1.7451922,-3.049572,1
10.880255,1.0294102,1
-3.9039505,12.69192,1
10.843902,12.377244,0
5.803975,11.25662,0
-1.0062467,-3.366453,1
11.05648,1.2586335,0
-1.953623,4.1192684,0
7.09891,5.4131613,1
19.152967,2.4726942,0
15.996846,9.802078,0
2.7036889,15.258514,1
6.9795675,12.147632,0
7.367566,5.2953687,1
8.259648,3.9821384,1
-2.077502,4.0037355,1
3.6419375,3.3578002,1
6.2173796,0.5352666,1
2.0660236,16.992975,1
-2.628149,13.147018,0
11.049411,2.1957593,1
15.84454,7.162483,0
-2.59286,8.217882,1
13.58279,-6.009382,0
4.4095798,16.565197,1
15.904953,9.804087,0
12.35032,13.049763,1
-3.3145688,12.519041,1
6.314016,5.256821,1
12.303489,-5.142996,0
2.2398307,15.064484,1
17.728842,3.5887172,0
2.0025089,15.367298,1
-5.1162615,-0.85705954,0
3.876473,3.661965,1
-2.774494,13.132458,0
2.9213796,16.35554,1
14.231116,-0.4735699,0
16.001722,6.891125,0
11.635605,6.911531,0
9.110231,-4.082624,0
-2.6638298,8.411611,1
-2.7441812,-0.54352045,0
15.824314,6.993689,0
3.114647,16.993433,0
10.607444,-6.014671,0
-5.281095,-2.6416752,1
11.868857,12.80884,1
8.165876,4.2710977,0
3.378228,16.70064,1
-1.8165511,-4.9089093,1
9.486251,10.021775,0
13.451352,7.9944906,0
10.227915,-4.893432,0
2.250966,17.734951,0
15.755082,3.8880978,1
13.445777,-5.3226223,0
-3.0126088,13.729816,0
4.290284,16.897844,0
9.799634,-3.2485182,0
4.524459,1.282203,1
13.522484,-4.1906943,0
5.7945104,0.9709725,1
10.893361,1.4745561,1
11.081473,0.8073302,1
-2.7683885,7.964262,0
11.653667,3.2048874,0
12.860227,15.419006,0
19.326237,2.8675523,1
4.894066,2.2956464,1
8.672604,-4.330595,0
2.146627,15.630332,0
3.4993813,17.192564,0
16.441261,9.453193,0
11.029587,-3.196621,0
8.92905,-5.206897,0
6.249118,5.2146344,1
6.059381,1.4492776,1
2.8449388,16.910725,0
6.5030894,0.98898447,1
3.2611878,16.687445,0
13.732371,14.883978,1
9.603048,-4.479081,0
3.1380312,1.164146,1
-1.7029625,-3.7561362,1
9.169629,-4.3847637,0
8.540518,4.220868,1
9.592859,14.4728985,1
-1.6361787,3.8902757,0
11.730426,-2.2291627,1
19.048985,1.4922264,1
6.8577113,0.61519694,0
15.63724,8.064843,0
-0.77567315,-3.4924045,1
-4.2083364,12.388454,0
-5.174017,-0.8479342,1
19.387215,2.8044431,0
2.901323,16.844767,1
10.422419,13.955392,1
9.594117,11.947188,0
19.336363,2.1011693,1
18.953222,3.2166095,0
9.46666,-5.0704308,0
-1.9170564,3.618318,1
-1.6339976,-3.9057648,1
2.9174519,16.174004,1
-2.952016,13.157315,1
2.5394304,16.880629,0
7.2560983,5.3739967,1
13.726145,-0.23262353,0
10.410176,14.472377,1
-2.8653557,7.4832487,0
15.21781,8.241023,0
13.168903,6.5283213,1
17.505558,0.97510827,0
8.8031845,10.203673,0
-2.752327,-0.5787314,1
8.7807255,-4.9172025,0
11.359876,2.0042996,0
-3.782075,12.532729,1
-1.4979049,-3.9052105,1
-2.1758633,3.3609123,1
12.499318,2.9850624,0
10.0194235,11.655192,1
8.527641,9.734787,1
6.314156,0.44551572,0
18.689493,1.7281076,0
-0.69417703,-3.561888,0
9.478123,10.106634,1
13.577966,-4.667673,0
19.234024,3.1689947,0
-1.8726128,-3.5824618,1
11.000241,1.0201741,1
-1.0526268,-4.568986,0
13.381781,-4.5977516,0
14.189865,14.743106,1
15.832335,6.4554973,0
10.259658,14.541819,0
4.0490456,0.7711869,1
-3.6689591,13.579187,1
12.658178,14.128106,1
17.952314,0.72120136,1
18.794676,1.7098418,0
10.230172,7.5205507,0
-2.226988,3.4035141,1
7.0599446,12.145302,1
9.394522,10.306051,1
6.9714336,5.175613,1
4.6368866,1.4891155,1
17.728527,2.4581537,1
12.515065,-5.37005,1
9.801013,14.5574465,0
6.1201653,2.8311017,1
-5.2092333,-0.78636175,1
-2.7565794,7.6058316,0
13.229769,14.812823,1
12.999026,-3.0602753,0
4.1232543,1.1916308,1
4.699775,16.951815,1
18.511591,2.07622,0
18.959045,3.214717,0
3.6456017,15.978505,1
10.008826,13.621294,0
-2.1839542,3.5029588,1
9.770583,14.255934,0
-2.8682523,7.843439,0
-4.9245386,-1.5618858,1
13.252747,15.050363,1
-1.813378,-3.0950117,1
19.527042,2.0797625,1
3.9479496,0.5205231,0
19.126,4.0483084,1
12.618848,3.9920294,1
11.492553,-2.6042914,0
12.342273,-5.557522,0
8.782917,9.659714,1
10.995301,-4.2550473,0
7.658795,4.2391753,0
9.489811,-4.01197,0
3.0846286,1.0445185,1
18.606653,1.8934437,0
-1.8244348,7.9102974,1
3.920332,16.028807,0
-5.298751,-2.6720855,0
19.005281,3.913949,1
-2.629631,-0.45404285,1
13.626091,15.224582,0
10.965362,-4.6110864,0
-2.0610824,4.1127105,0
12.623372,3.8993614,1
16.317726,9.599778,0
-1.6474315,3.9441502,1
12.880947,-5.0830464,0
11.594972,1.0412564,0
15.827946,7.149342,0
8.404549,-4.7102895,0
18.49845,3.6775393,0
12.897099,-4.157849,0
-2.6719654,8.378015,1
11.927128,12.97456,1
6.229139,5.248777,1
6.7260537,4.882692,1
10.953808,-5.299721,0
10.270515,6.901722,1
12.163377,15.47771,0
-2.8813612,7.4677086,0
3.2381616,16.325329,1
11.354661,-6.216527,1
13.435484,15.636028,0
-2.0068867,8.500519,1
13.401891,14.284961,1
12.788137,15.517354,0
4.157693,1.8971666,1
6.0813518,11.402979,0
4.9573994,2.3200688,1
13.729732,14.215606,1
-1.2108557,-3.828602,1
-3.2473154,14.16011,1
9.350268,9.837625,1
-5.174516,-0.82731414,1
4.0406494,0.4800531,1
11.7857,-2.1849651,1
10.60597,-4.429842,0
13.639855,-1.3996189,1
19.303295,1.7490073,0
6.6638002,12.019035,0
12.613874,-3.4759498,1
15.573889,6.7773876,0
10.773616,13.878292,0
-1.7173465,-3.0353205,0
14.266913,-0.6270503,0
-5.206476,-0.81814915,1
11.328613,12.456538,1
14.2307,-0.9612518,1
10.461797,-6.297406,0
9.784933,12.048635,0
1.8177774,15.773351,1
9.928489,-3.1669242,0
-1.385446,-3.3813791,1
12.275258,13.2595005,0
12.202214,15.157223,1
4.8100824,17.346731,1
15.572986,3.7421901,0
13.845662,15.346083,1
-2.5640955,-0.39466333,0
-1.6946526,-3.0215473,1
10.417814,-4.6721325,0
11.391019,0.78948313,0
5.964754,10.79873,0
16.561054,7.8756533,0
2.1856103,16.536964,1
1.687831,15.347968,1
3.0733783,0.99955195,1
8.450565,9.608844,1
12.345466,15.241822,0
12.175052,15.367966,1
18.456244,1.6857293,1
13.955744,14.921406,1
3.2629218,1.0550231,1
6.7212024,12.006395,1
-4.089607,12.311448,1
2.5726867,16.1375,1
6.56306,12.053212,0
5.6310167,1.2313071,1
3.4146376,15.874261,1
15.270426,3.520379,1
9.770523,-6.0526767,0
12.9395485,15.549588,0
-3.016758,-0.7597555,1
7.2457404,0.7061866,0
11.121576,0.7565129,1
-2.1794622,7.361404,0
10.324526,-4.6774855,0
14.247162,-0.71843654,1
8.487781,9.725617,1
-4.311563,12.292997,1
-5.0628843,3.898523,1
13.915447,-0.25354332,0
19.073895,2.1809146,1
-2.3668127,8.078284,0
10.430107,11.458141,1
-2.8165867,-0.4740995,1
16.80223,8.56955,0
4.3562174,1.9565105,1
-5.289506,-0.6912286,0
16.433903,8.087106,0
3.92626,3.5435302,1
12.843345,-3.344282,0
9.759874,-4.5990505,0
-3.872665,12.80045,1
10.51322,14.379789,0
-1.436982,-3.8921266,0
-3.6474693,12.818214,0
17.713667,2.4199421,1
6.366891,12.127641,0
5.7463064,3.4060855,1
5.790148,11.335748,0
11.350603,-6.246913,0
16.524677,8.620425,1
2.2591677,15.83709,1
5.6431193,11.382467,0
6.963509,12.143515,0
1.5832975,15.80195,1
13.164732,4.109192,0
3.3967092,16.733294,1
12.191623,15.225068,0
7.416869,4.9700127,1
-1.9365059,8.618367,1
-2.4940615,8.409259,0
10.799456,12.043093,1
10.934284,11.534244,1
9.603867,-5.93676,0
15.751378,9.133211,1
6.532934,12.0580635,0
-0.6666453,-3.5107083,1
14.014344,-0.76295954,0
10.142471,-4.1949024,1
9.731704,14.264098,1
3.4014266,16.987837,1
-3.9083128,13.673215,1
19.208992,2.7879174,1
-3.882871,13.755914,1
13.468735,6.7141967,0
14.573223,3.6932058,1
4.005747,1.0815184,1
7.370157,5.3319564,1
-1.7473706,-3.5285661,1
9.871677,-5.3632545,0
18.88637,2.6540062,0
-5.1693273,-2.0149906,1
-2.740213,13.169497,1
19.446047,2.1614957,0
9.549048,12.014452,0
13.554736,4.196144,1
6.9204197,12.2357855,0
18.147717,3.574328,1
15.876264,3.8637125,1
-1.3862897,-3.7448888,1
1.8222604,15.146896,1
16.60373,8.049817,0
14.026706,14.43099,0
8.484085,9.694885,0
5.3001404,3.0826926,1
7.7641535,4.1332235,0
8.334755,-4.40629,0
18.556803,1.4646491,1
7.034321,0.65489495,1
14.045304,14.60734,1
-3.4989,13.271284,1
-3.5861297,12.937745,1
-1.7992405,4.147948,1
1.5920962,15.226235,1
11.566,-3.384052,1
16.585382,8.031177,1
2.2575963,17.594933,1
6.1107473,10.820622,0
-4.2618957,3.445968,1
12.448173,-5.646626,0
14.023399,-5.61606,1
12.85078,-4.406127,0
9.721736,-5.79524,0
10.996614,11.514817,1
-2.0480676,3.5460265,1
11.582362,6.961643,0
-5.4707704,-2.9000297,0
3.2603939,0.89663863,1
6.167399,0.8843206,0
11.570288,6.99316,0
15.357264,9.257182,0
8.497178,4.336976,1
10.425348,11.442013,0
9.680101,14.61805,0
13.975445,-0.16704439,0
13.77765,15.479719,0
10.340566,-4.4236875,0
5.879323,3.4339595,1
14.037492,4.0442643,1
-4.931653,-1.7849716,0
4.2928934,3.303241,1
10.349771,6.806576,0
12.206416,-2.16195,1
-1.7647699,3.7879448,0
3.132802,15.974788,1
8.620884,10.326832,1
12.260593,-6.544337,1
-4.0524096,3.3750396,0
10.203881,14.505473,0
10.348397,13.8379965,1
18.24696,3.5723975,0
12.94878,-5.507667,0
18.757298,1.8086714,1
6.5968018,4.1017942,0
10.367087,-2.9088433,0
-1.2382274,-3.460745,1
10.037922,13.475391,1
3.9641774,3.5363271,1
6.9513693,12.190188,1
6.6983185,0.9838847,0
6.5513935,4.0542684,1
18.659464,1.7045588,0
-2.4517252,7.283489,1
-1.8609545,4.118579,1
11.453846,1.8618407,0
11.801473,-6.1001544,0
17.45631,2.3159816,0
2.9772367,16.44306,1
-1.7475722,-4.897046,1
12.504371,3.1993313,0
11.285596,-4.1162977,0
13.373026,7.8902164,0
13.509063,-5.3785906,1
10.979771,-2.5418777,0
15.0973015,7.784916,0
14.244012,-1.0812191,0
12.4295,14.2441435,1
12.566879,3.8716433,1
-2.2217004,7.1128864,0
-2.6905127,-0.5123348,1
4.430401,0.77190024,1
3.7521951,3.5485044,1
10.783492,-5.809178,0
18.988863,3.2448885,0
-1.8073031,-4.6518316,1
15.761347,3.7981455,0
-5.192964,-2.09536,1
12.131516,-6.492045,0
3.5505738,17.13954,0
-1.8074079,-4.9296756,0
4.213548,16.932413,0
18.956919,2.7563941,0
9.146012,-3.9458997,0
4.7959795,3.1568415,0
18.0506,2.0747263,0
-4.336538,12.308828,1
-2.3206544,6.993996,0
-2.0868013,3.5382187,1
8.448492,9.520029,1
-5.201442,-0.79505694,1
12.003291,-4.65743,0
-2.3333302,6.9384656,0
-3.949404,12.482008,1
2.4240544,15.132676,0
4.800374,1.4765171,1
7.0200057,0.9761481,0
6.5673537,4.1511636,1
-3.919246,12.742778,1
-3.0216062,13.7750635,1
-1.6721358,3.883533,0
15.711428,10.12213,0
-2.9801817,13.809576,1
17.937216,1.1360871,0
-4.677223,3.5100653,0
11.256663,-3.501469,1
6.2609015,5.2219095,1
4.9751477,2.9465418,1
8.627211,-4.934334,0
10.315271,11.790954,0
11.991677,-2.9877658,0
-4.105421,3.3424466,0
6.4319577,0.58565253,1
13.473648,8.058237,0
10.051678,14.573801,1
-2.208964,7.076497,1
19.495447,2.5483844,1
17.867207,2.6285086,0
14.236803,-0.5485405,1
10.310311,-3.246659,0
11.987289,-2.7177398,0
-1.9485775,8.409392,1
11.834127,-5.514355,1
-1.7367206,-3.9044201,1
9.598663,10.63307,1
6.1410465,2.5217907,1
6.5471573,12.328851,0
18.273325,3.1143432,1
6.067342,2.6015751,1
12.638845,-2.5166852,0
18.008366,2.4486787,0
11.098371,2.2285619,1
13.198529,14.587236,1
9.829498,-4.7914567,0
2.6820905,16.427858,1
5.115323,2.1937582,0
17.90296,1.2098933,0
-5.346162,-2.561172,0
11.788302,3.2999392,1
-3.2271578,12.46243,1
8.59574,-4.346049,0
-1.6150159,3.9416864,0
10.432709,12.005626,1
11.855551,-2.1531193,1
-0.55691445,-3.5216026,1
16.072216,9.925479,0
3.9438493,16.074764,0
13.498269,15.650878,1
16.362608,8.885165,0
15.874231,6.5818343,0
15.691615,6.5878844,0
19.166937,3.7124312,0
13.260849,6.970272,1
5.9037356,11.513082,0
-1.988786,8.613444,1
12.018063,13.442947,0
1.614136,15.303947,1
9.947715,-3.4253945,1
9.707205,11.885729,0
5.589588,10.695236,0
5.4837503,1.6024823,0
5.4479413,3.2302446,1
-2.9784484,-0.738992,1
2.8944879,16.057297,1
-4.0135303,3.2451456,1
18.33403,1.4349462,1
11.692068,3.2448955,1
10.547294,7.3184204,0
-2.8722298,7.6064224,0
-2.8887215,-0.6675044,1
13.575233,-5.9137936,1
19.347635,2.4211586,0
4.4953127,17.103067,0
13.958426,-0.31318676,0
7.04575,0.96316284,0
9.102708,-4.9444604,0
12.074666,3.4179788,0
12.017009,1.5505911,0
-2.8622942,7.5360293,0
18.774952,1.4498864,1
15.632277,9.463389,0
19.225164,3.983503,0
10.772111,-5.433304,0
-5.170521,-2.498303,1
1.6474503,15.256961,1
11.092727,0.80318934,1
-4.622553,3.4997296,1
11.232863,1.9466436,1
4.010381,3.5646267,1
9.475555,10.809306,1
18.016684,2.4021697,1
8.176204,4.132538,1
17.723946,3.651364,0
-3.712295,-1.0274726,1
8.620855,-4.7263894,0
13.808185,-0.17252299,1
5.6451335,11.383146,0
13.334861,-4.511588,0
9.197816,-3.911594,0
6.93858,12.184668,0
9.427961,10.021814,1
6.1727724,0.6666778,1
12.579667,-2.986753,0
10.446486,7.4891734,0
16.058428,7.7619743,0
-5.3032656,-0.6579043,0
11.40351,-6.125273,0
13.293774,15.656737,1
15.497523,9.416753,0
11.460517,0.7636214,1
2.3073852,17.688293,1
8.344233,-4.625993,0
15.890319,6.5542483,0
17.075891,1.7251731,0
7.1981554,5.4005814,0
10.89386,1.7690183,1
1.6094855,15.415868,1
19.597168,2.7533574,0
-5.2379513,-2.3549309,1
18.045565,0.7318193,0
13.461606,7.1224823,1
6.7718697,4.552019,1
7.0578866,0.7973241,0
16.276642,7.5944242,0
3.4825878,15.935223,1
12.378766,-6.2013345,0
-5.1913667,-2.286398,1
4.70459,17.051685,0
-2.5609019,7.676771,0
1.5686467,15.348047,1
9.560634,-3.4723966,0
-1.082185,-4.2647295,1
17.858824,2.375975,0
9.031539,9.379952,0
9.489239,10.013419,1
-2.8594565,13.137034,1
10.246615,11.291205,0
-0.95368284,-3.4535558,1
-4.4600663,3.600765,0
-1.0181834,-3.4951243,1
-5.1467595,-2.0036974,1
11.184632,-6.4689107,1
-4.52152,3.562216,0
9.779131,12.119366,0
4.6394424,17.171034,1
12.375829,2.5921855,1
6.5169683,12.069636,0
2.6078596,16.905848,1
12.262635,-6.1386323,1
11.829662,-4.435502,0
10.813116,1.0220776,0
5.146945,3.7764893,1
8.468321,4.3388934,1
17.882397,1.3633729,0
6.692237,4.1249995,1
3.7499924,16.003576,0
17.898094,3.14971,0
11.941639,13.142472,1
19.436686,1.9112139,0
4.4346952,17.155497,0
11.770534,6.4537797,0
10.979779,-3.560936,0
10.1903715,-5.0094037,0
6.9440303,12.134537,0
13.434873,15.587865,0
-2.6381435,13.159793,0
18.652372,3.0414689,0
13.758251,15.063217,0
13.562206,4.166678,1
12.027389,-6.419903,1
16.556778,9.221584,0
11.019209,12.083829,0
6.2808404,11.236198,0
7.3244143,4.6622357,1
5.720199,10.749884,0
10.283878,7.7088,0
-1.8947392,4.037055,1
-1.0357907,-3.6293874,1
4.9526014,2.3419127,1
13.728195,-5.254238,0
10.821824,11.501573,1
12.574087,15.657676,1
10.937056,1.7945069,0
16.38497,8.164685,0
16.01229,9.973714,0
10.737597,11.435348,1
8.752238,10.298362,0
10.336798,7.1074853,0
13.370322,-6.17682,0
13.524887,4.154107,1
8.371846,-4.4308906,1
15.925132,3.5526965,0
-3.1302536,13.554149,0
4.055722,2.9311504,1
-1.4151461,-3.5576756,1
-1.8328527,-3.9097393,1
6.9380317,5.1625876,1
13.897716,-0.05708077,1
-2.0560498,8.341396,0
12.726259,4.257476,1
13.6395855,15.604714,0
16.625505,8.203036,0
8.688585,10.206329,1
-1.3513726,-4.164659,1
8.688052,9.927439,1
2.6281016,17.0204,0
13.110434,15.44553,0
6.173654,5.047238,1
3.1913538,1.0042344,1
13.034155,-6.342346,0
10.559882,-5.9257708,0
10.995414,11.510554,0
13.386506,7.748632,0
-3.1560223,12.626526,0
10.280614,14.547787,0
10.919482,-5.1846466,1
-4.5713453,3.4918282,1
3.2791576,17.147161,1
9.757407,13.672521,0
17.962889,0.9062557,1
9.9281025,-3.7252197,0
-5.3056717,-0.6658152,1
9.1713,-4.1762304,1
15.8930235,7.10113,0
11.231528,2.2795486,0
10.110117,14.566937,0
-1.457051,-3.0112789,0
9.553306,11.126019,0
19.636103,3.1092777,0
12.287456,-5.153889,1
11.014582,-5.1537604,0
6.3422585,5.199769,1
11.02727,-3.3586776,1
16.78143,8.581365,0
10.389821,14.404169,1
6.2765956,1.158976,1
7.017197,0.9810706,0
10.351754,13.4488325,1
17.722824,1.0668343,0
4.4442763,2.7670586,1
11.068872,-3.9174051,0
-2.0471907,8.510937,0
6.043599,1.1501921,0
12.489083,3.0787787,1
12.017274,6.528415,1
8.077891,4.1844783,1
10.83154,-3.7751088,1
3.8358014,3.5363586,1
10.871352,11.4522,1
14.040358,4.0744896,0
16.102613,9.914294,0
14.183372,-0.51862,0
-3.946954,12.159474,1
9.816172,11.820861,0
-3.698285,12.661837,1
14.096739,-0.6398526,0
9.6731615,14.574638,0
14.274909,-1.0702109,0
-1.9351711,7.6680455,0
13.9420185,-0.67531097,0
-2.1764421,3.5215123,1
-2.7742708,-0.2903315,1
9.539967,10.505064,1
12.243413,-3.118472,0
10.443777,6.9642353,0
12.952675,14.959582,0
14.2406,-0.48265943,0
-3.5492616,12.815416,0
2.9216208,16.68316,0
6.4142575,4.8178535,1
9.802494,-4.5540676,1
10.700334,-6.315069,0
-2.7988296,-0.62949896,1
13.435666,8.073321,0
19.100046,2.3816087,0
16.620481,7.9201174,1
11.93679,3.3393826,0
-2.977289,-0.7170136,0
3.832298,2.9758103,1
-5.2691946,-2.6309197,0
12.887521,-4.478315,0
17.907997,3.7618465,1
16.488081,8.125532,0
-4.9565654,-1.4542179,1
12.848757,-6.290933,0
8.51369,-5.0054317,0
1.592394,15.927109,1
16.457382,9.358548,0
10.761321,-6.098411,0
12.354175,-5.2779813,0
16.16552,7.77531,0
10.717623,-5.4218736,1
6.332454,0.5974492,0
-1.7615863,4.181695,1
10.686239,11.900432,1
4.360409,17.075888,1
16.40119,9.460323,0
-5.098734,3.8816934,0
-2.9319055,-0.6932972,1
10.220104,12.005762,0
6.9820223,12.192009,0
1.6830925,15.305122,1
3.56612,16.038183,0
4.129636,1.5266473,1
-4.9888234,3.852066,0
13.763844,-5.70303,0
6.904531,0.87981474,0
13.141554,-5.9411507,0
5.450646,3.1600316,1
-1.7594513,4.1465855,0
-5.2168546,-2.5948865,0
8.36952,10.009643,1
10.331231,7.0223784,1
7.141123,5.290605,0
18.302925,3.2601967,0
-5.210105,-2.0770473,1
13.860802,6.9535785,1
10.852559,0.98827267,1
8.9620495,-3.9386675,0
-1.1846883,-3.1700745,1
-5.1795325,-2.5186124,0
-3.7743526,12.60768,1
7.934689,4.214116,1
12.429067,6.1831455,1
3.3658316,16.8629,0
6.139051,2.96572,1
-2.7679193,7.6872945,0
18.243515,3.5836446,1
1.5744181,15.276149,1
11.364936,-4.0688677,0
12.232352,15.036317,1
8.80639,9.533245,0
-3.4336262,12.15227,1
15.5235815,8.906601,0
13.900139,-5.7496395,1
12.35513,3.1421561,1
9.501553,-4.784619,0
11.843606,12.75634,1
-2.599845,8.147898,0
15.884211,3.8360274,0
17.830063,3.1107104,1
3.0794313,1.0242397,1
11.662237,-2.4247608,0
11.154746,-2.8222723,0
8.758343,-4.255879,0
10.179149,11.61632,0
-5.3937335,-2.7814422,0
3.1557612,0.9603074,1
18.048151,2.216385,0
10.739492,11.449626,0
-1.8225992,3.716882,1
6.0084696,2.5858507,1
10.810431,11.883958,1
8.321207,-4.4126887,0
13.13487,-6.2773495,0
10.122644,-3.026434,0
13.528168,7.4900384,0
9.502618,14.44253,0
14.127433,14.763486,1
-2.0272417,3.5318835,0
17.616444,2.376427,0
12.256538,-4.516068,0
18.977228,3.7889848,1
10.82771,1.3860174,0
5.5426064,10.6711645,0
10.756033,-5.66845,0
10.390147,14.388701,0
13.374916,14.926232,0
6.178626,0.38638505,1
-4.569494,3.884558,1
-2.7328339,-0.5562489,1
6.850371,0.89394575,0
1.975534,15.790488,0
2.7910347,15.301393,0
3.1316593,15.896248,1
7.505691,4.786399,0
8.909594,-5.2758236,1
17.558342,0.8909494,0
16.234095,8.367828,0
10.964741,1.5521753,1
-4.3439116,3.346758,0
-3.4277074,13.612663,1
-1.422372,-3.039805,1
12.98223,-5.5315404,0
13.838467,-4.651036,1
-2.8559484,7.4614396,0
13.620059,-5.308724,1
16.137735,7.9028277,1
15.832018,6.4963813,1
5.3521986,3.1779408,1
9.914736,-4.787547,0
9.47273,-3.9875376,0
7.4274573,4.723042,1
19.594664,3.4632719,1
-0.6692777,-3.6344662,0
-2.2698812,6.96924,0
9.817321,-4.848457,1
13.505052,4.175073,1
12.372472,13.057134,1
13.835185,-0.7854267,0
3.8273885,0.7782373,1
17.837576,1.301852,0
8.934049,9.501694,0
6.9614916,12.136463,0
11.238312,2.25139,0
18.891346,3.4197018,0
-1.8955263,3.8127027,1
-2.8343048,7.9096646,0
3.4533975,15.895623,1
-3.6554165,12.095037,1
6.345911,12.134531,1
10.5485325,11.738997,0
16.310623,7.7287197,0
13.854052,-0.21835762,0
3.9595394,3.6801984,1
3.3177962,16.690535,1
18.8336,3.3964193,0
-2.7785094,-0.30537024,1
11.698434,1.2776699,1
13.428791,8.063846,0
10.331644,7.650477,1
10.170623,11.9049225,0
16.27173,8.40174,1
4.0435038,16.20956,0
11.678917,6.8282237,0
8.338606,-4.789609,1
10.964249,12.011316,1
9.7769165,14.5547495,0
15.719064,8.677874,0
4.371118,3.2488565,0
10.772296,-5.869715,0
-3.7215934,12.357618,1
17.73132,1.2184676,0
12.142223,15.352076,0
3.0866802,1.0062125,1
7.2570343,5.3803596,1
15.413544,3.4249914,0
5.6158586,3.7320347,1
5.9089904,0.6182327,1
12.906646,-3.8957875,1
13.912676,-0.23119853,1
4.257727,16.88202,0
8.707995,9.440368,1
-2.3969636,7.8233776,1
17.444618,1.207645,0
18.870644,1.3443062,0
11.594306,-6.479029,1
16.538443,9.237786,0
-0.6272383,-3.483828,1
18.013672,1.1983969,0
3.9610229,3.1548963,1
16.520046,9.277963,0
6.087209,2.7531497,0
6.6614122,4.1871805,1
15.501942,3.6728678,1
12.945864,-5.3892355,1
12.20386,-2.1597798,1
-1.6908369,-3.007711,1
10.577865,14.286927,1
16.191114,8.987763,1
4.6209936,0.8183969,1
3.8529837,0.54196644,1
6.0815687,0.78828275,1
10.629758,7.1535153,0
11.513101,-5.9104595,1
10.910844,-3.7033412,0
15.630912,9.653165,0
5.7236075,3.0989146,1
15.571475,8.993,0
-1.8279864,7.8015943,0
16.256084,7.729896,1
15.500184,3.682683,0
13.7135,-4.401258,1
13.175278,-4.8097277,1
-1.5752757,3.9503253,0
-2.5855286,7.796788,1
-1.8139437,3.7018304,1
2.1047645,17.072678,0
10.350288,11.534302,0
4.6654387,17.096252,1
5.7688923,1.5444751,0
11.533066,1.2487005,0
8.491844,4.332485,0
10.815845,1.382561,1
8.983132,-5.0271316,0
16.30833,7.8833656,0
-1.7219839,3.7945943,0
-2.2819347,8.222533,1
17.62321,0.78249794,1
11.881312,13.282996,1
15.375213,9.244234,0
-0.89899474,-4.4290824,1
13.876179,15.207214,0
5.7539845,3.333843,1
13.076331,-4.04474,1
11.868104,-3.538083,0
11.706409,0.97433674,0
11.703602,1.2231848,0
7.5854583,4.340686,0
-2.2846708,6.983254,0
19.054718,2.154773,1
-4.1894774,3.376697,1
-2.9436932,-0.7168274,0
15.225694,8.04042,0
12.865167,14.308839,1
4.706449,17.152678,0
2.820704,16.459902,0
5.5010633,3.63109,0
11.064588,-3.659921,0
12.581205,13.9445715,1
16.647697,8.771215,0
-3.5413742,14.093583,0
-5.2742248,-0.70728767,0
13.692752,-1.1559842,1
18.251524,1.26153,1
19.10873,2.1931992,0
-2.6464775,13.195958,1
-2.9065838,8.102923,0
-1.8745152,-3.7341135,1
13.642354,-5.484418,0
-2.242314,7.033434,0
6.0881367,2.8071642,1
15.924872,6.722379,0
13.310687,-6.1419263,0
11.021878,11.596586,0
3.7879963,16.021059,1
17.083284,1.7135779,1
2.711081,16.175447,1
13.127997,14.9631405,0
15.642016,8.050606,1
19.221378,3.030944,0
9.445873,10.333472,0
8.362345,-4.685867,0
10.436337,6.917541,0
12.211065,-3.460031,0
10.265536,7.699553,0
15.468239,8.136472,0
-5.386168,-0.5826548,1
1.6870339,15.614298,1
9.873786,13.516878,0
3.63713,3.3715646,1
10.401833,13.902941,1
12.177595,15.571971,0
10.373744,-2.8752718,1
14.233334,-0.51810884,1
-5.370975,-0.5996968,0
6.1563735,10.933979,0
13.8587475,15.40288,0
8.4968195,4.1273284,0
15.735358,9.444081,0
12.1343,12.854645,1
15.709359,10.040075,0
12.331821,-5.039511,0
11.173485,0.75805235,0
12.887691,14.872746,0
17.75237,0.6611474,0
-1.9899915,8.518454,1
19.58621,3.1655123,1
10.582878,14.322181,1
11.006401,11.550282,1
8.475088,4.357447,0
17.59508,1.6935883,1
-3.1646304,12.329306,0
-1.9372779,3.6635916,1
11.135822,-2.8130708,0
6.5430074,0.97570425,1
1.6954883,15.735735,1
15.784355,6.4118557,0
12.612071,15.495116,0
-2.0891247,8.369428,1
3.8607345,1.7983326,1
11.063228,1.1252676,1
18.556017,2.3761554,0
6.1355166,10.894209,0
-1.9082044,4.114547,0
12.336135,15.242794,0
3.8548522,3.2317147,1
16.574736,8.632844,0
-5.3556604,-0.62015593,0
6.1832523,0.8071044,1
10.931009,13.79457,0
-5.4225507,-2.841499,0
-3.507739,12.860006,1
5.5478573,10.678018,0
1.712616,15.214629,1
7.460029,5.1090283,1
4.110016,16.892794,0
12.837575,-3.9622145,1
9.000537,9.906272,1
12.340293,3.0442584,1
4.2854643,2.9489367,1
14.102984,-0.6392996,0
16.090044,8.923544,1
9.749627,14.562494,0
-4.595297,3.6800575,0
11.745839,-4.715768,0
-1.2511624,-3.1217551,0
12.457165,-5.6816015,0
9.55559,11.991101,0
17.889578,2.319564,1
-2.269075,3.3796766,1
-3.8456016,12.425791,1
9.898658,14.303284,1
-2.5480125,7.837769,0
5.705326,10.652519,0
17.813835,1.2627165,0
10.5545025,6.658715,1
6.541598,1.2134793,1
19.350756,2.0769567,0
4.554988,17.07701,1
2.7642527,16.450941,1
8.463303,9.706713,0
4.0996428,1.5506645,1
12.545712,14.942646,0
10.91019,-5.5067673,0
12.467694,3.2182531,0
10.957268,11.690696,1
6.4129844,4.100413,1
15.691186,9.08523,0
11.848449,12.778451,1
18.052246,3.5386765,0
1.6174607,15.364413,1
12.885831,-6.3659225,0
9.200695,-5.555585,0
14.058967,15.1177635,0
11.299261,-6.137536,1
-3.2086568,12.285422,1
4.794645,17.298006,1
3.448341,17.150202,1
6.1813264,2.6662977,1
10.796618,-5.9482102,0
11.059952,12.2957,1
12.220945,-3.459669,0
6.0661902,10.801542,0
-3.6908424,12.617779,0
19.677702,2.973335,0
-3.6194208,12.045962,1
11.386945,-2.685704,1
10.387618,13.890117,0
3.8103952,3.5642617,1
5.397469,1.7853892,0
18.918427,3.7557297,0
13.433093,7.305694,0
17.562016,1.9874502,0
4.532811,0.77753466,1
-1.6079116,3.844037,1
11.430007,-5.5320024,0
6.605351,1.1050831,1
2.8757493,16.380987,1
11.20094,0.7628741,1
4.1841826,16.888077,0
12.971419,-5.5430193,1
11.5711565,-5.85195,0
16.45112,8.667888,0
8.821835,-5.2862797,0
-3.5570848,12.82943,0
19.129154,3.914642,1
19.014303,2.5157669,0
-5.3026257,-0.6812333,0
3.8937953,16.00707,0
15.841301,3.8849633,1
-4.5767283,3.4573805,1
-2.76286,7.540035,0
1.9315032,15.475968,1
16.024641,6.938261,0
9.309622,-3.6410475,0
14.054537,3.905751,1
6.869557,0.834085,1
5.985599,2.849453,1
15.78854,6.745095,0
13.936306,14.824909,1
6.942762,12.122682,1
9.4614525,10.282967,1
12.2770815,-6.533942,0
13.553098,-5.389744,1
-2.488106,3.585077,1
6.22715,0.61265194,1
9.696714,14.388577,1
18.362621,2.886665,0
17.43842,1.0652769,0
12.66706,13.867961,1
13.220657,-4.514575,1
9.722867,11.897875,0
3.8404446,0.56733686,1
18.652987,2.3012462,0
-1.3238904,-4.103155,1
10.109645,7.2302556,0
6.4359736,12.099336,0
18.021288,3.3839798,0
8.471457,-4.278464,0
9.386565,9.977339,1
7.1589026,5.4806104,1
6.918675,12.223848,0
1.9734772,15.636667,1
3.6873345,1.7468854,1
11.003656,1.541555,0
15.83096,6.442924,0
-1.9966626,8.564603,0
17.45496,1.3835227,0
15.682009,3.6784866,1
-4.4417796,3.3433409,1
13.617553,6.7335715,0
16.40607,7.6643066,0
11.270092,12.429638,0
12.325961,-3.045329,1
11.894503,6.338785,1
18.078983,2.9566364,0
-1.9084082,-3.403793,1
11.889861,6.304552,1
2.386509,15.063003,1
11.167313,-6.412353,1
5.394879,3.121505,1
10.35414,-2.999378,0
5.677052,11.34513,0
10.505269,6.716739,1
6.472226,4.0342193,1
7.1920786,5.2936234,1
10.278583,7.399821,0
10.479623,6.6502695,0
9.85201,14.525352,0
2.701621,16.173473,1
6.780897,12.062067,1
15.699121,10.056578,0
-4.648537,3.7875445,1
11.874155,6.3409195,0
2.2198954,15.836812,1
-5.4901614,-2.931508,0
13.67016,14.7782345,0
14.032464,14.538297,1
-3.6191974,12.973137,1
11.012166,-4.907206,0
14.241479,-0.48520407,0
13.033104,-5.94334,0
9.770779,12.035603,0
-0.96095973,-4.3439035,1
10.666133,-4.545907,0
5.9782968,10.746974,0
15.90688,3.8186445,0
16.03415,9.742796,0
4.4026365,3.4990015,1
13.856664,-1.1155256,0
17.874662,3.4108832,1
11.703607,3.129467,0
5.989082,3.4165072,1
15.878701,6.511476,0
11.336111,-6.209479,0
11.965908,-3.1595635,0
11.150772,-3.8986704,0
4.976547,2.3323684,1
9.910018,-4.047844,0
4.4225216,16.894806,0
11.013992,-3.832404,1
-3.4026892,13.342003,1
14.042573,4.022332,1
10.902431,11.9791765,1
10.140967,14.474895,0
4.229987,1.5173514,1
11.229026,-3.036792,1
8.363296,4.0588527,0
13.544902,-1.0372539,0
11.661076,1.0591056,0
3.6371446,16.042532,1
6.9826922,5.483894,0
-2.9215999,13.096551,1
2.620079,15.118221,1
9.545477,10.27763,0
12.522438,13.948547,1
-3.639379,13.694692,1
9.311171,10.204587,1
-2.142229,7.2538676,0
3.5154886,1.0765501,1
16.11017,7.0944796,0
8.50589,-4.8942723,1
-1.6748656,-3.0384505,1
15.836674,6.4739385,0
17.576283,1.8964309,0
15.601462,7.9752884,0
19.170845,2.4559553,1
11.44799,-2.648389,0
17.48529,0.9663156,0
-2.3200796,6.9531083,0
6.964198,12.162741,1
-1.5528264,3.981472,0
-1.5715791,-4.1303782,0
-2.265731,7.726483,1
6.1348844,0.8938955,1
10.192923,7.5645304,0
11.876467,-3.4228458,0
9.917967,-4.625891,1
1.83101,15.567862,1
11.577017,6.97693,0
12.2541,2.9063563,1
10.789127,11.571653,0
18.48584,2.4194932,0
13.658563,-5.175706,1
-1.8110479,3.8044348,0
12.9543,15.422236,0
-2.681872,-0.5054978,0
-5.196749,-0.83474064,1
-5.1623173,-1.9345177,1
15.987352,7.930056,0
-4.0718975,12.283532,1
13.461889,-1.2009389,0
14.0134115,3.9314888,1
16.116371,9.120443,0
-1.7929828,-4.9245863,1
17.552624,0.9210013,0
16.061773,6.826105,0
18.201923,3.5190299,0
8.453909,9.730906,1
-3.5031507,13.64332,1
11.756101,6.719047,1
-0.76630515,-3.844812,0
12.676433,-6.4692183,1
3.2742558,0.8974434,1
3.136793,17.227139,1
18.174429,1.9508611,1
-2.1795187,3.4521744,0
3.9838226,3.5747142,1
-5.3278184,-0.6578168,1
4.1685696,3.722405,1
4.418273,2.0051908,1
13.022514,-5.0921993,1
8.924334,10.257495,1
1.6672295,15.6130905,1
3.9544458,3.570017,1
11.636047,0.8624692,1
-4.227844,12.3391905,1
19.404913,2.381633,1
10.991373,-2.9869344,1
6.778181,12.139817,1
11.640798,6.536283,0
11.824808,-5.2713366,0
11.758512,6.663319,0
2.7909017,16.874306,1
12.3731785,3.383336,1
-1.8829025,-3.1878476,1
10.205247,11.723891,1
-3.7083087,12.177829,1
12.815078,-2.9705157,0
-1.9761778,3.5856185,0
2.4126575,17.55963,1
17.755415,0.8277511,0
-2.815923,-0.6039308,1
-2.2583518,3.3790972,1
4.1988635,0.6143701,1
13.016423,-4.534763,0
16.478582,9.029501,0
-1.1803942,-3.136114,1
11.2759495,-6.434188,0
15.5841,3.619897,0
3.010361,16.172695,0
5.9767785,0.86056256,1
-3.8934848,12.756453,1
10.901648,1.8311293,1
9.914562,-5.9281282,0
12.381455,-5.46379,0
12.379338,3.7980917,1
11.747033,3.3045115,0
10.177602,7.100211,0
5.581065,3.3300185,1
10.312092,11.765665,0
2.5316427,16.865166,1
-1.9362062,8.469609,1
5.820344,11.358546,1
-2.6911447,8.371853,1
9.226616,-4.023607,0
12.244006,-2.4184194,0
16.456915,7.7926784,0
5.594354,3.7147832,0
3.3109758,0.9305251,1
2.7853408,15.223371,1
13.529101,-1.1280425,1
10.818275,1.0515912,1
-3.7645562,12.690446,1
17.583166,0.90629864,0
13.110032,-3.8841941,0
13.911774,-0.09748318,0
11.595616,6.9584217,1
12.495841,-6.1004043,0
13.376083,14.79664,1
13.342483,-3.7311506,0
-2.9562957,-0.7220558,1
10.254302,-4.913267,0
-1.1852276,-4.2381,1
12.730808,-6.398682,1
10.747764,-5.8800125,0
1.6749609,15.980092,0
-2.9320757,-0.6984268,0
12.254774,-4.287781,1
13.423607,7.6916723,0
7.460639,5.015292,1
2.5987375,15.0966215,0
10.177731,11.535633,0
10.328162,-4.6746087,0
10.908465,1.7541211,0
16.478968,9.169157,0
9.716666,12.072533,0
1.5033554,15.45871,1
11.0424795,11.803825,1
14.239443,-0.44882417,0
3.1122806,15.860604,1
19.287354,3.7136655,0
13.253859,14.572719,0
3.9967766,3.42133,1
19.276043,2.8569865,0
2.4035208,15.750748,0
-3.7018769,12.610454,1
9.291705,-4.611065,0
15.799248,6.788656,0
-5.519293,-2.958357,0
4.6565833,1.0459898,1
10.074769,-3.0459177,0
17.70208,1.8217523,0
15.914007,8.15776,1
-1.6421673,-3.0330722,1
11.740109,3.345146,1
10.570467,6.63529,1
11.038239,2.0683513,0
11.493235,1.0398765,1
13.877078,-0.17240609,0
4.281754,1.6966679,1
-2.8321016,8.309579,0
17.143038,1.7447847,0
-1.1467265,-3.1536834,1
-1.9405335,8.435407,1
11.709455,1.2403383,0
17.534506,1.2718735,1
13.69077,-4.8533792,1
12.98327,-5.6126513,0
6.2775464,0.7539162,1
12.815426,-3.1749015,0
11.618775,6.9235187,0
-4.178698,3.3589625,0
11.5936165,6.8431897,0
5.2442727,2.8946714,0
-2.6092417,-0.40350744,0
-4.5750217,3.5151935,0
12.679969,14.224413,0
9.201273,-3.9938314,0
12.224431,13.457002,0
12.317069,-2.3189065,0
4.1455097,3.7266622,1
12.381486,-2.4912808,0
11.011611,-3.652713,0
9.9194975,-3.1166117,0
13.479881,-5.810751,0
-4.547847,3.5546315,1
12.481099,13.866432,1
18.015785,0.77657694,0
13.322265,-5.4850373,0
17.97689,1.0714267,0
12.829187,-6.4390793,0
13.5876875,-6.0768657,1
9.543318,-4.719072,0
8.357522,4.182786,1
6.9873314,1.0000098,0
5.9780283,2.8652031,1
11.379487,-4.0115695,1
-1.7306277,4.1645684,0
-3.7422237,12.561615,1
11.258574,-5.8845153,0
-2.229248,8.145016,0
11.5958605,6.954972,0
13.977512,3.937796,1
11.358988,-3.0608602,0
9.837019,13.666396,1
-1.6815782,-3.4685745,1
12.641351,15.673058,0
10.259967,7.172557,0
-5.2479615,-0.76257706,0
13.754475,15.380591,1
5.6303263,11.352185,0
19.478275,2.4892948,0
12.212961,-5.8302326,0
5.945979,3.1417925,1
6.6767263,11.910961,0
3.574505,0.6567788,1
12.341767,3.2227855,1
10.28679,7.045394,0
-2.7727811,-0.5745001,0
4.19046,3.64199,1
6.510906,5.009996,1
12.488606,3.092701,1
19.371626,2.3877804,0
11.854569,6.391919,1
10.388183,6.694987,1
18.013474,0.75307906,0
5.9680767,3.3972807,1
7.979176,4.083698,1
18.942038,2.9395158,0
9.699755,11.9317045,0
19.349133,2.39655,0
10.963602,-5.1242175,0
17.749083,0.7670127,0
-2.7557259,-0.29269734,0
15.952156,7.144989,1
16.251719,9.61441,0
-1.7274519,3.7764482,0
15.564792,3.7255442,1
-1.8194568,-3.113517,1
3.366583,17.22531,1
10.211015,14.554047,0
6.0428314,2.7771642,1
-4.2742205,3.6665993,1
9.375574,9.940254,1
13.462112,7.461751,1
6.298188,0.44028375,0
-1.7861391,-3.7231815,1
-2.7069712,8.452194,1
6.7976995,11.963883,0
-1.6654116,-3.9144719,1
-3.7536674,13.728406,1
9.160647,9.666281,1
19.591202,3.0634925,0
15.877138,6.514455,0
11.355585,-5.216989,0
12.258737,-6.545308,0
3.366466,1.001365,0
9.5992365,11.948705,0
13.300645,-6.041464,0
13.735357,-0.4101538,0
4.588308,0.94627815,0
19.458817,2.3916578,0
3.1031132,17.063517,1
12.9569645,-4.1832285,0
7.0314364,0.63387036,1
6.1953225,5.0307693,1
3.784415,0.8053198,1
11.799799,12.773257,1
-2.0479972,4.076772,0
12.14408,6.277844,0
2.7676218,15.318197,1
11.795487,-3.109558,0
-2.8102186,-0.60168463,0
17.116549,1.7552805,0
15.340861,9.213198,0
-3.1092155,13.764613,1
-3.6416936,13.722331,1
7.3960357,4.6013336,1
1.7846261,15.161978,1
13.336172,14.108684,0
15.455562,9.389498,0
-1.7817196,4.1648026,1
5.88106,11.337485,0
18.127937,1.706064,1
3.6866395,15.934748,1
1.617563,15.544043,1
15.769928,9.105574,0
14.066967,-0.35554922,0
16.028255,9.693342,0
-2.686336,13.218414,0
13.774138,-5.524229,1
12.386147,-6.2091613,0
12.499426,3.6635141,1
-4.6969066,3.5847964,0
11.81585,-3.7108269,0
6.520777,4.9834332,1
7.4586964,4.95762,1
18.482508,3.3069782,0
6.5061,3.973955,0
6.098578,2.8380218,1
13.211698,6.674553,0
6.961072,12.143057,0
10.322549,7.127791,0
-2.905434,8.118691,0
6.524189,0.91892684,0
8.747915,-4.3816376,0
-3.1350906,12.445392,0
4.097814,1.5926734,1
3.0276814,0.90656185,1
12.545417,15.546971,1
18.88506,3.0217385,0
13.699011,15.497847,1
12.350355,13.067567,1
12.130846,3.299617,1
12.135506,15.315495,0
-5.415924,-0.5499307,0
19.165405,2.2127678,0
10.996256,-5.306951,0
9.543498,14.109504,0
3.6030562,15.950859,0
-1.8452412,3.84628,0
11.705711,6.513032,0
-1.7612513,3.8662214,0
15.79531,6.846028,0
-3.3029866,13.597492,1
14.1735935,-0.6910722,1
12.796478,-3.986291,0
11.842359,-4.3515444,0
11.286895,0.7449972,1
19.536459,2.6074343,0
10.874957,1.7248989,1
12.93585,-5.38129,1
10.2879925,-4.7365785,0
-3.7155786,14.003306,0
1.8029236,16.060514,1
16.01385,6.933874,0
-1.6792122,-3.9940019,1
-4.1671386,3.436977,1
12.339959,-4.018336,1
17.143158,1.8320231,0
-2.3168674,8.1294155,0
18.091265,1.9129261,0
3.4300568,0.7928361,1
-3.5163198,13.439217,1
10.2233515,-4.896815,0
19.300997,3.3186407,0
19.2445,3.907191,0
16.571333,9.190863,0
13.637474,-5.477246,0
10.216673,13.350813,0
11.919688,-3.0505586,1
-5.218609,-0.79398423,0
16.173035,9.740901,0
10.3851185,7.4146895,0
3.9362822,1.1749512,1
1.9975787,17.330349,1
9.563847,11.980971,0
4.313607,3.2587564,1
13.708904,-5.852925,1
11.706895,3.270675,1
11.147814,-2.441325,0
11.587368,0.909299,1
11.286682,-5.7935166,1
10.38216,13.986127,0
1.5387801,15.580895,1
11.201769,12.387363,1
8.512448,4.3207707,1
18.822748,3.111907,0
7.1781354,4.92443,1
-3.3710787,14.109269,0
10.23221,7.011899,1
11.613282,-6.4401774,1
11.351368,-3.641832,0
12.40774,6.516651,1
4.3030567,17.118872,1
8.854726,-4.111263,1
2.9067814,17.02151,0
19.175938,1.6096697,1
10.325185,14.032581,0
8.430924,4.285929,1
13.449306,8.044511,0
8.91227,9.9544935,1
13.937768,14.639104,1
15.244923,3.522115,1
-4.739964,3.8885603,1
19.219769,3.728541,1
3.393987,17.002281,0
-1.0959008,-4.590045,0
-1.3429518,-3.0805326,1
-1.4891133,-2.959082,1
3.987851,16.10269,0
13.0906,-3.9458535,1
12.138894,-2.1786902,1
-2.0296047,4.0968814,0
-5.512465,-2.9507504,0
-1.7082877,4.1419086,0
5.9410415,0.56522775,1
1.7406582,16.237135,1
12.903557,15.486901,0
14.566225,3.7202096,0
12.30946,-5.2328825,1
15.710503,7.4189267,0
12.362705,13.793644,1
13.980448,-0.7148009,0
19.257494,2.5295188,0
-4.2568355,12.345893,1
3.3072968,16.600403,1
1.9249395,15.095991,1
9.907526,-4.488994,0
6.9541206,0.5385226,0
-2.589132,8.435478,1
12.275127,-5.8197007,1
-3.1024792,13.9307995,1
12.397184,12.973033,1
6.0835943,10.879652,0
13.398452,-5.0077705,1
3.9667969,1.2263083,1
6.4949045,12.095725,1
3.1940482,0.93127733,1
3.3319204,17.249203,0
11.799183,6.5790586,1
9.198325,-3.8769834,0
13.133204,6.6596613,0
3.1106436,15.493209,1
7.0012984,1.0558311,0
2.2200792,15.828403,0
6.553109,4.092981,1
18.77576,1.8005941,0
18.424902,2.4249902,0
7.442256,4.0776596,0
-2.3169713,6.9914947,0
-2.9041405,7.97004,0
13.482928,14.5837965,1
13.8179455,-4.654078,1
13.756568,-4.387961,1
18.752884,3.5181084,0
11.250041,0.77466637,1
-4.052856,12.131803,1
11.855969,6.376412,0
14.310057,3.8585277,1
11.830552,-4.6033196,0
8.880177,9.474807,1
12.453371,3.2778676,1
7.1857786,5.447858,1
11.979916,2.6908147,1
12.126721,-2.125808,1
16.638706,8.033148,1
11.028334,1.0712973,1
2.349988,17.631794,0
7.521372,4.678719,1
12.91241,4.0987234,0
10.026004,-3.2247858,0
11.645245,6.9685283,0
12.812367,14.24559,1
-2.8120291,7.637695,0
11.75377,1.1996787,1
8.746057,-4.9993205,1
18.822674,3.0518396,1
10.385287,11.7837,0
13.636643,7.9017873,0
9.498737,14.378925,0
6.7344136,4.1590776,1
13.485776,8.007066,0
10.257406,7.6529374,0
3.8675678,16.08943,0
2.0623531,17.503122,0
13.513855,7.4900203,0
3.7150893,1.1206267,0
-5.0434313,3.9252646,0
12.269056,15.626821,0
4.7836056,3.4391022,1
17.966024,3.0059829,1
15.652453,7.2644506,0
14.113506,-0.5803993,0
-4.5135894,3.4836953,1
12.989322,-5.9550858,1
8.163456,4.1300364,0
11.465495,-5.518372,0
13.701715,-5.5153317,0
9.626368,14.5515785,0
9.825025,11.833356,0
-0.78992665,-4.037068,0
13.837535,-1.2201402,0
15.562528,9.605833,0
18.85203,2.7248003,1
2.5010216,16.90321,1
-1.6224359,-2.99193,0
8.609684,9.380132,1
1.6898845,15.651449,1
9.935785,-3.2734604,0
8.781121,-4.264639,1
5.6909447,3.0841844,1
-2.553052,-0.29830083,1
-1.1963137,-4.146738,0
18.893791,2.181097,0
14.028555,-1.134827,0
9.155818,-4.7686324,1
16.47103,9.4721775,0
-1.9240123,8.407809,1
6.2449627,10.940811,1
-3.1555161,14.143725,1
-1.0119007,-3.9548879,1
11.709177,-5.6588826,0
19.686148,3.0982049,1
11.829107,-2.1436062,0
3.8800821,3.243283,0
4.2060204,3.6306546,1
11.893646,-3.4471176,1
6.3070602,4.936674,1
-4.8887925,-1.0918998,0
10.555456,-3.3271058,0
-4.372684,3.7314868,1
12.881969,-5.586544,0
-5.2129855,-0.85944074,0
12.790244,3.9779196,1
13.037972,-6.0884223,1
3.8075304,3.025852,1
-5.179155,-0.88341004,1
13.690401,-0.29131615,1
2.088228,15.714686,1
2.2825322,17.74328,1
7.3204765,5.2380795,1
9.928373,-3.186404,0
18.317766,3.1503727,1
12.597879,14.120321,0
11.579258,-3.3563035,0
12.369457,-5.994528,0
13.861994,6.9613194,1
-4.3866534,3.428666,1
8.695182,-4.3691297,0
5.5511284,3.2530599,1
10.08335,-3.1362524,1
19.333683,2.8469458,0
12.436495,-1.7241002,0
10.857561,11.865387,1
6.1909637,2.8489463,0
13.532726,7.079267,0
9.616728,11.930998,0
9.444742,10.2963085,1
13.894931,14.851219,1
16.108742,9.817979,0
11.459577,-5.818739,0
12.285794,3.486642,1
12.35087,12.978036,1
11.972695,-5.8574033,0
-3.1864705,13.61565,0
12.324551,-5.18654,1
13.644894,6.998043,0
-3.7145388,12.510552,0
14.06469,4.1192937,1
8.365961,10.056268,1
8.855379,9.803643,1
7.3896275,4.8460956,1
-0.9582648,-3.4705741,1
-1.6302947,-3.929636,1
-1.7388997,-3.0082343,1
4.5370097,2.5679033,1
-0.810092,-3.4594657,1
10.94448,1.557244,1
19.540777,3.397806,0
13.702025,14.871544,0
-3.2074575,12.593259,1
8.95748,-3.9853094,0
11.142759,1.1685311,0
13.447102,15.628726,0
3.5710266,1.641933,1
7.4328647,5.1812973,1
10.819022,1.0845925,1
9.022303,9.8406515,1
15.613202,3.7349365,0
10.3557205,7.610176,0
7.2605233,5.399564,1
-2.6181412,-0.32341096,0
15.572513,9.233838,1
7.1329823,5.499969,0
-1.5062364,-3.8275204,1
11.689181,-5.3565483,1
11.827288,-3.3061237,0
5.5123696,1.5693536,0
13.691215,7.8795953,1
10.62103,11.528671,0
18.47735,1.7567722,1
-1.9395987,8.649849,0
12.21396,15.008673,0
13.641403,-4.4644923,1
16.628899,8.071581,1
10.184775,-6.2209916,0
-5.4011917,-2.8318033,0
6.0792117,10.985227,1
-3.4120665,13.351851,1
-2.8337393,8.180698,0
-3.5121632,12.841269,1
4.6645894,0.75134313,1
-5.286039,-2.4494298,1
7.33228,4.6898203,1
7.1585827,0.717678,1
19.100899,3.9878395,0
10.317656,7.6313643,0
-4.640185,3.5538661,1
-1.4511226,-4.0175953,1
2.6081977,16.956867,0
11.901735,-2.3898153,0
12.223074,15.539702,0
6.6855993,11.879077,0
8.805656,9.673499,1
4.6139402,2.8791437,1
9.432272,-4.655634,0
7.3032556,5.3581624,1
10.65022,-6.3904634,0
19.539392,3.5373244,0
13.966824,-5.679021,1
10.830871,-4.8650827,0
18.435362,1.5046604,1
10.292397,7.644858,0
18.632637,2.309612,0
9.750672,-5.6528854,0
13.426133,7.689083,1
12.298791,12.94216,0
2.0750914,17.110933,1
5.9966073,11.369131,0
11.867416,6.591595,0
12.708861,6.6189313,1
1.545587,15.679617,1
-2.4432929,3.8832824,1
-1.3710024,-3.0282745,1
10.944559,-5.1266494,0
16.330519,8.114464,1
18.080502,1.2506201,0
10.818624,1.516133,1
-0.85521686,-4.255127,1
-2.813918,-0.6133975,0
-3.8104997,12.787605,1
11.21533,-3.1604033,0
13.156136,14.569821,0
-3.1505103,13.631651,1
-3.7592874,12.890165,1
17.957989,1.7469049,0
3.3494685,0.9636099,1
-2.3824017,7.7877674,1
9.850184,-4.514451,0
3.6514273,15.986087,1
18.978281,1.3666538,1
19.238438,3.9744027,1
11.41161,-5.4436793,1
15.782052,3.8867304,0
12.875249,13.9138975,1
11.7952795,3.3812277,1
10.082733,14.096898,1
-3.7446444,12.5896435,1
-1.6984669,3.8439689,0
-5.38983,-2.7872558,1
9.671497,14.537335,0
9.750995,-5.9550185,0
12.447663,3.1353877,1
1.7563283,15.187924,1
13.527234,-5.924872,0
-4.029326,12.68762,1
10.349034,7.6373434,0
11.207136,2.2478435,1
5.67162,1.1810254,1
-2.306998,6.9733477,0
2.0813143,15.420711,1
-2.8836918,-0.669017,1
12.297428,-5.7945094,0
12.942852,-6.130952,1
-1.820084,3.8405964,1
10.252592,7.6879597,0
-1.8713447,-3.1415367,1
4.282233,3.213383,1
11.866618,-2.1207879,0
13.394746,-4.0563188,1
4.9573355,2.3425376,1
-5.242959,-2.613208,0
12.23299,-6.446071,1
10.826549,0.9958784,1
18.842585,3.8642144,1
12.25664,15.634559,1
8.289753,-4.411982,0
6.0143647,11.400505,1
3.3270361,16.585423,0
16.514256,9.013107,0
2.1696978,15.63859,1
4.202998,0.5965116,0
10.3048935,7.6215925,1
8.501019,4.333442,0
12.436095,-5.3598237,0
4.2737308,0.9885307,1
3.286322,16.598228,0
7.9755487,3.9559464,1
15.989703,9.732877,0
1.8587302,15.528759,1
13.645813,7.857524,0
-1.9528445,3.6378624,1
13.017541,-5.94091,1
13.664663,14.5147295,1
9.413609,14.109106,0
12.407761,3.3037386,1
11.029437,-5.6385403,1
13.343175,-3.7644596,1
15.946767,6.8377776,1
13.00563,-5.6003566,0
-4.1812615,3.298735,1
13.772602,-5.4703155,0
-2.0659938,8.61082,1
15.278232,8.897916,0
-2.795662,7.774814,1
13.0123625,6.682989,1
-2.630912,8.54216,1
-5.4698677,-2.910041,0
9.933876,14.527152,0
11.287259,-4.6721535,0
-1.2380612,-3.9745755,1
8.738067,10.381955,0
8.382801,4.256549,0
7.514217,4.611446,0
3.0959032,16.987808,1
7.6664467,4.230527,1
13.005737,-5.80319,1
-2.8004668,8.395044,0
-1.7719805,-3.9270835,0
-0.6771568,-3.6087945,0
3.4852667,1.0795128,0
18.315968,3.6130018,1
4.260452,3.0938504,1
2.0220833,15.648754,1
12.161868,2.9502227,1
9.393172,-3.9678595,0
9.384461,9.971584,1
3.6638808,3.3738832,1
8.762028,10.039109,1
12.45173,3.2098422,1
13.727337,7.0489182,0
3.7928946,0.6826003,1
-4.4226546,3.830476,1
10.210251,-6.077907,1
-2.117217,7.293809,0
5.861082,0.9837652,1
14.050652,4.096239,1
11.165367,2.0981176,0
12.65088,-4.351054,1
9.848812,-6.127149,0
12.5910225,3.940515,1
-3.217185,12.556089,1
19.41822,3.813527,0
19.337269,3.2103882,1
11.510083,0.7630418,0
9.546695,11.942173,0
16.762419,8.691948,1
3.4048965,17.099653,1
4.4374256,16.579569,1
-4.4691525,3.529919,1
4.644559,16.69402,0
14.301487,-0.8628366,0
-3.1549003,14.124575,0
11.326001,-5.2189336,0
12.148871,13.311114,1
2.8095787,15.193131,1
4.4276295,17.044373,0
9.225662,13.962381,0
3.0532098,17.042303,0
11.793167,1.1065915,1
5.537938,10.677019,0
-5.4037766,-2.801841,0
19.44625,2.257523,0
3.9879286,3.1984708,1
13.062312,-6.2088323,1
7.361735,4.7864623,1
11.601146,6.931358,1
-2.683448,13.220939,1
15.402661,3.4728081,1
14.210471,14.704353,1
-3.694147,12.556426,1
1.5631462,15.298345,1
8.701221,10.3750925,1
-1.9009541,-3.1697614,0
8.529299,9.968429,1
-3.4406319,12.800318,0
10.774618,-5.4632025,0
12.244285,-5.345253,0
11.59123,0.93324053,1
19.04665,3.6023583,0
4.5554924,3.414226,1
-2.2896638,6.947184,0
19.043194,1.4855933,0
16.01843,10.046595,0
-3.7106168,12.757369,1
-1.9328684,7.668962,0
6.660739,12.333281,0
16.341736,7.786037,0
3.6407757,3.3214355,1
9.972006,-4.6233087,1
19.687645,2.9728599,1
5.669369,11.245959,0
6.9742384,5.242113,1
-3.4431355,14.042467,0
6.9914265,0.6603239,0
4.314106,3.5937762,0
11.155123,1.0295522,0
12.567684,3.9407263,1
5.8096867,1.0547413,1
13.563547,14.9638,0
13.898486,14.916195,1
3.1182837,1.0965812,1
8.710935,10.168719,1
-2.8203928,13.048925,1
9.407628,14.141187,0
2.5022762,16.864609,1
5.337508,3.574235,1
11.603171,0.8745508,1
7.1489086,5.4998374,1
3.7795975,3.551537,1
13.107581,-5.9040666,0
17.00164,1.7169472,0
17.63612,1.0664904,0
-1.9894378,8.526235,1
10.981752,1.0171235,0
5.6172357,2.9014993,0
11.091952,-2.9028533,1
-2.857319,13.192685,0
2.0193074,15.695983,1
8.758854,9.334589,1
-1.9162576,-3.5264454,1
10.602568,11.893245,1
16.524529,7.899683,1
10.89097,1.7704105,0
11.23983,0.691189,1
5.5253935,1.4524524,1
-4.5817356,3.4788368,0
1.588864,15.840331,1
12.325742,3.0094588,1
12.8181095,15.559334,0
-5.0438313,3.882752,1
-1.202092,-3.1110175,1
5.6135592,3.3415802,1
14.032645,4.0780916,1
12.882714,15.175734,0
5.9131055,11.369369,0
10.225939,7.3687325,1
-1.1804256,-3.209198,0
-1.3162417,-3.0749161,0
11.208559,2.5366702,1
15.86937,7.8546076,0
4.735469,2.852364,0
9.279048,-4.7191896,0
5.369877,3.1742032,1
15.470536,8.009825,1
18.563074,2.9026456,0
-2.8246295,13.125347,0
12.280368,15.692013,0
19.365025,3.644262,0
12.7656355,14.312067,1
-2.8171933,-0.4139272,1
4.527827,17.174568,0
19.098774,2.1392128,0
1.7408422,15.820149,1
6.479427,3.9217463,1
16.468853,9.107873,0
8.52243,-5.0690374,0
12.958989,-5.063047,1
12.693352,15.545962,1
13.395576,14.582615,1
5.6067777,11.371502,0
10.25031,14.520386,1
-0.94191104,-4.393536,0
12.421759,12.955413,0
16.70164,8.495855,0
11.445674,-5.8314414,0
13.481499,7.4936633,0
16.065466,9.112345,0
-4.4170246,3.3853006,0
4.222503,3.518549,1
5.6353884,11.296881,0
11.265335,-6.15312,0
4.363486,3.569097,1
2.244692,15.599642,1
-5.186107,-0.804966,0
13.360326,7.7250113,0
6.350213,12.134228,0
10.4037075,-3.9668117,0
-1.3017027,-4.1850147,1
13.3757,-0.8800332,1
9.702994,-5.657711,1
5.7040725,3.5602088,1
12.28641,3.2069144,1
13.31433,15.013182,0
2.0988028,15.5425415,1
11.0995035,-6.349556,1
15.865174,9.002034,0
16.341614,8.635157,0
10.576544,14.281483,1
-1.8058667,-3.2765212,1
13.253523,4.146731,1
18.655453,3.1379004,1
11.087167,1.5107542,0
10.077453,13.245647,0
-5.25237,-0.72997653,1
15.857524,3.7903185,0
7.037021,4.136684,1
17.15605,1.8048832,0
11.924353,13.223247,0
-0.9980016,-4.304602,1
-2.5563262,7.7700076,0
10.074275,13.5371275,0
14.325939,-0.8946077,0
6.04024,1.190725,1
11.584878,1.2220935,0
6.900764,5.3102646,1
13.660192,-5.8799562,0
2.5970747,15.146837,1
-2.7492993,8.13424,0
-4.177113,12.238292,1
12.616177,3.8548257,1
5.3605313,3.2514603,1
14.198631,14.621889,1
-2.22054,8.194225,1
2.747744,15.345974,1
13.039462,-5.600434,1
12.271753,-6.512651,0
9.816314,13.742479,0
11.359544,1.5729765,0
8.025953,4.107935,0
18.07958,2.0146365,0
12.408641,3.5036118,1
-1.8140806,-3.1001794,1
-2.8111777,13.124847,1
-5.2552223,-2.5105364,0
13.555493,-5.613642,1
5.7572684,3.7790115,0
12.227117,15.628045,0
18.9147,2.0617855,0
8.4796095,4.3847117,1
6.3455296,12.105783,0
9.58929,11.937755,0
8.432298,10.270121,1
4.038308,3.0693257,1
-1.7472477,-4.0749764,0
6.1691117,3.0298126,0
-4.390664,3.8782487,1
-1.7589858,-4.923168,1
10.959341,12.164087,0
3.318369,16.605368,0
14.303918,-0.82537156,0
12.36783,12.980204,0
11.52813,1.3312831,1
19.326164,3.9104106,1
-1.2443113,-3.1484282,1
-2.0377429,8.607583,1
13.451127,15.084414,0
17.742666,2.4494426,1
11.799779,-5.8520308,0
16.064686,8.2394085,0
13.3400345,7.2687645,0
12.232373,14.956146,1
9.523503,11.146117,0
5.713212,11.360796,0
10.263472,14.52589,0
4.3484335,17.068481,1
12.337803,-4.286924,0
17.086033,1.6609755,0
11.34979,12.464055,1
3.8892083,0.73719096,1
4.0247335,3.47496,0
-2.9487667,8.052779,0
13.2040415,-6.11886,1
12.220306,15.101033,0
12.097093,-6.2497053,0
-3.6201255,12.601338,1
-4.056121,3.4491243,1
6.146725,0.33422813,0
9.726267,14.655591,0
11.817329,6.8291044,0
11.465032,-5.519956,1
10.46759,11.485962,1
10.940184,-4.112588,1
8.455171,-4.729362,0
19.592752,3.1479042,0
8.663843,-4.26013,0
8.675528,10.348533,0
4.2467127,0.6990138,1
9.495246,14.363808,0
16.412163,8.993544,0
13.353391,15.720485,0
2.8520818,17.034441,0
11.428114,-3.6607606,0
10.773823,1.3853604,1
3.1362193,0.9175966,0
8.394036,9.912622,1
-5.344832,-2.7718377,0
-3.878792,12.469175,1
11.326679,1.601761,1
-5.1857467,-2.4989893,1
15.826499,6.6452065,0
10.492218,14.007243,0
6.0554543,2.756312,1
-2.2533746,3.3462512,1
12.096991,13.488068,1
13.499274,-1.1004964,0
11.229082,-3.9788013,1
8.789612,9.578093,1
12.9766655,-5.6603017,1
6.2755046,5.059261,1
13.1772175,14.971625,0
-3.1445532,12.482147,0
12.931018,-5.676576,1
9.487456,10.19102,1
5.5503416,2.8901272,0
2.181206,15.565846,1
-2.579508,-0.3944737,0
13.863701,15.406216,1
17.606256,1.0891256,1
6.41101,5.3684025,0
6.2166467,0.84965426,0
-5.0892735,-0.89911556,1
12.511794,-2.5555305,1
16.287827,8.856513,0
13.661289,15.479412,0
4.48041,3.47927,1
9.725672,13.863217,0
4.751102,16.91757,0
6.023101,10.817581,0
-5.0016336,-2.3550193,1
12.238148,-3.0999486,1
-2.3087847,6.9694395,0
-4.7151294,3.4961743,0
4.8516407,1.730605,1
13.5034,14.252754,0
10.836444,-4.761503,1
19.297363,3.1485672,1
16.484875,8.238911,0
13.680546,7.241623,0
13.551723,-4.174001,0
-5.4590425,-2.8932223,0
5.8993826,3.4627726,1
11.773322,12.870844,1
-2.743618,8.438397,0
3.6667113,16.03992,0
-1.8599681,-3.0791116,1
-2.749681,-0.36537823,0
11.403929,0.70690453,0
-2.2027795,8.527571,1
12.807641,15.485667,0
12.824777,-2.9588923,0
-2.25227,3.3487937,1
6.243704,0.26146278,1
12.532691,-6.097623,0
12.343507,3.3771093,0
13.624641,14.281577,0
10.479096,6.7595973,1
4.3738074,1.8378946,1
-0.8912716,-4.135788,1
-3.61301,12.869602,1
10.319326,11.525297,0
7.1207805,0.68457323,0
8.358883,10.095712,1
15.496495,7.6688495,0
17.715696,3.7236838,1
12.366271,13.089517,1
11.227373,1.9913132,0
2.889246,16.790197,1
18.089804,0.7829038,0
-4.4079146,3.4071915,1
12.612503,3.997986,1
13.783141,-0.8004237,0
15.784098,8.923457,0
18.540483,3.6978855,1
-2.088031,3.9842045,0
3.9691513,1.8648956,1
-1.693358,-3.0410872,1
10.891566,12.385576,0
-3.899126,12.474838,1
4.617341,0.8402087,1
12.967879,15.41102,0
13.498843,7.1186495,0
10.92029,12.121949,1
11.31002,-4.002805,0
17.891287,1.1017962,0
12.57443,6.15521,1
-2.1802862,7.664072,1
-2.7437875,8.447518,0
4.707983,17.053186,1
-2.7160482,-0.5184649,0
13.200217,-4.1371646,0
-2.6458044,7.582561,0
-3.2194788,14.008761,0
17.732563,0.68207717,0
-0.6335716,-3.5543337,1
14.2677765,-0.5405639,0
11.57453,-4.648199,0
-3.2475944,14.020842,1
5.593208,1.3756552,1
13.496411,-3.8816943,1
14.034964,4.0372453,1
13.465814,7.910941,0
17.64542,0.7457631,0
15.615962,3.5935054,0
18.588484,1.1624795,0
-2.5815773,-0.27311978,0
10.45509,-4.3916574,0
-0.9277917,-4.1013393,0
12.870937,-5.169885,0
3.9020548,3.0336223,1
5.7648487,3.6070518,1
-2.8349273,-0.63682014,1
18.783573,2.58451,0
-4.6331367,3.4233134,1
11.778622,6.464843,1
12.403669,14.040319,0
4.0249233,3.4896061,1
15.981488,8.741359,0
10.016817,13.527026,1
3.6621482,16.020409,0
11.812974,-4.591724,1
3.0791106,1.015474,0
4.356772,17.056835,0
-3.3555744,12.198765,1
8.7265415,-4.2484736,0
6.537079,4.968441,1
11.1399145,-5.9125037,1
17.520292,1.3927125,0
-3.6422062,12.2924795,1
13.552612,7.0240145,0
10.2458,7.6744213,0
2.1621172,15.620178,1
10.62697,-6.3304873,0
-1.7528569,-4.0130463,1
3.971703,16.035772,0
12.217664,-6.5899787,0
14.24664,-0.4485006,0
13.01491,-5.9513574,0
14.02163,-0.5241745,0
12.466984,-2.733521,0
13.980901,14.696503,0
9.401875,14.13445,0
-1.8807348,4.077443,0
4.7347736,16.911358,0
12.375757,15.659755,1
10.601521,-6.170002,0
16.283966,8.937378,0
-2.7431579,7.7483716,0
12.39527,-5.3252068,0
11.225454,-3.243159,0
15.661505,7.7607274,0
10.475018,13.755937,1
3.2783823,15.853586,1
1.8411528,15.632706,1
16.2045,7.1673117,0
8.574787,-4.339645,0
9.590979,11.942896,0
6.1521454,3.0452483,1
6.9359694,12.206144,1
12.575456,15.576669,0
15.857313,9.591494,0
6.936032,12.146734,1
1.601959,15.537583,1
-3.154411,13.860947,1
19.587614,3.402466,0
1.5406876,15.820714,1
-3.0072584,13.73185,1
17.65257,1.3660274,0
4.485507,3.3850973,1
3.5638273,1.2461759,1
3.402548,0.8641517,1
4.5732822,0.74562675,1
13.023322,-6.1811247,0
12.952129,14.634707,1
13.753474,7.0733724,1
2.7986956,15.207317,1
10.916714,11.668822,1
17.945124,2.5817864,1
19.157879,3.9824083,1
18.260399,2.6540608,1
17.873224,0.813371,0
18.373106,2.9308007,1
10.906479,12.138343,1
12.220181,13.680446,0
11.450096,13.44889,0
13.021321,-3.6929305,1
9.795867,14.5447445,0
6.2618995,5.307144,1
15.423948,9.456501,1
-2.2011507,7.756838,0
9.544508,10.549506,1
-4.2394075,12.342454,0
8.996431,9.521135,0
2.844605,15.419659,1
16.01209,3.5386271,1
11.042346,12.042316,1
11.079626,1.0758889,0
13.882788,-1.2286272,1
16.313066,8.971695,0
-2.3329194,6.9215803,0
5.888462,2.9149194,1
17.792747,3.73574,0
8.560185,10.303554,0
8.800884,9.706698,1
-2.1801069,3.5133882,1
18.146187,1.5265825,0
7.763855,4.2027836,1
12.30107,14.029032,0
10.175015,7.1373253,0
11.39536,-3.9387953,0
12.372832,3.3619387,1
6.053451,0.45489338,0
18.749222,2.2685807,0
3.6313827,16.097437,0
6.119995,5.213844,1
6.12815,2.540161,0
3.3860652,16.955864,0
9.233183,-4.1448655,0
12.127854,-6.354947,0
10.028628,14.549808,0
19.25244,2.0559082,0
3.6141856,0.5629663,1
13.985936,4.119141,1
12.239003,-3.1094494,1
-4.2955008,3.687025,1
-3.3152661,14.18414,1
13.660182,-5.351276,1
15.885574,3.8444846,1
9.494936,10.077257,0
-5.290261,-0.6745223,0
4.1450315,1.2373426,1
10.184153,7.4643693,0
-0.8156062,-3.495196,1
-3.1025932,13.666699,1
18.49455,3.9201078,0
9.864033,-5.8943267,0
9.92626,14.129965,1
15.758577,3.7638836,0
6.9079337,4.801663,1
13.683583,-4.226529,1
5.621387,1.3191824,0
-5.488646,-2.930988,0
16.117565,7.7840047,0
-2.7327113,-0.332428,1
13.040738,-5.881765,0
4.252128,3.6981966,1
10.660343,-6.2280807,0
9.372622,9.941271,1
3.1094646,1.1563215,1
19.369198,2.1540167,0
15.958173,6.6988497,0
8.704878,-4.259376,0
15.312872,8.6227,0
11.905588,-4.4301286,0
14.294183,-1.0696986,1
9.7813,13.695269,0
5.6972947,2.9517944,1
9.624759,11.907623,0
10.189029,-2.973279,0
3.467706,1.3769965,1
12.449244,-5.6381016,0
5.6072483,11.337125,1
3.8178701,3.2415366,1
-4.648854,3.8574042,0
18.866224,2.9962137,1
8.672989,-5.0692883,1
10.263616,14.015922,0
-2.8795474,7.9933424,1
18.848639,2.2517219,0
13.044332,-5.9393873,1
-3.262923,13.376938,0
14.226859,14.78878,1
18.801914,1.8040832,0
6.538506,11.835127,0
-1.4659758,-3.7841275,1
9.8899975,12.02518,0
8.396003,10.012815,1
-1.6958808,3.8601055,0
18.736477,1.8707545,1
12.164088,13.473874,1
5.800159,10.849496,0
2.3027332,15.610946,1
-1.4760305,-2.9812138,1
5.771905,11.349515,0
10.6507225,-6.2316947,1
13.683625,4.030438,1
3.8170116,3.0173228,1
6.233318,0.7173597,0
-2.806464,7.958033,0
4.4043446,2.8488243,1
4.4705515,3.4669094,1
5.804458,10.716339,0
9.690132,14.241995,0
6.287947,0.27973807,1
6.5952497,12.009407,0
15.665171,10.028845,0
12.325507,-6.1701946,0
2.4834507,16.891033,0
18.51671,3.9550824,1
-1.4759611,-2.9907684,1
-1.8606092,-3.430125,1
14.347171,-1.0732831,0
-4.566223,3.7915027,1
-5.024286,3.8608942,0
11.168893,-4.614181,1
4.8003354,1.64013,1
9.170045,9.759888,1
9.530639,-5.2285852,1
10.352927,-3.9212275,0
12.239296,15.571661,0
18.039759,2.4173656,0
18.220047,1.1440736,0
9.942278,-3.65977,0
6.668815,3.979715,1
9.79883,12.079822,0
6.533168,1.0807235,0
5.7696958,3.4192014,1
6.4110713,12.113932,0
3.630798,3.3227026,1
12.372049,15.16435,0
9.6881895,14.270645,0
-2.9583285,13.117721,1
7.2353454,0.93728566,0
5.5982985,1.4553549,0
13.763555,7.946999,1
8.19609,4.401864,0
12.159003,15.354626,0
1.7713372,15.15726,1
4.426918,3.460223,0
10.0879345,-5.363049,0
19.198975,2.2009401,0
12.207127,-6.094561,0
12.359709,15.387527,0
12.965986,15.371755,1
9.2099905,9.770999,0
9.807755,13.693256,0
5.7752604,0.84981734,1
-1.81062,-3.06509,1
-1.1431264,-4.109142,0
13.844407,6.9605737,1
-3.5161393,14.077782,1
8.004753,3.913522,1
-1.8788141,-3.0666668,1
4.0083737,1.5586973,1
-1.8328938,4.132195,1
13.700074,-4.35671,0
2.710666,15.221166,1
-5.318117,-2.706234,0
3.964971,0.93340755,0
11.919965,6.2846336,1
17.543877,0.9320597,1
12.201813,3.4342577,1
10.295668,11.581527,0
11.877419,2.6664813,0
-4.676982,3.546585,0
6.2664475,2.2750728,1
12.357124,13.050862,0
15.287516,8.943525,0
12.585505,-4.192614,0
13.916042,-0.12671515,0
-3.4534187,14.10933,1
3.983063,3.0025299,1
6.1408734,10.872797,0
15.874262,9.809907,0
11.730791,1.151659,1
17.712269,0.96040523,0
13.818933,-5.2345414,0
8.46435,10.215784,1
5.885866,1.0888122,1
16.624178,7.9388733,0
9.260102,13.970629,0
18.201302,1.6580414,1
3.1186728,16.200382,1
3.71645,1.7433544,1
-5.1685557,-0.95184165,1
12.24669,13.251918,0
13.06261,6.9645534,0
4.3009667,1.7636638,1
2.241377,15.619645,1
8.790538,9.962892,1
8.003189,4.065804,0
4.462649,17.165987,0
8.382124,9.989137,1
11.344555,-6.1501346,0
-2.2708132,3.323769,0
18.61325,2.308816,0
13.420607,7.64854,0
9.550093,10.571576,0
15.92486,3.7650518,1
-1.6129086,-3.937615,1
3.8936515,16.028866,0
7.1649632,5.456862,1
17.655504,0.98779184,0
3.1163974,16.947079,1
10.108615,11.877391,1
13.300418,15.669444,0
10.820665,13.748693,0
13.67868,-4.9221983,1
-5.2196255,-2.1192772,1
-1.744344,-3.086256,1
4.214568,16.90949,1
8.268928,-4.516615,0
10.242928,14.544011,0
9.00554,9.468349,1
5.848098,2.8440557,1
12.422919,15.037523,1
6.6370497,12.003578,0
15.980597,3.6962671,1
12.245952,3.035935,1
-1.5413668,-4.7752123,1
19.616894,3.1977928,1
12.289185,15.586164,0
14.143493,7.9520636,1
9.869535,-5.8573394,0
3.947615,0.8794262,1
3.1301703,1.0228978,1
16.373451,8.686891,0
7.8453383,4.1052356,1
-3.157077,13.584022,1
13.598309,-4.7886157,1
3.7196062,1.7123723,1
13.398986,7.49613,0
-4.0288672,12.33335,1
3.3678882,16.862886,0
-2.9470637,13.169786,1
-4.038491,3.2931612,1
13.799289,-5.105115,1
14.219608,14.677247,1
15.539734,7.844239,1
3.189268,16.642277,1
-1.9605799,8.441438,1
19.309235,3.2086537,0
3.2873335,1.0725731,1
7.178803,5.3431168,1
3.8547757,16.579525,0
18.339108,3.0552967,0
11.74624,6.691726,0
-5.263077,-2.494925,0
15.259061,3.474886,0
13.007041,15.498541,0
14.244924,-1.1316941,1
2.3683043,15.09509,1
11.03401,0.80774325,1
5.555959,1.3817121,0
6.974435,0.5503565,0
-2.7520392,13.17611,1
10.412311,-3.8513162,0
2.13662,16.578026,0
4.627531,0.81550837,1
13.137737,-4.194142,1
4.881666,3.2202904,1
13.281096,-5.570869,0
-2.0256617,8.701877,1
13.049175,6.6041007,0
-2.7582207,7.514759,0
10.03936,14.551856,0
3.4695146,17.206102,1
-3.1503155,14.016579,1
-1.3026098,-3.100233,1
-5.173017,-0.8216956,0
8.501712,10.0547,1
1.589078,15.799487,0
-4.657753,-1.6316276,0
6.787972,5.165145,1
13.899911,-0.25747266,0
-3.418722,13.63346,0
-3.1638532,12.297332,1
19.29389,3.9060583,0
11.157108,-3.9331968,0
4.7322083,16.8094,0
4.5496745,2.1566334,0
-4.5522738,3.6867924,0
8.20595,4.025932,0
17.943949,1.8576226,0
-2.7189243,7.8005686,0
-1.5042925,-3.9637995,0
15.446229,7.8508887,0
19.554796,3.433847,1
8.952332,10.238248,0
10.845016,1.6751547,0
6.39133,5.2168226,1
5.8096642,11.363179,0
19.595877,3.431998,0
12.680058,-4.1610003,0
-4.674934,3.8857303,1
-1.0250405,-4.1664796,1
8.944145,-4.6879864,0
12.85554,-3.8028197,0
7.380463,4.937077,1
-4.662856,3.7952237,0
2.367724,15.096601,1
11.796625,1.8756034,0
11.826005,-3.2015126,0
6.5041213,11.973168,0
18.315018,1.7577833,1
7.5090256,4.136775,0
-3.275314,13.46391,1
-1.8914313,-3.140182,0
-5.235662,-0.78799415,1
9.791678,13.63635,1
2.6300523,16.898603,1
10.48447,-4.482205,0
13.699445,-5.221728,0
7.4366565,4.906621,1
12.881175,-5.4200954,1
8.82895,-5.0307293,0
3.834459,1.7994109,1
-4.933827,3.8107517,1
10.406689,14.114994,0
13.395993,-6.01096,0
5.88735,2.7230694,1
10.906697,12.403623,1
11.017694,-3.6254861,0
8.41143,-4.3636093,0
10.817853,1.5893022,1
-2.1477828,3.6203127,1
11.441644,-6.4711475,0
17.50028,1.2955441,0
9.728227,-5.7595644,0
3.8823597,3.6207113,1
13.560784,-5.9831285,1
17.96707,0.9774828,1
10.771116,1.2086964,0
14.211038,-0.5290162,1
8.451264,10.215382,1
4.7249136,17.04413,0
12.320966,-2.7681491,1
10.494294,7.423283,0
12.896959,-6.2501206,0
-2.7381577,-0.2610636,1
5.670891,3.1041715,1
19.26588,2.4199233,1
-1.6475294,-2.9996693,1
2.776488,15.352151,1
9.745546,-6.0127664,0
12.12378,15.289972,0
13.517951,-6.0811605,0
11.86269,6.3579907,0
11.201909,0.684537,1
-1.7613423,-4.892057,0
9.272974,13.896582,1
8.327977,-4.7040877,1
13.413363,7.797849,1
13.157253,-4.13653,0
12.201708,-2.033922,0
13.038415,15.52277,0
9.782744,14.692677,0
10.605853,-6.291416,1
13.750438,15.508427,1
13.8055,14.353947,0
-4.1747723,3.330357,1
-3.4213655,14.031631,1
8.036434,4.175773,0
6.992299,5.2985215,1
15.447304,3.4892604,0
13.591619,14.46175,0
5.9527845,10.745905,0
16.308296,9.585833,1
19.015526,2.976272,0
18.994364,3.8502793,1
4.398945,16.628345,0
11.88458,6.353116,0
9.930695,-3.1244009,0
2.0403817,16.586384,1
5.6905494,1.4414092,1
-2.6873636,-0.53207546,0
15.21055,3.480547,0
2.696961,16.16536,1
-1.0556097,-4.301849,0
9.737711,-5.815853,0
13.177236,-6.129838,0
9.771438,11.838762,0
13.944574,-0.7669034,0
19.268087,2.7938254,1
10.280478,6.9749875,0
-5.322536,-0.64820904,0
4.9703703,2.9042585,1
9.819084,12.112481,0
3.8675911,3.6227994,1
18.052206,1.774012,0
13.802786,14.798758,0
-1.9194448,8.565452,1
16.11356,7.859178,0
3.7250276,16.03446,0
11.177754,0.7042261,1
4.5997477,17.120926,0
12.757047,15.020124,0
-0.76703745,-3.4753222,1
4.6309094,1.6029806,1
-2.7029388,8.346673,1
12.239321,-4.588123,1
16.741846,8.679128,0
18.95573,3.4210925,1
-4.686601,3.5723855,0
6.24113,0.2631764,1
3.8773978,16.001284,1
8.732231,10.383905,0
-3.632527,12.353374,1
-1.0713134,-4.5796537,0
7.122356,0.6392213,0
14.226734,14.678205,0
-5.1435146,-2.4543808,0
4.438758,2.957686,1
-5.229769,-0.7688921,0
-1.5296657,-2.958815,1
-3.1188152,12.57316,1
15.867091,3.5188966,0
-2.113598,7.3309884,0
-3.0138075,13.7652235,1
13.422475,-3.7324212,1
-2.7222147,-0.54381967,1
10.086054,-3.1273565,0
1.8968912,15.141784,0
-4.028962,12.642887,1
9.691942,-5.978628,1
9.944141,-5.4001317,1
16.403318,8.702455,0
4.1593056,2.0382483,1
8.445155,9.566313,0
-1.8551252,3.7039404,1
14.079121,-1.118838,0
13.408381,-0.8993887,1
-4.297694,3.6793277,1
-2.040805,8.616413,1
13.087798,-5.8829,0
9.528374,-5.306567,0
-0.93498737,-3.519136,1
-2.9305491,8.054101,0
13.821625,-0.14847614,0
12.354644,12.978841,0
11.566332,-5.837842,0
8.391835,10.090223,1
3.9218004,16.002455,1
-1.2642562,-3.1478527,1
11.922787,-2.0011854,0
13.266179,7.045327,1
10.326428,7.189161,1
1.6298755,15.867913,1
12.357347,12.996149,0
1.9067491,15.367941,1
9.567543,14.657939,0
-2.8415139,13.145165,1
9.214161,-5.574628,1
13.447661,7.5222244,0
12.717654,13.883934,0
-4.464572,3.4958284,0
9.904654,-5.3230276,0
8.454478,9.568034,1
9.904966,-5.3906107,0
10.334091,7.5518303,0
13.420284,7.9762545,0
3.4145672,0.97980624,1
-2.8736994,13.147225,1
-1.8100978,4.103676,1
3.7129555,0.6199559,1
6.2365065,0.24166483,1
-1.6828222,-3.7800581,0
9.754243,14.6775055,1
8.602667,-4.8643665,0
16.008972,9.685695,0
-5.2255254,-0.7802109,1
12.008828,13.41719,1
18.307787,1.0993078,0
6.615832,12.296891,0
13.1278,15.619836,0
-3.213405,12.62736,0
10.378936,7.616047,0
13.8927965,-0.10167862,0
13.517025,-5.408202,1
-2.2210908,7.0301976,0
12.829301,15.615676,0
9.999162,13.560837,0
-1.6094452,-2.9491765,1
12.683083,-5.9007854,0
-1.3830676,-4.184306,0
10.7718315,6.605053,0
-0.9496592,-4.184585,1
10.18672,7.429116,1
7.004892,0.56693745,1
13.165733,15.00079,1
16.098251,7.225074,0
11.815667,1.0640727,1
6.262061,0.83908373,1
-1.1691091,-3.1608024,1
13.711616,-4.4453983,1
13.396346,7.184156,0
6.6653814,11.8911295,0
-3.1756008,12.319372,1
9.714399,-5.426264,0
6.342576,12.124858,1
-3.515631,13.411364,1
2.2791135,17.7033,1
13.475235,-5.1672654,1
-0.8910449,-4.1601653,1
3.2680566,16.64719,1
13.823355,-5.081202,1
-2.8359294,13.096319,1
4.511112,17.16167,0
-4.0484147,3.3972323,0
-2.1574526,8.219384,1
11.692833,-5.486127,1
-2.8944888,8.109358,0
9.407471,-4.7479763,0
12.430816,-5.612294,0
15.604034,6.6977105,0
-1.5597509,3.9381166,1
11.451897,-6.061266,0
13.511648,-0.87793046,0
8.548368,9.417399,1
10.336429,7.6220884,0
11.043728,12.301737,1
13.18717,4.113676,1
15.448742,7.6272736,1
6.264158,11.201824,0
-5.20834,-2.2274919,0
-2.230166,3.3894253,1
11.783208,-5.3709555,1
3.8799057,0.5314355,1
-5.500559,-2.9358883,0
12.110824,13.331998,1
3.8477771,1.7172611,1
3.7839108,3.1239135,0
3.9969022,16.096876,1
9.638443,14.57111,0
6.6543818,1.212669,1
12.878928,-4.732458,0
10.311188,11.752554,1
19.097328,3.7844377,0
17.898088,3.5783312,1
-2.609892,-0.4355043,1
-5.3941364,-2.8101969,1
-4.776306,3.7446036,0
10.729781,-2.673617,0
-3.4578388,13.637579,1
4.352529,2.9412658,1
9.155009,9.61445,1
4.1691265,16.936663,1
9.772037,14.272135,0
-5.1904078,-2.0743024,1
-1.1555197,-4.073304,0
11.190859,0.7930157,1
13.513918,7.428105,0
5.6989174,3.4017887,0
19.060543,3.7630458,0
-1.7885082,-3.0769434,1
16.273054,3.7024014,1
4.6239567,0.81864053,1
18.637428,1.3889196,1
-1.9082476,-3.1501267,0
-4.3465953,3.3550792,0
6.6692467,12.012063,0
9.792136,-4.0680327,0
3.3582325,16.86949,1
10.691671,-4.0288844,1
15.807915,6.490853,0
14.173886,-0.4772519,0
16.214674,8.847972,1
4.341096,17.145197,1
12.49322,2.9348733,0
3.33447,16.956589,0
15.574592,6.8269625,0
19.04055,3.051385,0
14.211594,14.44644,1
1.7518554,15.36197,1
16.162912,8.252153,0
15.518255,7.967478,0
18.048693,1.4211789,1
12.365584,15.295157,0
-2.6740057,8.33942,1
2.0391877,16.464388,1
18.308659,1.8375341,0
16.031662,9.32851,1
2.6485708,15.465058,1
15.245276,3.4826412,0
3.379883,16.854729,0
13.995962,14.475752,0
12.879536,-5.370386,1
19.26724,2.0623899,1
15.4929,9.699138,0
9.712283,-5.746158,0
11.573596,-5.889905,0
-1.2129991,-4.260012,0
7.140158,5.550506,0
-1.5200776,-3.0094228,1
-2.8035355,8.298541,0
7.5528326,4.863285,1
4.9164667,2.9528809,1
11.064259,2.181858,1
4.8775234,2.3094008,1
1.9538465,17.270378,0
11.573637,0.8232896,1
8.98806,-5.0979743,0
10.567668,-6.178568,0
13.771973,15.51413,0
13.880365,14.890555,1
9.547784,-5.194726,1
13.658858,-4.8730145,1
11.237255,-6.425435,0
10.761409,-4.7334146,0
5.849303,0.86831415,1
8.389732,9.987365,0
10.834438,12.360346,1
4.1424794,16.892227,1
13.743221,-5.5009446,1
-1.7655616,-3.9812813,1
11.32842,-5.7886357,1
9.766457,11.90628,0
-1.9637171,8.528368,1
11.484949,-3.757696,0
-4.26091,12.243014,1
-2.1483004,7.4384146,0
11.742368,1.2508152,0
-1.3928761,-2.9872804,0
-2.8918478,7.999726,0
13.073357,15.56547,1
14.116328,-0.6013545,0
9.8001,14.697241,1
19.109617,3.7393644,1
13.077496,-3.7972188,0
13.389946,-0.90303606,0
11.945466,1.57752,1
6.1858225,1.3216301,1
14.221292,-0.45626545,0
5.778595,3.0764616,1
13.654068,14.274336,0
10.906391,1.7799506,0
12.965807,14.788941,1
5.9704103,3.0894096,1
6.3799286,5.338292,0
12.744675,-4.0678716,0
12.188078,-3.0795798,0
-0.62974405,-3.6016324,0
-2.848425,8.394062,0
3.0164313,16.99334,0
12.934452,-2.9800644,0
6.9631524,12.178015,1
-3.734097,12.575112,1
6.6112165,12.310934,0
12.327843,-2.277113,1
-2.3248181,6.9510517,0
10.7066345,11.397352,1
9.853722,-5.3632364,0
-5.1809635,-0.9657807,1
6.1522107,3.8981416,1
-4.0474577,3.3676825,1
6.0551124,5.1613955,1
10.04403,13.535387,1
16.371595,9.195839,0
11.95861,12.800889,1
13.40154,-5.0259366,1
-2.9611182,-0.7279512,0
17.687223,1.8789793,0
12.344537,6.2722673,1
13.638417,14.808172,1
13.885474,-0.100521535,0
12.69011,13.864639,0
3.4565692,17.230555,0
-1.6470507,-3.5672872,0
10.520656,6.6302824,0
4.5007687,0.9763487,1
17.698217,2.1965747,0
-1.2764982,-3.1774716,0
-5.225493,-2.5872724,0
15.806818,6.97594,0
-1.2393404,-3.1624048,1
8.370596,-4.749474,0
8.266158,-4.6379957,0
13.624055,14.317155,0
4.775141,17.0015,0
12.172311,3.3283124,0
10.232451,7.5947795,0
8.607716,9.779188,1
17.931051,2.732701,0
13.392078,7.1836,1
10.376569,7.5914397,0
-1.9996344,8.588613,1
19.516865,3.3097491,1
-4.290069,-1.3152763,1
11.013534,-4.8365083,0
12.104112,3.4318998,1
-5.0942664,-2.4390912,0
5.678568,10.754488,0
11.912027,6.314511,1
10.237681,7.343783,1
-0.67576593,-3.6789098,1
14.141262,-0.6542497,0
12.810239,14.231904,0
12.976639,14.491453,0
-4.0920367,12.14118,1
10.182828,-4.961897,0
10.8624115,-5.222294,0
9.774467,-6.0816383,0
11.155136,-3.4092748,1
9.1984825,-4.0004625,1
5.8777657,2.9311116,1
-5.202087,-2.5408707,1
5.2606573,2.8246305,1
13.16772,15.640775,1
11.174883,-6.324143,0
9.59135,11.942644,0
-1.9660879,3.5601141,1
11.374235,0.74083984,0
10.224137,-4.1735654,0
10.007012,-3.9122274,0
19.354673,3.892229,0
3.89093,0.5155778,1
4.6159267,17.16319,0
16.257977,7.9204426,1
5.5444183,2.9350848,0
3.3622482,1.3333688,0
-4.446984,3.7722268,0
-3.9694185,12.433264,1
7.364103,0.93975705,0
6.2763324,1.0192745,1
8.125403,3.9070446,0
13.158816,-6.1420016,0
11.722563,-5.185728,1
9.950134,-3.9810407,0
12.425822,-2.7210166,1
13.853343,-5.160867,1
10.981409,12.160137,1
5.751107,1.174636,1
10.417673,13.994285,1
10.254079,7.573285,0
19.067123,2.203284,0
13.158656,15.455009,1
18.782976,2.778904,1
14.114166,14.82781,0
6.2625265,0.2867121,1
12.289073,15.641205,0
19.589087,3.4902885,1
2.513925,16.925196,0
6.149646,1.1311265,0
19.03494,3.9687579,1
3.8861475,0.49267346,1
13.041828,13.999117,0
-3.4995887,14.097016,1
-3.6232815,12.844222,1
9.408523,-4.8399653,1
6.3114552,4.1224904,1
6.539519,0.9095018,0
12.176567,15.592051,0
9.431645,14.317862,0
16.67213,8.028138,0
4.6340694,2.2070682,1
-1.2494447,-3.9986713,1
11.5584755,-2.7013931,0
9.50978,9.984993,0
18.624683,1.9507424,0
3.1660526,16.945112,0
13.399094,-4.791877,0
1.7623875,15.23683,0
6.222808,0.24526669,1
-4.083988,3.3716655,0
-1.5396832,3.9688308,0
3.4144459,17.233036,1
18.654964,2.0310016,0
4.5115623,17.078465,1
11.052295,-5.0605145,0
15.86831,3.8443384,1
3.8218122,3.0753896,0
-1.2810103,-3.7363372,0
14.258503,-0.66059244,0
4.287083,16.85663,0
3.1334841,17.0922,0
6.082422,3.9936352,1
1.6364847,15.353196,1
5.59201,3.2701125,1
17.528313,0.93445873,1
6.4302187,3.9105735,1
17.735775,1.9623464,0
-2.8088148,7.503242,0
2.9058123,16.324877,1
6.4981985,1.0965743,1
15.891459,6.544022,0
10.866955,-6.0972414,0
12.186329,6.2706523,1
10.742853,14.122733,1
-5.2684293,-0.702384,0
-3.1995754,12.46127,0
2.8785367,15.313792,1
9.6839285,12.031198,0
3.2536426,0.8908031,1
12.56122,-2.533734,1
7.1140885,5.540396,1
5.5424623,3.3020205,1
16.730898,8.088728,0
6.2229443,0.8441267,0
14.037405,4.0102177,0
-3.9970615,12.643354,1
5.9585896,2.6098886,0
16.718098,8.510597,0
1.8935877,15.713646,1
11.606993,3.0310485,1
13.694509,7.499431,0
11.624683,-4.5287395,0
5.903751,11.36926,0
15.101518,7.6879244,0
10.700031,-6.1786814,1
-3.1613512,14.131213,1
9.765269,13.628773,1
8.786982,-4.929578,0
5.550314,3.3028724,1
11.921884,-5.863089,1
13.481347,7.9470606,0
-2.2486596,8.106527,1
-1.5909777,-3.988463,0
10.646312,11.648312,1
8.48025,10.036136,0
8.966051,9.443833,0
12.875667,-5.235867,1
9.69505,14.676153,0
13.468917,7.1139855,1
12.392091,12.963959,0
-1.8595637,-3.373773,1
3.5323267,0.8806073,1
17.5415,1.713511,0
13.6991205,-5.6124334,0
11.007705,12.104331,1
10.496378,14.322597,0
10.478601,11.511147,1
11.322246,0.7522447,1
10.302743,14.488508,1
4.4521227,2.823554,1
-2.1386676,7.235536,0
2.42283,16.231018,0
13.326182,-4.4832573,0
12.250996,-2.1658494,1
7.3609614,5.336124,1
11.852874,6.354702,0
11.759071,6.453917,1
10.844449,1.0172648,0
16.711683,8.070319,0
-1.8142395,-3.0929096,1
-1.7938443,-4.9231358,0
9.5863905,-5.08134,0
5.194828,2.1657546,0
11.028692,-5.1102996,0
-2.1366334,7.370456,0
11.477406,0.7745078,1
11.7750025,3.2695389,1
18.981403,3.8929644,1
-5.1274376,-0.9560813,1
-2.8156073,13.21725,0
11.869616,6.580449,0
9.670769,-3.5726678,0
11.962886,-2.6583104,1
4.4256244,0.81200165,1
6.126371,2.831966,0
18.674614,1.3627584,0
11.826787,-3.6595724,0
11.17727,-6.3972855,0
3.0444882,16.173807,1
-1.4379238,-3.0269141,0
6.142692,2.8368247,1
9.8122015,14.376954,0
-2.0472648,4.1067324,1
11.129839,-5.7409544,0
11.618488,-4.568826,0
11.951011,13.128563,1
12.483096,2.7823272,1
9.463614,-4.9371924,0
-2.7158172,-0.5182507,0
11.087882,0.9377748,1
8.501547,-4.381114,0
7.2869687,5.2387366,1
6.2845654,0.66888285,1
17.156666,1.8743389,1
14.278064,-0.7932171,1
6.8683558,12.2230215,1
9.423952,10.355547,1
13.334519,6.6820993,1
-2.7289352,-0.33695942,0
15.713673,10.075426,0
10.212246,7.3541536,1
-4.8957224,3.8016956,1
9.648906,14.536555,0
-1.7798358,-4.914603,0
10.861542,-5.198213,0
7.183609,5.3094625,1
7.4775395,4.8535357,1
9.810441,-4.4752235,1
6.4631453,3.9237177,1
2.0001986,17.194504,1
3.4751909,15.940268,0
8.4023,9.705563,1
-2.7751684,-0.60436606,1
6.1059613,0.43843743,1
-1.0057894,-4.189596,0
1.590967,15.83858,0
9.008638,-5.13969,1
11.803891,-4.6160865,0
10.832594,-6.1091757,1
2.4477117,16.87019,0
8.475793,-4.355906,0
13.174402,7.3680916,0
-3.301159,14.032968,1
6.447285,4.883278,1
18.175856,2.3721442,0
4.145251,1.8238508,1
12.24313,-6.5368214,0
12.388205,13.002488,1
9.259027,-4.867631,0
9.736765,14.289952,0
-1.924728,8.423849,1
10.785596,1.1158562,1
9.0682745,-4.3318887,0
18.25203,2.2082186,0
11.776779,6.608688,0
10.328391,-4.201311,0
-1.2213547,-3.1413574,1
13.239587,-4.134906,0
3.2549806,1.2527739,1
8.448644,9.837988,1
-1.159296,-3.2294865,1
16.529854,9.110329,0
17.634872,1.0250518,1
13.165545,-6.1481476,0
11.439108,-3.3516562,1
4.4301124,17.082785,0
9.789597,14.638085,1
-5.0376554,3.9073875,0
12.168908,-3.094324,0
-5.3689137,-2.7867587,0
6.276226,2.5069566,1
-2.7727296,-0.25565058,1
-1.5951608,-3.0177927,1
2.2614408,15.749411,0
18.318928,1.6926876,1
-3.9137444,12.6550665,1
5.5799975,2.9343638,1
-4.043434,12.296364,1
5.885135,11.33535,0
18.559568,2.9793158,0
-2.5006077,8.448007,0
6.7521057,4.77607,1
-2.1417313,7.2310696,0
8.606476,10.273889,0
11.729888,-5.070185,1
14.152683,14.502497,0
-1.8156984,-4.853852,1
8.576328,9.596918,0
13.49521,7.3991137,1
-2.691832,13.17294,0
-2.744234,-0.34553465,0
-3.161664,13.897203,1
4.334448,2.8669322,1
-3.6499848,12.491807,0
4.877208,17.293787,0
-2.727287,7.5097976,1
19.030724,2.5267715,1
8.473294,4.3786025,1
5.58927,10.703267,0
11.593329,-2.222266,0
15.687821,9.425096,0
4.4428062,0.91535944,1
-1.5784615,-3.0229049,1
6.254812,0.88616073,1
3.7036402,0.7235351,1
3.3497462,16.886452,0
-2.002962,8.518497,1
-2.265013,6.9967875,0
19.445152,3.803648,0
6.568263,1.1680442,1
6.063821,2.5709376,1
-5.2953105,-0.67578095,0
10.855673,0.9803105,0
13.920281,-0.074168734,1
-3.5192335,13.460345,0
6.736944,4.0243936,0
13.345958,7.6035624,1
12.843319,14.278495,1
16.155731,8.910276,0
-1.7215855,-3.8838894,1
11.271653,1.0767279,1
12.577163,15.032024,1
12.990762,15.163246,0
13.870534,-0.08164331,0
10.191225,14.50791,1
12.451163,2.684226,1
-5.315473,-2.6855118,0
17.54308,1.3168554,1
6.4920716,4.979728,1
10.856799,1.4997492,0
2.053302,15.266434,1
10.142709,-3.1283333,0
3.4306695,17.132883,1
13.776313,14.850432,1
9.96623,13.719903,0
4.896487,2.33677,1
11.690367,0.91910803,1
5.8102436,2.8348913,1
10.515484,14.340476,1
16.554884,8.331633,0
5.6525865,11.382939,0
-3.4484243,12.175749,1
10.86418,6.6124816,1
9.995041,-5.640017,0
12.237633,2.9238238,0
-1.27706,-4.2453995,1
-1.2847646,-3.1302269,0
13.496477,-1.0811653,0
3.6465187,1.6913002,0
18.032738,0.7419285,1
13.740953,14.270708,0
10.148328,11.509578,0
6.3583198,11.185763,0
12.265879,-5.3756804,0
2.9116876,16.14615,1
16.403034,8.825749,1
11.74623,6.5061574,1
4.393465,2.9048715,0
9.772339,-6.0080333,0
12.2966,-4.0639687,0
-2.4343371,8.384882,0
-1.4975299,-3.0110414,1
13.495257,6.672191,1
8.551263,4.221886,0
10.150545,-4.1537576,0
18.651846,3.6386764,0
-1.4558743,-3.579879,1
19.29648,3.2585616,0
-4.629336,3.80174,0
17.790491,1.2498913,0
2.143241,17.109972,0
-2.1180425,8.038118,1
3.9024394,15.959385,1
6.76396,4.033666,1
5.8292274,10.795492,1
17.426214,1.0713083,1
-1.0802809,-3.2102284,0
11.428938,-6.4664197,0
9.80423,12.064586,0
13.294454,-5.587987,0
15.839363,6.4499927,0
-3.4465795,14.085629,1
-2.7565167,-0.54517454,1
10.014807,13.549576,0
9.906432,-3.932212,0
2.7219872,16.466743,1
14.06819,3.9738598,1
4.490303,3.1472986,1
13.12339,15.603129,0
14.131782,-1.1102836,1
4.173206,3.7169478,0
10.1997595,7.326051,0
4.009636,2.9550002,1
13.782025,-0.18873335,0
-1.695866,-3.0498512,1
6.6692615,11.979183,0
12.035904,-4.2744527,0
12.37577,-5.270564,0
-2.2171586,7.59926,0
1.797012,15.634762,1
12.031616,-2.1474612,1
17.551668,1.5679386,0
12.3695545,13.028622,0
2.2609894,17.71255,0
2.7026734,15.4465685,1
-3.4792817,13.623308,1
13.119485,-4.3129945,1
12.169222,15.433942,0
-2.6125386,13.217258,1
13.65557,-4.823078,1
5.9142284,3.4028459,1
19.010303,1.4600909,1
11.6235,-5.755632,0
10.291263,7.6382685,0
5.346905,3.0365996,0
8.651364,9.885736,1
11.697326,-2.8950574,1
2.2759213,15.085953,1
18.744434,3.6511111,1
9.338219,-3.8056061,1
12.338708,13.118222,1
-4.0556374,3.5061808,1
6.1499476,10.905517,0
17.398176,2.161745,0
3.4369645,16.883663,0
9.398088,9.967882,1
-3.573396,13.01341,0
13.16005,15.578084,0
2.3730855,15.641988,1
-4.3955474,3.3718379,1
11.836134,6.3023996,0
-1.8005636,-3.0974178,0
19.161804,2.3408294,1
2.234401,16.02008,0
15.58752,3.628228,0
-1.8250976,-3.7085335,1
11.00056,2.07985,0
2.7382596,15.792378,1
6.4785314,3.9428072,1
-1.9663192,8.552158,1
12.270659,-5.5667386,1
-1.7774093,-4.9246187,0
8.410937,9.757841,1
14.037165,-0.8100697,0
13.094853,-3.2300708,0
19.551115,3.208486,1
9.708308,13.925624,0
-1.7895324,-3.9627206,1
9.952673,-5.465814,0
3.6121805,0.58857244,0
11.560609,0.8160598,1
2.8005404,16.739006,1
-4.776558,3.9036977,0
14.051143,15.196816,1
18.794556,2.2268655,0
18.917969,3.7885318,1
5.720524,3.1804066,1
3.9019186,3.6004293,1
9.239238,13.889263,0
9.912455,13.5583105,1
3.602828,15.901796,0
5.955246,11.328907,1
12.13278,-5.435857,0
6.076401,10.789873,0
9.663787,14.609261,0
9.465082,-5.210839,1
10.935129,6.610289,0
13.46961,-0.90104145,0
-1.7461772,-4.8815517,1
12.95794,15.534673,0
6.3279905,0.60229856,1
17.9328,2.251141,0
6.1825895,3.8492298,1
10.285283,6.942483,0
6.451924,5.1433797,1
8.716451,-4.3596277,0
-2.4064524,8.422236,0
-1.2320294,-4.2661695,0
10.482742,-5.0685253,0
-2.0961516,7.2478075,0
2.608584,15.126883,1
3.400162,16.930769,1
2.0178401,17.420454,1
6.9094386,5.371119,1
15.611849,9.532867,0
11.087562,1.9976214,1
-4.4242873,3.4553094,0
13.582248,-5.826929,1
3.8800254,1.8509573,1
12.339087,3.6308491,0
-1.7619646,-3.74409,1
11.043923,-5.0798683,1
14.044737,4.0304236,1
13.431156,6.705803,1
12.681845,-2.2145102,1
1.7519859,15.167176,1
13.752118,-1.079103,1
3.107148,1.0317912,1
18.363123,3.9237394,1
16.335667,8.911632,0
-2.8036523,7.806974,0
4.1562734,16.374321,0
5.363145,1.7381163,1
2.2682316,16.23628,1
-3.6133347,12.882176,1
13.486533,15.071692,1
2.1459944,15.651258,1
8.881219,-4.0565004,0
2.3830507,15.601931,1
13.582198,8.169583,0
-2.357978,7.9628983,1
15.685208,10.090265,0
-3.29654,12.574278,1
10.277563,7.562975,0
15.83331,6.4448004,0
-4.4887366,3.4637575,1
12.063426,-4.319588,0
5.900486,11.552451,0
2.4920242,16.624794,0
10.22313,14.483986,1
2.2005005,15.418308,1
13.65936,-4.9167933,1
-3.4872918,12.250373,1
10.179278,-6.1515603,1
10.123893,-4.1302705,0
18.64364,2.2259102,1
15.929836,9.9626,0
13.55609,-5.438619,0
12.244337,15.026017,1
5.8228087,1.3184932,0
11.02451,12.113959,1
19.429834,2.3922071,1
-3.2428749,13.8474045,1
10.292111,-2.9104564,0
12.425089,-5.53394,1
12.021036,-6.456217,1
13.86077,15.416141,0
15.560214,8.820499,1
15.839439,9.931923,0
9.009095,9.408112,1
10.901355,11.517325,1
6.1676583,3.118286,1
13.081456,6.4579597,1
-3.8311567,13.723792,1
-3.4840858,13.667529,1
11.806193,-3.5425427,0
13.526396,6.7624984,0
1.5919418,15.308386,1
13.596535,-4.5944934,1
13.550257,-5.9873238,0
10.308129,14.0118885,0
11.000309,0.79474896,1
1.5576628,15.840049,1
8.094839,4.0151095,0
2.1634629,17.539005,1
8.739634,10.102229,1
11.545267,7.0125265,0
-1.882169,8.438827,1
2.7897217,16.926252,0
-1.7622379,-4.931158,1
11.645414,-5.9405055,0
-5.068568,3.959549,0
18.959562,3.8291786,1
12.642704,-3.3119178,0
10.415239,-5.809139,0
12.997986,6.4910183,1
11.140312,1.3670726,0
13.040087,6.6851225,1
14.181423,3.9154718,1
-3.6697495,13.580165,1
8.909632,-5.1806254,0
-2.4531949,7.7567897,1
3.270834,16.849295,0
12.514721,13.799077,1
12.99359,15.139769,1
18.56106,1.9824136,0
10.238739,14.535012,1
10.587269,6.689545,0
-5.218511,-2.1169662,1
14.2246065,14.668956,1
11.335078,2.133422,0
-2.7018037,7.493881,0
6.417356,5.3678107,1
-4.6590395,3.752105,1
5.8904457,0.65451896,1
8.66414,-4.361094,0
5.6944976,2.6715753,1
11.402234,-6.055937,0
1.777226,15.382193,1
1.6791301,15.5879135,1
3.5831,1.5210783,1
11.013549,-5.8010263,0
-5.153907,-2.520773,0
12.206862,-5.8078175,0
-5.232209,-2.107666,0
10.15195,-5.0659413,0
13.2103815,4.133962,1
12.844008,15.615405,0
6.6312437,3.9667487,0
-1.3141459,-3.1343257,1
4.744831,2.2589366,1
10.604511,6.665939,0
14.327324,3.8418946,1
12.39743,3.69697,1
-2.2999365,3.3233652,1
4.8674493,2.315862,1
3.5432706,15.987287,0
-2.554298,8.450542,0
10.884773,-5.68941,1
2.8536909,16.91564,0
-5.1550503,-0.8340257,0
9.303383,9.889946,1
7.021139,4.141905,1
12.401401,3.0892398,1
6.588099,1.0199164,0
10.889109,0.94406813,1
10.772553,1.1682073,0
11.528254,3.0474787,1
5.851732,11.214402,0
8.210941,4.1587415,0
18.597507,1.28347,0
11.819482,1.2382829,0
3.184065,16.252537,1
6.9385276,5.2958646,1
18.284344,2.9212053,0
10.937887,-5.2077193,1
15.689647,10.052481,0
6.4172897,1.2746221,1
13.805113,-1.1246272,0
3.8848565,16.028439,1
11.891605,6.3035164,0
-1.8174894,-3.3320172,0
12.246823,-6.513073,0
19.311035,3.9675128,0
10.650056,-6.187145,0
8.711974,10.070875,1
10.013893,14.56923,0
-1.0917184,-4.283553,1
9.766348,-6.1668296,0
-2.760803,8.440369,0
10.211578,11.833945,1
-3.2029662,12.37812,1
3.5883596,16.194895,1
1.9887519,15.471051,1
10.52432,-6.3624215,0
14.113732,14.724022,0
9.687869,14.559614,0
11.741473,-2.3271642,1
10.512305,11.768631,1
17.14568,1.7984977,0
17.463337,1.3801961,0
15.699338,9.723914,0
-1.7686456,-4.9204845,1
6.5036483,0.83735085,0
12.251014,-3.4601896,1
7.4065933,5.2825685,1
12.677258,-2.951489,0
13.344991,-6.2095437,0
4.8478565,2.3481226,1
3.7819967,3.4471865,1
10.707932,-5.671528,1
12.005272,6.520994,0
16.614567,7.920156,1
-1.138166,-3.177125,1
12.455266,13.864393,0
-2.1020157,7.2774525,0
2.047032,15.73424,1
13.498057,4.1786885,1
-5.0118113,3.9072866,0
13.551248,-5.509749,0
-1.8493398,4.11743,0
9.212745,13.935658,0
-1.6274899,3.9752967,0
15.9418745,9.910478,0
-2.9166114,-0.6839658,1
4.8583755,3.520901,1
15.222515,3.452523,0
4.492585,16.533545,1
12.257938,-5.816734,1
-5.143576,-0.96056384,1
1.9897714,17.318342,1
14.326517,-1.0296172,0
10.471897,7.365646,0
-4.465232,3.9148672,0
15.763993,8.770501,1
2.0634973,17.568129,0
3.5688944,1.6264857,1
-2.8321745,-0.60151976,1
-0.63551867,-3.5708606,1
11.698739,1.963212,0
12.860066,-3.3378086,0
4.179529,0.97484726,1
7.4077663,4.509987,1
11.6889105,1.9618715,0
13.174989,-5.9463625,0
10.652405,11.806508,0
-2.7275271,7.551071,1
4.0352015,1.1029966,1
-1.7160329,3.86234,0
9.403476,10.22694,0
18.614042,3.4846544,0
6.394083,11.1883545,0
-1.5239569,3.9715466,0
5.537195,10.665018,0
10.240684,11.519467,0
-1.9721293,8.322474,1
6.307269,5.334074,1
10.54645,-5.6116104,0
6.3074856,1.3023715,0
18.942343,2.0334659,0
1.831915,15.635479,1
8.850494,9.936687,1
13.139978,-4.3808713,1
4.6839476,16.95983,0
10.637939,-2.7763867,0
12.231242,15.66035,0
8.243193,4.1602464,1
9.770105,11.961312,1
13.036641,-4.7195673,0
12.3647175,15.368866,0
2.556988,16.134209,1
13.870852,15.327668,0
2.7125638,15.878027,1
6.874738,4.1390514,1
17.513554,0.994512,0
11.610055,6.755385,1
-2.6956248,-0.4776042,1
1.6102732,15.735095,1
12.421525,13.032993,1
11.600184,6.9581475,0
-4.212499,-1.1762643,1
12.36156,-4.2120104,1
16.592817,8.78349,0
6.6634307,3.9806309,1
9.110409,-5.021099,0
17.528488,1.2242985,0
6.666775,4.115225,1
-1.9775211,3.6826653,0
3.3198838,16.963844,1
10.133846,-6.2084885,1
16.082092,9.482258,0
12.927034,-4.4718704,0
16.398438,7.695958,1
9.868545,-5.971906,0
2.5049732,16.40486,1
9.895338,-5.4005966,0
13.975892,14.890351,1
16.367868,9.164814,0
13.875945,6.9925957,1
9.888491,11.763925,1
-1.9516077,3.8914413,1
12.242737,-3.5219798,0
-1.9461535,8.464376,1
12.276927,3.4731398,1
13.777809,-5.7339664,0
-3.466744,13.648544,1
10.007842,-4.45058,0
14.051492,4.0443687,1
12.263471,-3.8203955,0
3.6504264,3.366321,1
19.690453,3.1381967,0
10.123105,14.48239,0
-2.7350535,-0.5444071,1
-0.94538194,-4.323756,1
13.332482,7.6296744,1
9.854369,11.936563,1
3.3112912,0.8375021,1
2.9090068,16.02967,0
10.105087,-3.121611,0
-2.261455,8.299831,1
13.8078375,4.072979,1
10.232034,7.511461,0
2.613277,16.983528,0
-0.5668942,-3.5252342,1
4.583041,2.1636996,1
13.041345,15.072931,0
-3.6747704,12.373513,0
11.996262,2.8958814,0
12.857615,-4.398326,1
6.314055,0.64722925,0
9.554257,10.59498,0
-2.275026,6.982595,0
12.036989,-5.9878016,0
6.2932825,5.0002747,1
14.089254,-0.6175213,0
-2.0939486,7.3087506,0
8.502654,9.519199,1
-2.584637,8.473136,1
2.7759476,16.63391,1
3.7475142,1.7844188,0
11.414151,-6.3216476,0
-0.99344575,-4.3474793,0
5.6282873,2.9909148,1
19.508429,2.3488982,0
12.236356,-4.849066,0
4.0373144,2.9564712,1
13.503508,-1.1008443,1
4.1727715,1.3246272,1
-2.8926034,-0.67981035,1
11.502545,-2.5250485,0
10.428714,11.5283985,0
13.319174,7.5743318,0
12.435399,3.8350558,1
3.9839005,1.1814712,1
-1.4481206,-3.0530102,1
13.233605,6.6774783,0
9.378731,14.0533085,0
8.564247,9.787259,1
11.723245,-2.3600776,1
-2.3352993,6.9596205,0
-1.9635836,8.500381,1
17.673716,2.111511,0
12.336502,3.3261867,1
2.0269392,17.278961,0
11.685844,6.801476,0
6.8964224,0.61130726,0
-2.168043,7.124044,0
12.3252325,14.312309,1
10.308223,6.8120255,0
10.436904,14.37858,0
13.583285,-5.484774,1
-2.0092862,3.6122155,0
13.741867,-0.12791997,0
9.441071,-3.9942126,0
-0.86935824,-4.215064,0
1.6339841,15.165445,1
10.78349,-6.007575,0
10.674039,11.77986,1
16.417265,8.750995,0
-1.6097775,-2.998536,1
5.759033,0.93043184,1
-4.615368,3.8708198,0
8.781584,-5.184428,1
17.494242,1.010783,1
13.536879,14.510838,0
13.77586,7.026699,1
13.477183,-6.0584145,1
18.536745,3.180186,0
8.56156,-5.1314898,0
-5.331257,-0.6331188,0
13.176658,-6.330596,0
2.3459215,15.021534,1
13.647271,7.8203197,0
-3.6691506,12.432725,1
14.057935,-0.5161346,0
10.35875,7.54303,0
15.780406,6.525465,0
12.815645,-2.9880958,1
16.334663,9.582281,0
6.973942,0.7905621,0
17.632309,3.2992063,0
17.96881,3.8152127,1
10.024601,13.460062,1
4.314435,17.125563,0
9.2626915,-4.7563767,0
19.05202,3.7848198,0
15.554481,3.7297509,0
11.071669,0.81737065,0
-2.9940658,-0.7557773,0
13.133005,-6.3568096,0
3.558361,15.975443,1
-4.0034776,12.705877,1
17.654858,0.7615402,0
13.335387,-0.9275665,0
17.697283,0.8370783,1
9.977616,-5.3354235,0
4.3404403,16.998192,0
7.0252094,5.501313,1
13.385101,6.6353836,0
10.068172,14.52961,0
13.421017,-5.0573273,1
17.087488,1.736181,0
2.0627487,17.11012,1
15.6514015,10.006242,1
12.322724,3.5041914,1
12.280705,-2.1644595,0
-5.2595673,-0.7064892,0
1.7846466,15.322197,1
4.555622,1.7656337,1
13.279426,6.6546035,1
6.4093814,11.269711,0
16.501822,9.24717,0
11.672479,1.1554468,1
13.467548,8.06802,0
8.932632,-3.9005778,0
11.254168,-3.0244243,1
15.18765,8.032482,0
6.130914,2.4546907,1
15.61707,3.619181,0
-1.5371023,-3.7192516,1
9.56025,14.229705,0
9.576617,11.933184,0
6.0587134,1.2418077,1
9.698634,14.640281,0
19.210606,3.9121542,0
3.590433,3.3447552,1
2.206338,15.4001255,1
13.861027,15.32204,0
8.311417,-4.5327973,0
17.69904,3.5558841,1
18.272846,2.6785996,1
13.925964,15.28366,0
2.7051969,15.201014,0
11.630647,-4.05313,0
-1.550206,-3.014366,1
6.0074906,1.4557949,1
9.787316,-4.252847,1
3.0055745,16.387236,0
11.745017,-5.1345754,1
10.179429,7.1776137,0
-5.2954245,-0.6637741,0
3.2712603,16.37278,0
-5.080541,3.9577982,0
6.1763983,11.420513,0
17.843195,3.7628682,1
12.487273,2.9332473,1
5.973107,3.4492047,1
16.112392,3.693195,0
-4.3260026,3.3949006,0
13.464513,-1.1413347,1
-4.988859,3.8458586,0
17.702007,0.7074661,0
17.653202,2.3522987,0
13.762325,7.0033875,0
12.613948,3.985122,1
14.26595,-0.6827719,0
10.235401,-2.942589,0
8.72265,10.432743,0
8.72981,-4.272918,0
11.426593,1.685842,0
10.220064,7.5640745,0
12.867023,-3.895099,1
4.6231127,0.9249859,1
8.509281,10.348204,1
8.469428,4.3695664,0
16.22144,8.856277,0
4.392463,0.8733445,1
14.234585,-1.1352062,0
13.633327,15.6064825,1
11.990135,3.058457,0
14.211663,14.827302,1
8.474466,9.572252,0
12.249046,13.321968,1
13.776352,-0.49425057,0
-4.1324687,3.3979447,1
10.700177,-5.963944,0
-1.284828,-3.5217845,0
18.639828,3.955274,0
4.3318815,17.12583,0
-3.79851,12.708075,1
1.7279956,15.707178,1
13.339022,7.1438513,0
11.957667,12.813979,1
10.522879,-3.6993525,0
15.757208,7.1524734,1
8.789603,-4.9893703,0
13.509859,6.7339935,1
11.173147,-5.8120403,0
9.742493,-4.9767714,0
-3.2365556,14.16374,1
10.212649,7.031938,0
6.9407544,4.1898274,1
19.229067,2.7597852,0
12.612469,-2.4981215,1
8.589559,9.676573,1
10.453111,11.471767,0
-1.9895816,4.0997276,0
12.283715,-4.0244155,1
12.255622,6.5118833,1
3.9571822,1.8990127,1
1.7709663,15.651799,1
10.439378,14.456302,0
6.5701747,4.067267,0
-5.4882164,-2.9321675,0
8.3966,10.008888,1
-1.0383489,-4.246696,1
8.573286,-4.236532,0
4.6073747,1.7351239,1
3.6756344,0.6145668,1
11.01255,11.601963,0
13.824954,15.413988,0
-4.909394,3.8020651,0
11.717993,0.89353186,0
2.1085253,15.418241,1
3.1591492,16.214466,1
8.452003,10.230199,1
18.530874,1.8245099,0
-5.2743316,-2.1302516,1
15.607121,9.989133,0
9.362353,10.389805,0
12.803503,-4.02005,0
9.351012,10.255781,1
13.281698,15.548421,0
9.932463,-3.1005468,1
-3.0896244,13.883889,1
4.5792074,17.15865,1
16.358723,9.021746,0
10.419297,6.672287,1
3.256957,16.751247,1
15.430832,9.669961,0
13.667687,15.03322,1
9.9348345,14.544226,0
16.16914,8.837272,0
-1.3309112,-4.157555,1
15.507166,7.99601,1
-5.413485,-2.818899,0
13.423109,14.624538,1
-1.366445,-4.104353,1
3.7825742,0.53936064,1
-1.7261696,-4.813542,1
-2.5477548,7.803355,0
14.331328,-0.8947776,1
13.38462,15.640427,0
15.9294815,10.042314,0
-5.480148,-2.9215667,0
9.856911,11.821702,0
10.219222,11.55642,0
7.391053,5.0011563,1
12.981768,15.33181,1
-5.0090337,3.911621,0
8.358651,9.986354,0
16.181234,7.8697295,1
18.724543,2.7527442,1
6.5662246,12.044151,0
17.552359,1.5691179,1
-3.0824273,13.639586,1
1.7135516,15.8225,1
11.9704895,1.4853481,0
18.912197,2.0940084,0
-1.8431083,4.1101108,0
12.454676,3.0737512,0
-3.7125368,12.317645,1
-2.9017334,7.6828914,0
6.336698,1.2930226,0
3.1658208,1.1546193,1
10.861977,-4.6606936,0
8.735009,-4.5966654,0
11.759655,12.934439,1
12.753194,-3.1377027,0
-2.0682707,4.060011,1
7.072446,0.5801997,0
-2.801854,8.428518,0
8.420653,9.714473,1
8.311658,-4.4530134,1
13.972935,14.59247,1
14.230949,14.766494,1
11.037573,-6.496601,1
12.18856,15.35797,1
-1.9795566,8.57287,0
5.602554,11.287741,0
-3.499033,12.222481,1
11.699172,6.5273433,1
-1.082609,-4.621076,0
2.1017158,17.557432,1
3.4165604,15.898002,1
-5.0230846,3.8624015,0
15.570314,3.6231046,0
9.780594,-3.4616256,0
9.415698,-5.3255663,0
-3.2509034,14.025074,1
6.0745316,11.38549,0
12.297093,15.609999,0
9.202281,-5.2318616,0
12.326619,14.100429,1
11.852144,6.341676,0
10.873306,11.507147,1
-5.3267274,-0.6426804,0
5.590756,10.70175,0
13.339302,7.153783,0
4.367977,3.024023,1
-3.4868042,13.959018,1
1.9021587,15.651094,1
-2.6402104,-0.48076183,1
12.454415,3.7012012,1
13.971068,4.0892634,1
12.954789,14.819634,0
6.344313,0.5308828,0
6.4207077,4.973533,1
12.919909,-5.090033,1
13.652589,15.052894,0
13.1146755,-3.9843767,1
2.212606,15.8251915,1
-2.952827,-0.71314836,1
14.329057,-0.8152002,0
16.391237,8.378046,0
6.967246,5.0815196,1
7.098757,5.490835,0
10.723407,11.472018,0
9.867434,14.422074,0
12.214774,15.641388,0
11.897764,1.7346756,1
10.423563,6.7026653,1
1.7721183,16.281681,1
11.481647,0.7822222,0
4.531883,17.191023,0
4.134888,3.7258794,1
17.975864,1.1316429,0
15.652391,6.848733,0
7.4061584,4.685377,1
15.091222,7.6607814,0
10.50541,6.622634,1
10.201814,7.0440345,0
6.3013883,5.284631,1
19.302996,3.7634416,1
-3.0504012,-0.689462,1
12.37311,13.042942,1
2.9880164,16.995434,0
13.186917,14.144359,1
6.5835843,0.65379417,1
6.6306734,12.300394,0
12.994064,14.510484,1
17.678984,0.82950306,1
10.168678,14.1068735,0
-5.1644664,-0.82304275,1
-2.0103183,8.620169,1
10.260907,6.98388,0
-4.6522593,3.868454,0
-5.2156754,-2.5118616,1
13.6217375,-5.0116105,1
2.3152225,15.807364,1
1.6325943,15.590356,1
-5.404083,-2.8205378,0
8.438133,9.5606575,0
11.805012,6.5908194,0
2.8652625,16.951384,0
11.36291,1.4868312,0
10.179146,7.307084,0
4.72154,17.37349,1
10.323795,6.998664,1
8.702447,9.284397,1
10.439679,13.817989,0
12.479265,3.2271636,1
6.092835,10.871899,0
16.18883,8.505277,0
5.872773,3.3596036,1
10.276379,-5.1367607,1
-2.802988,-0.5904401,1
10.300713,7.686144,1
-4.944193,-1.8604362,1
-4.7638364,3.706651,1
16.068972,8.842293,1
18.300468,3.2056022,1
19.102583,3.7096791,1
1.5708116,15.800494,0
6.31357,11.173079,0
13.044326,6.5882864,1
7.2362165,5.2226295,1
19.09704,2.1777718,1
-4.0122375,3.3615139,0
15.790091,3.8981643,0
13.00438,-5.79188,1
13.604358,-4.2695537,1
10.134006,12.123969,0
13.786123,-0.35049224,1
9.611072,-3.369348,0
-2.4817216,8.102374,1
-2.725133,-0.5154206,0
13.754306,6.960639,0
9.611555,-5.1471825,0
16.306656,7.8884587,1
16.93114,1.6388015,1
9.374327,9.924076,1
-1.7551123,-3.9993427,1
14.076793,4.088799,1
11.752512,1.2756447,1
6.2579865,5.1017284,1
9.37662,9.925175,0
10.272861,13.985785,1
9.905136,-5.9653964,0
-2.2166934,3.3799071,1
5.622412,3.7836535,1
-1.0559248,-4.560898,1
8.881065,-4.050632,0
18.982027,2.7925303,0
10.139028,14.557347,0
3.7110305,3.346435,0
14.028993,-5.623348,0
11.735823,-5.261912,1
4.81815,17.284143,0
-2.0551202,8.434567,0
12.523329,3.0156434,1
13.458296,-4.1854806,0
12.989511,-4.0365286,0
10.907705,-4.262621,0
6.0731273,11.405822,0
13.675825,-5.9760313,1
8.4479685,4.3602443,0
16.578777,7.935106,0
-4.9350376,-1.5481944,1
9.841794,14.583814,0
3.4967062,15.931425,1
8.671125,-5.057155,0
-3.4420288,13.261321,1
10.406529,11.476978,0
3.234035,15.963747,1
5.604898,1.332162,1
-2.9091709,-0.6829531,1
-3.7222958,12.341171,1
-3.7977672,12.184009,1
11.057168,-4.6014347,0
-3.7027802,12.849725,1
-2.7034338,-0.4724593,0
10.4599085,-4.865152,0
19.579456,3.1998203,0
18.29321,1.3848652,0
10.497587,6.6540775,0
18.562466,1.99878,1
-1.5848205,-3.5164125,1
8.0911455,3.9454048,0
-3.460602,14.105772,0
-3.5209951,13.316382,0
4.7784686,17.311836,0
6.2028847,11.460213,1
2.4426537,16.868855,1
9.498387,10.019302,1
10.930087,12.068849,0
15.661465,8.144899,0
-2.8560681,7.5043955,0
10.579384,-3.7301767,0
13.316908,7.1666155,1
9.016068,-5.522479,1
1.7868067,15.639168,1
2.7495482,15.235242,0
-1.8998013,-3.5500104,1
17.716215,2.5680492,1
14.524165,3.7374046,1
-1.6035888,3.853569,0
-3.4890294,13.339329,1
-1.582999,-4.027246,0
2.820954,16.847754,0
10.987285,11.602064,1
-4.823295,-1.9010477,1
4.4992614,1.4874189,0
6.445631,12.102816,1
-3.8205192,12.934538,1
3.810043,0.6942698,1
1.7608666,15.8243265,1
4.3436937,3.2119184,1
15.767212,7.0027866,0
-1.1028216,-4.104137,0
5.689778,3.7816448,1
9.580308,-4.353724,1
-1.7544143,-4.9459696,1
-1.5563773,3.9837646,0
10.241057,-3.0670152,0
14.31435,-0.60594803,0
12.09894,3.380011,1
11.173746,-4.4250345,0
12.531514,15.686681,0
4.1372924,17.128756,1
13.013606,-5.4646764,0
10.136335,14.571473,1
1.7488554,16.231535,1
-1.9383811,8.580175,1
4.5636573,1.0321194,1
13.077521,-6.0071845,0
13.7824545,-0.12761909,0
14.03987,-5.6243925,0
-1.9844059,8.537924,0
2.3293092,15.5946,1
11.567525,3.022138,0
17.836395,3.7371488,0
6.5718045,3.9785297,1
-2.0007703,8.5433445,1
9.751781,-5.6241503,1
3.9943962,2.9676383,1
18.544708,1.8095274,1
11.659475,6.6878433,1
13.678441,7.172143,0
15.833716,6.458678,0
10.621837,-6.3185487,0
8.658932,10.20244,1
-5.121912,-2.4539316,1
12.965852,4.0606813,0
3.3256814,16.67838,0
13.31514,-4.3395166,0
2.0049536,15.229142,1
6.151473,2.5327265,1
14.165343,-0.78743297,1
8.010422,4.1461654,1
2.8437397,15.325357,1
-4.0354695,3.367745,1
-2.250391,8.049206,1
12.225037,-4.2230897,0
6.9502034,12.19053,0
4.5724063,1.4838523,0
18.447351,3.2158506,0
-5.2726655,-0.7018825,0
9.953762,-3.2793827,0
5.8116517,10.774935,0
9.2839575,-4.6519876,0
13.102956,-6.2231655,1
-2.7780454,7.507186,0
12.417013,14.079262,0
16.082083,8.994445,1
9.863001,11.83011,0
-3.8796122,12.508018,0
3.295629,17.2937,1
12.203511,13.576986,0
12.578517,3.7069242,1
-4.552374,3.8904252,1
12.407678,13.000652,0
18.146456,1.1121371,0
11.550536,-5.410503,0
10.2312355,7.547888,0
11.393499,0.7135581,0
4.197875,1.8250165,1
16.354816,9.158653,0
-1.8583684,7.8450737,1
11.566892,7.010497,1
11.754115,-4.5464306,0
12.989024,-5.772366,0
8.452561,4.3937364,1
8.46934,9.568062,1
11.835669,-4.5034785,1
-1.3630837,-3.897884,1
5.660156,11.37781,0
5.816201,1.0767566,1
10.771168,-5.5034885,0
10.017692,-5.867661,0
-0.78567696,-3.5958712,1
10.069644,11.672455,1
13.626193,-1.1875314,1
-2.5130298,8.445316,0
-1.3730235,-3.0830991,1
6.9049487,5.279483,1
-4.360203,3.3192086,0
8.292566,-4.581361,0
16.231636,7.761626,0
11.868907,-4.6376176,0
19.30788,3.7307913,0
13.260274,14.954408,0
-3.3462,12.191256,1
10.456564,6.678956,1
12.795733,6.2398806,1
10.335275,11.622356,1
11.169878,2.4807749,0
-4.4479666,3.9021335,0
-5.4499025,-2.8825097,0
12.223267,-3.166939,0
10.424997,6.6820025,1
10.416645,11.733786,0
-4.7194767,3.574034,0
2.2854435,15.660962,1
13.400869,14.735934,0
3.8741748,3.1552784,1
-1.0648886,-4.5371304,0
12.901281,-5.6188602,0
8.708915,10.391911,0
3.9946122,3.0139773,1
19.08605,3.0627637,1
8.517799,4.325256,1
14.168695,14.51984,1
-2.7491326,8.495925,0
1.8662982,15.0924015,0
12.311493,-5.7841587,1
11.814339,-4.641806,0
4.055206,3.4696527,1
-1.3645649,-3.103931,1
2.202959,15.572065,1
-4.890743,3.7732055,0
12.628886,-4.526089,1
17.75187,2.0653615,0
-1.2614925,-4.2371335,1
18.72631,1.7294501,0
4.2156615,3.0519652,1
4.6299787,16.871346,0
15.356239,8.725753,1
10.2948,6.9536076,1
13.18579,6.7604074,1
5.7402377,11.364824,0
6.7965913,4.026527,1
12.27997,-4.0485544,0
13.8262,15.312508,0
-3.7170005,12.737757,1
11.335066,-6.457206,0
14.111651,4.1810083,1
13.588183,14.996116,1
10.904919,12.337951,1
6.9503584,12.13477,1
17.739098,3.70855,1
-3.5100567,13.449897,1
4.2119737,3.7429748,1
2.3325987,17.06886,0
12.890239,-5.023505,1
12.22867,-3.1070654,0
10.518298,12.179344,1
16.222328,9.608372,1
16.60188,8.330937,0
10.585519,14.2901325,1
11.784962,-4.667533,0
10.230447,7.5748367,0
13.852169,-0.1840994,1
-0.88759404,-4.1420493,1
13.581187,-4.8836303,0
8.5651655,10.421944,1
13.688049,-0.6632204,0
11.101622,-4.8578687,0
13.723436,-4.4664183,1
2.0558267,15.731503,1
8.4300785,4.3827333,0
8.04617,3.9831874,0
-3.3572664,12.197498,1
-2.9670472,-0.7366174,1
8.63668,9.290798,1
-4.5094743,3.4618802,0
-3.059825,13.175307,1
5.9194903,11.406114,0
13.428033,7.1909,1
-1.8315406,3.8946521,1
12.413714,12.969956,0
10.892537,-4.186703,0
15.799729,10.092872,0
13.512496,15.233146,0
13.667877,14.7788925,1
6.5939612,0.96470785,1
10.393423,7.092344,1
6.188767,11.457852,1
-2.201855,7.5950956,0
9.419234,-4.9357066,1
10.917665,12.13642,0
8.904054,9.501727,1
11.411096,0.7954631,0
1.9065535,15.648827,1
5.6555333,1.3436353,1
6.954175,4.1692157,1
13.511482,-3.9333284,0
12.2158375,-5.296691,1
-1.8088093,3.7283862,0
-3.6094825,13.41802,1
15.332039,3.4828005,0
10.229552,-4.9790845,0
11.962151,12.8667,1
12.864268,15.019235,0
19.431913,2.642497,1
11.746645,6.4717164,1
-5.3915496,-0.5713203,0
13.127411,15.600521,1
-2.176967,7.30707,0
19.304104,3.347122,0
12.23785,13.203935,0
11.18208,1.9765526,0
18.080978,2.720063,1
9.758287,13.746241,0
15.98099,6.6619363,0
-3.3191307,12.335289,1
6.123956,0.48462978,1
2.5504935,15.124457,1
-2.9346638,8.103558,1
-1.8071024,3.8411865,0
4.295292,3.2038915,0
10.959607,12.082317,1
10.504827,11.982671,1
13.527968,7.376702,1
10.134327,-3.9800417,1
13.077269,-5.9189863,1
18.513805,3.8662412,0
9.710539,-5.773582,0
16.470396,8.860998,0
1.820752,15.749603,1
2.3705056,15.099174,1
11.339384,12.459867,1
9.595695,14.2455845,0
6.9893756,12.217224,0
12.351726,-4.5455265,1
13.392909,-5.929184,1
2.1413257,15.7074585,1
13.738801,-4.5238347,1
-5.213113,-0.7599959,1
14.059141,4.0940237,1
4.436061,17.155048,0
11.819503,12.773172,1
10.040491,14.225214,0
12.507149,2.8927057,1
18.259684,1.1285865,0
-2.738578,8.368586,1
4.461892,0.89045,1
11.285064,-5.216806,0
18.056095,2.1375241,0
-1.5902817,-3.0186012,1
-2.8010597,7.535221,0
8.396759,10.008574,0
12.822908,-6.4473057,0
17.608175,0.80215293,0
11.331193,-2.9221678,1
10.799783,11.569165,0
13.607844,-1.1700609,1
9.607369,11.958324,0
12.141246,-2.4447112,0
12.237529,-3.7081974,1
14.015207,4.0647936,0
10.061629,-4.466333,1
18.973652,2.0260463,0
10.276866,11.649356,1
5.9843173,10.755649,0
8.662356,-4.3261566,0
9.273859,9.986603,1
13.524241,-6.048386,0
10.83049,-4.266533,0
-2.9308715,-0.6042989,1
5.7328067,10.746538,0
10.738383,-6.2379327,0
12.550683,3.2999203,1
4.447023,3.511976,1
8.547219,9.809631,1
12.618791,-2.4697032,1
-5.246198,-0.72950953,0
19.032616,3.308878,0
14.021636,4.1227903,0
6.4552355,4.0529866,0
9.580049,-4.4224725,0
19.378305,3.718173,1
6.7203035,3.9125328,1
-2.971946,-0.73984885,1
17.841177,2.3785865,0
15.869314,7.007428,1
12.125778,3.0241067,1
-1.7843732,-4.937315,1
2.3279564,15.073099,1
6.036659,10.887178,0
-3.1773763,13.882914,1
8.36653,-4.5827584,0
13.318902,-5.3411627,1
-2.5757985,8.398357,0
15.627661,9.829179,0
-4.3288846,3.7345169,1
11.1166115,-3.4052043,1
-4.366709,3.7625427,0
4.0957036,3.718232,1
2.825895,16.815907,1
12.140387,13.495381,0
5.2547636,3.0469148,1
19.523281,2.7136903,0
2.4754674,15.08476,1
8.152023,3.9256651,0
-5.3701262,-2.8267043,0
-1.6414912,-3.0719569,1
-3.309093,12.481566,1
3.1853895,16.91746,0
19.26359,3.3158937,0
4.5832605,17.162806,0
19.681452,2.6156485,0
18.750555,3.620148,0
-5.048282,3.9383497,1
7.1417193,5.5050473,1
2.7421863,15.263186,0
1.8220547,16.25214,0
13.575194,-4.051843,1
8.742716,-5.0719757,0
10.372628,11.6476345,1
15.686338,10.07267,0
9.121965,9.632072,1
3.6755724,0.54958695,1
8.42125,-4.449021,0
14.242376,-0.91000897,0
-3.8872306,12.443938,1
-3.7745707,13.654116,1
11.200833,2.2701771,0
7.972411,3.8906002,0
15.605416,6.748976,0
11.489347,-2.8250976,0
11.927525,13.345677,1
16.559072,7.81695,1
9.623251,11.437386,0
5.895201,3.4602935,0
5.9655237,11.364114,0
13.254456,-6.025494,0
-2.689052,7.9257402,0
6.065464,10.799434,0
4.1647067,1.358779,1
4.6303506,2.1933112,1
10.506274,14.273168,0
5.6325507,1.478477,0
6.1663547,0.3708895,1
13.411165,7.26703,1
5.6782494,11.380728,0
-2.6428106,-0.29995465,1
11.445371,-3.5605311,0
-4.3024645,12.272154,1
6.0129495,10.788342,1
-4.0524006,-1.1513792,1
5.9605155,3.4766588,1
5.530698,10.678408,0
18.595129,2.0621943,1
-2.539644,-0.37061307,0
12.304216,2.9775345,1
9.763706,13.858032,1
-1.3039725,-3.30036,1
11.579899,2.9822588,1
19.193136,2.4427896,1
5.9739313,0.6456562,1
10.461109,7.5148354,0
12.252399,-2.576386,1
3.788671,15.98884,1
13.94143,-0.18420912,0
15.517937,8.008624,0
12.171396,-6.402495,0
13.543456,7.1202335,0
-2.0614035,7.809676,0
15.535463,9.799741,0
6.4953637,3.902879,1
6.020423,10.806919,0
9.9949665,-5.372925,0
15.900455,8.7992735,0
13.332993,14.571565,1
15.288778,3.513283,1
10.302355,14.530041,1
4.409583,17.158543,0
12.848073,-4.40918,1
6.1643114,2.7998013,1
17.951721,3.7995234,0
12.01448,6.456782,1
-0.5609602,-3.5240893,1
10.18232,-4.9147444,0
9.951462,11.702331,0
-2.2820234,3.3198855,0
10.2295475,11.56344,0
9.096059,9.710476,1
6.4365396,3.9009736,1
2.0591073,15.647236,0
4.1553745,1.823303,1
12.29582,-4.540925,1
-2.142777,7.1484895,0
-4.0319977,3.415798,1
19.577618,2.72604,0
10.500288,-4.619515,1
10.608404,11.984665,1
18.237753,2.0845478,0
10.686693,-4.840886,0
-5.1327286,-1.0004874,1
13.41466,15.680217,0
13.29437,7.1834555,0
12.092741,-6.1272407,0
11.69814,6.8054624,0
5.7020316,11.374872,0
12.416117,-5.514449,1
13.189354,-3.7556586,0
10.930316,-3.8032594,0
-2.7146535,13.213387,0
16.11139,7.049311,0
13.32837,15.654224,1
13.775003,-5.5530744,0
-4.4602118,-1.570147,1
10.081083,13.479401,0
11.436874,0.7223326,0
15.7221365,6.5619783,0
2.8145866,15.221795,1
-2.0307143,8.513326,0
10.539765,13.54833,0
11.8552065,-4.4152446,0
9.747985,14.584138,1
7.1912417,0.90119284,0
12.214915,15.481609,0
-1.9311205,8.479496,1
6.4881573,0.5967854,0
12.473689,2.8588474,1
-3.540479,13.381629,1
10.387992,11.425094,0
7.055098,4.963408,1
6.968253,5.476246,1
13.442466,-5.6573024,0
3.80673,15.878069,1
19.198252,3.3747034,0
17.58394,1.3223655,0
-1.6392018,-2.9682617,1
11.577304,6.822766,0
4.201521,16.996513,1
4.0223746,1.7953703,1
13.923223,14.825779,0
10.247984,7.6698837,0
11.220285,-4.40583,0
2.3336008,15.160012,0
6.1529408,0.34898046,1
5.553106,10.699587,0
10.863465,-6.2477326,1
5.9871936,0.50664085,0
9.889248,-5.8742514,0
-5.4626064,-2.9011931,0
18.229708,2.301112,0
9.813171,-4.8289747,1
7.3336034,5.319312,0
13.093902,6.605887,1
9.7548,11.928447,1
12.765533,-2.8566716,0
5.624566,3.8032389,0
3.8674958,3.2465384,1
5.0242586,2.6259117,1
8.475546,4.3577914,0
16.577589,9.2181835,0
13.002896,15.435633,1
13.937431,14.798683,0
2.8746834,16.86084,0
-2.8063657,8.377261,0
6.8955564,0.5932601,0
10.795596,-5.62838,0
17.923971,3.0324345,1
-2.0731666,8.347067,0
19.091429,2.20221,0
2.859031,15.372851,1
11.057451,11.77612,1
12.955325,-6.1080594,1
10.332928,-4.81475,0
-0.9282635,-4.338913,1
12.985107,4.112066,0
-2.2465758,3.4426382,1
-4.190024,3.8519523,0
13.707662,15.3961735,0
13.087499,6.6667175,0
6.265225,2.4950452,1
11.161374,-4.6048465,0
8.892009,9.469906,1
10.435241,11.707302,0
-1.8580664,7.81951,0
13.241127,-5.5127354,0
7.4513283,5.1081905,1
-1.8471704,7.7561865,0
2.790368,15.294257,1
13.091083,7.090334,1
16.263561,8.638432,0
13.508146,8.090412,0
12.161155,13.246291,1
3.845111,1.7432306,1
-2.6655579,8.117746,0
16.724531,8.507065,0
-1.7707773,3.7871563,0
11.508036,-5.8123846,0
13.039469,-5.942301,0
11.6832695,-3.899847,1
-2.2347813,3.3751388,1
14.132658,14.692071,1
12.391296,-2.6716883,0
-3.1429842,13.942512,0
13.274009,-3.7555056,1
12.730912,-5.0132427,0
15.306324,3.5656025,1
12.780277,-3.9063292,1
8.54166,-4.344546,0
4.7824745,3.4900503,1
18.63171,1.3508999,0
9.285083,-5.3098006,0
-1.9363832,8.554103,1
10.200836,14.557321,0
-3.1524463,13.600262,1
18.118883,1.7724489,1
13.026169,-5.103471,0
17.56246,2.088422,0
-4.191861,12.491755,1
9.5608835,-4.958057,0
10.683159,-5.9665127,0
11.05905,-3.8225431,1
18.095984,1.2829946,0
10.264039,7.4416018,0
-1.3081969,-3.0898678,0
6.6933646,3.9884236,1
4.0890856,17.061996,1
10.241579,14.520675,0
13.285378,15.046849,0
15.662379,9.301268,0
7.8929977,4.4885426,0
3.1698859,0.8857923,1
9.061667,-5.2279096,0
-3.177935,12.296242,1
-2.2361841,7.0519657,0
11.779445,6.516885,0
13.69656,7.969592,0
12.165377,15.325257,0
3.9453561,0.51335454,1
10.922269,-5.1615624,0
1.7793053,15.411728,1
8.556319,9.448867,1
-1.7963725,3.8041255,1
2.2295427,15.64808,1
10.12789,11.772338,1
18.137026,0.8368377,0
-4.3649955,3.3237607,0
9.734438,-5.891293,0
6.5449557,0.83448243,0
5.8746924,11.362445,0
10.4807415,7.071109,1
5.5956554,3.1230428,1
-3.439297,13.289726,1
10.080003,14.485828,0
15.735204,9.023812,0
-5.024976,-2.40953,1
6.3794847,1.1866617,0
9.469465,9.971602,1
-4.088881,12.362493,1
10.704244,-6.0042663,0
-3.8695016,12.675687,1
10.665498,-6.3439727,1
8.453298,-4.939579,0
3.7233014,1.1218601,0
8.845618,9.473424,1
6.997615,0.871469,0
10.318776,14.4902525,0
18.191465,2.5096529,0
5.0468893,2.6265361,1
17.124083,1.75024,0
-4.0197015,12.350102,0
10.283186,7.7264633,0
4.4496446,3.536238,1
15.716492,9.691601,1
12.84055,-2.8441582,1
4.002023,3.5727386,1
13.324051,-6.2193565,0
17.435148,1.3090842,0
7.2748666,4.5298834,0
12.500571,3.0830004,1
-5.0088215,3.9150221,0
12.510772,2.7965991,1
18.097376,2.2100828,0
16.50439,8.793731,1
2.3843367,15.0779915,0
10.459499,6.6361637,1
18.717716,2.7085152,1
6.1302576,11.402646,1
8.888116,9.850963,0
6.2768464,11.203069,0
12.269327,3.0283048,1
10.179913,11.521963,0
7.0042124,0.83081037,1
-1.2513189,-3.1016567,1
11.472358,-3.7796004,1
2.050848,16.882124,1
18.013525,3.7609987,0
-4.7827063,-1.8048844,1
16.059717,9.419578,0
12.013956,12.825161,1
4.4003654,2.8262086,1
3.7309914,15.907975,1
12.903964,-6.269588,1
1.5236932,15.713429,1
16.554281,7.8205504,1
11.836121,12.809054,0
10.8054495,1.1351888,1
-5.20204,-2.1454728,0
-4.4655266,3.5687366,1
12.112233,-2.2905517,1
-4.16573,3.5971985,1
5.5845947,3.7223742,1
12.56905,13.901099,0
8.360128,9.925128,1
-1.8268846,3.8673527,0
17.599333,0.7946279,0
7.9912786,4.0828323,0
2.50136,16.902729,1
12.28784,-5.0823374,0
2.9290996,16.12121,1
16.137741,9.454666,0
9.78466,13.706985,0
9.81496,12.176634,0
-5.119297,-2.282155,1
5.797424,3.618552,1
10.754679,-6.4300528,0
-2.4804044,7.9843464,0
12.258557,15.021147,0
6.161449,3.9755726,1
11.203572,0.96602774,0
12.06617,-4.6908503,1
9.366924,14.035037,1
10.560443,-4.5393085,0
3.026785,16.153027,1
14.216351,14.695902,1
3.497981,15.947018,0
17.566174,3.0065327,1
4.734533,17.289152,0
18.019989,2.0462394,1
5.9238997,2.7596223,1
11.99368,12.858076,1
3.212923,17.191683,0
10.958288,-5.6564126,1
7.940133,4.1092362,1
5.7864523,2.967298,1
11.105422,1.433906,0
2.4616385,15.0671015,1
10.346836,12.038675,1
16.43585,9.415628,0
10.327528,7.584915,0
-2.3439016,6.930523,0
2.0677063,15.385365,1
4.3469677,2.833279,1
12.545622,15.019961,1
-4.1961756,12.491595,1
13.500375,4.165047,1
19.16853,3.898791,1
16.46047,9.438979,0
3.7615733,0.90596694,0
10.005372,11.674695,1
11.283685,0.8831847,1
-2.8721838,13.281433,1
16.194094,9.215915,0
7.4115644,4.6721663,1
11.310325,-6.3654866,0
16.320425,8.911057,0
2.636708,15.137211,1
-1.8199737,-3.0462575,1
-1.3424977,-3.9102848,1
13.368884,-0.87347835,0
-1.834931,3.7186735,0
13.639747,-5.8958383,0
9.784707,-4.6249585,0
13.507503,-5.105026,1
-2.0086067,8.401361,1
2.1047785,17.556385,1
3.1446297,17.235298,1
9.727405,-5.7484217,0
13.095603,6.489392,1
7.801863,4.3312173,1
-5.2654176,-2.643672,0
3.4827244,0.79108775,1
-3.7428343,12.228188,0
-5.461485,-2.8851004,0
11.008628,1.7282176,1
10.040624,14.535726,0
13.12156,-6.3378778,0
3.8264387,15.976337,1
16.607391,9.076772,0
-5.2504716,-0.76422876,0
-2.2501657,7.0000315,0
12.878025,14.319049,0
12.005009,12.812935,1
2.909828,16.902678,0
6.835495,4.1002793,1
12.522948,-6.1119475,0
10.252406,13.868143,0
15.75464,3.706891,1
9.278838,14.016806,0
12.305557,-4.241799,0
11.9048,3.2084827,1
3.9152153,1.2069219,1
10.171576,7.0545287,0
12.918222,-5.627356,1
13.779839,-4.558986,0
17.86179,1.8670298,1
17.452354,1.0040845,0
14.0423155,-0.4302125,0
-2.7810106,13.12686,1
6.624911,12.017921,0
-1.592719,-3.2466366,1
11.602593,1.9472326,1
10.247499,12.123026,0
12.341352,13.123701,1
12.994826,-3.068774,1
17.714169,0.6865933,0
12.111858,3.418546,0
12.324809,-4.237859,0
19.14183,3.0727859,0
19.234316,2.988233,1
4.0765967,0.70804876,1
8.020015,4.151079,1
11.645422,-5.809482,0
3.200627,16.99191,0
5.3057337,4.028735,1
13.892061,-0.20762363,0
-1.4005156,-3.0758188,0
5.645702,10.712175,0
3.0431309,16.27917,1
8.536312,4.2415795,0
-1.8836317,8.183505,1
-3.9111469,12.120763,0
10.917194,11.5096655,0
10.0374365,14.541868,0
11.146712,0.73136896,0
-3.5665603,12.856336,0
5.9928536,3.4129784,1
6.220206,5.322697,1
11.899774,1.2948419,1
5.895349,11.259902,0
11.92387,-2.0282562,0
8.694478,10.26982,0
12.000996,12.820383,1
13.848349,15.199081,1
11.489584,-5.8648424,0
18.966127,3.3760996,0
12.556711,3.6600497,1
11.825893,1.0913844,1
6.21185,5.268576,1
12.277052,15.649056,0
9.364382,-5.2318587,0
3.3736186,16.958101,0
-4.2053304,12.433602,1
3.4051135,16.92908,1
3.8354425,16.03298,0
3.360143,1.1261029,1
3.0473833,17.054607,0
3.749067,3.0373101,0
12.228262,-5.261807,0
3.5991783,0.57703793,1
19.295479,2.2943587,1
14.043042,4.022173,1
12.469884,14.955298,1
-2.1546853,3.682291,0
-1.8141227,-3.8727725,1
4.5279613,3.0434163,1
9.717253,-5.033554,0
11.154604,-4.714933,1
-0.574606,-3.5231414,1
11.084655,-2.487471,0
-2.8122773,8.124991,0
17.96965,1.1287752,0
3.751451,3.073671,1
4.0023575,16.003899,0
19.396698,2.152261,0
-2.2291942,3.38482,0
-2.145953,7.1823363,0
2.1668427,15.406464,1
2.7652378,16.14332,1
15.900846,9.963585,0
10.477109,13.782539,0
4.048169,3.5022912,1
-0.60465115,-3.6244652,1
6.655264,4.345895,1
8.432617,9.699069,1
-2.444752,8.224249,0
11.568167,1.1277349,1
18.188068,1.1154608,0
-1.9207749,8.627038,0
9.540638,10.520211,1
3.0927622,0.86551386,1
19.462725,2.361847,1
4.4773736,2.7671483,1
2.6045082,16.922897,0
8.166426,4.2060475,1
8.672674,10.265414,1
16.422087,9.055625,0
13.781548,7.0036774,1
6.3029757,5.0772777,1
16.770111,8.563786,0
9.991577,13.7203245,0
14.484922,3.7900968,1
17.499685,0.91470313,0
10.937843,-5.3435864,0
-2.9405363,-0.7097644,1
3.47616,17.210314,0
7.8542023,4.145939,1
12.1031475,2.853669,1
-3.8245778,12.288308,1
10.370079,14.024371,1
15.911498,3.799644,0
-2.3513968,8.106777,1
4.557012,1.5737891,1
14.091779,-0.3856104,0
-3.7964468,12.757262,1
-2.8651292,13.071687,1
13.129167,4.095539,0
18.918772,1.484586,1
13.042772,-5.083439,1
11.864129,1.2820829,1
9.772507,-6.06525,1
-4.106317,3.5540729,1
9.23798,-5.2395124,0
7.2235074,5.396871,1
-4.0346565,12.12147,1
12.318377,13.126714,0
10.194145,12.080247,0
9.26216,9.8072605,1
-1.7907667,-3.9636848,1
18.392565,3.4819534,1
6.8496785,0.86684513,0
-0.57223785,-3.53572,1
4.6200023,17.079195,0
11.775753,-3.4825165,1
-2.7467332,7.902954,1
11.46929,-5.808198,0
10.45659,14.352603,0
-1.8316458,3.7090623,1
7.05392,0.5492177,1
8.025549,4.075529,0
9.403606,9.877895,1
4.556004,16.615072,0
5.743796,11.39403,0
-3.3341694,12.223618,1
-2.3282547,6.956029,0
12.944369,-5.615415,1
-5.1728697,-0.8072212,0
10.805783,11.539057,0
5.6274524,10.715509,0
-3.827111,12.175955,1
12.712502,-4.38453,0
6.375295,12.131478,0
12.013514,1.536549,0
17.801163,2.465085,0
16.199003,9.076105,0
19.570143,3.20351,0
6.8862987,0.76933014,1
11.855141,-4.308717,0
8.664578,-4.3163323,0
-0.9942471,-4.2591,1
14.212258,-0.41233078,0
12.289758,3.2386806,1
-2.932348,-0.70983285,0
2.0920541,16.669876,1
3.576127,15.922908,0
9.786096,-4.6455626,0
9.950167,-4.3899517,0
-4.483558,3.716562,1
-5.2151537,-2.1587925,1
4.215004,3.7414505,1
-5.456331,-2.8817031,0
17.522612,1.4265246,0
-1.6135644,-3.0304382,1
8.273117,-4.7205,0
8.403522,9.777102,1
18.913671,2.220007,0
11.029933,-4.9936423,0
4.644371,0.81945175,1
10.853154,1.0279775,1
-4.2768626,3.4120443,1
16.325472,8.189984,0
-2.8041384,-0.59936786,0
-2.7015502,7.833016,0
13.4415245,7.9721465,0
2.3712168,15.043895,1
11.4334345,0.8347047,1
9.311445,10.146094,1
6.2128325,2.55483,0
-3.1505551,14.021856,1
-4.544441,3.597546,0
-3.6033177,12.969833,1
19.287895,1.7041595,1
4.0989156,3.1587825,1
-2.2975762,6.962581,0
3.7735562,15.975569,0
10.78496,0.98221064,0
15.920347,9.877929,0
5.699415,11.400785,0
12.922741,-3.4073071,0
4.4527044,17.093052,1
4.0785384,1.0297767,1
15.3979025,9.461653,0
8.96971,-4.2304525,1
3.4334316,16.945044,0
3.355978,15.891164,1
10.308318,11.660861,0
9.551031,10.51629,1
4.224753,3.6661673,1
6.296042,0.630299,0
15.781057,10.080587,0
-2.7889657,7.777726,0
-4.4135756,3.4700775,1
5.5400805,10.681102,0
10.254494,7.682453,0
-5.0228224,3.8758588,0
10.977076,-2.5956953,0
-1.9381585,8.639612,0
4.3433046,3.4454908,1
-2.619054,-0.43403628,1
10.814829,-6.418216,1
16.201818,8.953019,0
11.797401,0.87258166,1
12.845054,14.584067,1
-5.1977334,-2.0275636,1
11.78858,-2.2389567,0
11.067457,0.814833,1
15.403417,9.001659,0
4.0453334,3.7165642,1
-1.3366556,-3.904442,0
13.400627,15.681523,0
-1.6092349,-3.0248246,1
3.8645303,16.583227,0
3.7574966,15.773937,1
-2.776439,7.5135717,0
15.999264,6.6969185,0
10.341761,-4.7928977,0
3.0975733,1.0778191,0
5.762034,11.384351,1
19.01301,2.0649736,0
2.5284677,16.937243,0
8.405781,-4.4512606,0
7.442894,4.848045,1
5.9398937,2.4941528,0
-1.8964982,3.6322396,1
11.600695,6.7620707,0
-3.937032,12.105788,1
12.488463,3.0065339,1
14.201896,-0.67706513,1
13.776657,7.1897187,0
10.508217,11.974445,1
6.492611,3.9273486,1
6.968271,4.1133895,1
-2.702432,-0.5087222,1
-1.8744891,3.836821,0
-1.7307926,4.1907477,0
2.15585,15.367215,1
6.2295523,0.9324001,0
3.3911183,17.010363,0
13.630175,7.0353584,1
10.307005,7.6995654,0
13.827434,-1.200517,0
2.2659826,16.372675,0
1.8523439,15.617075,1
10.174052,7.3973327,0
18.685469,2.4093378,0
-2.3195524,6.9375925,0
10.579501,7.322681,0
13.1325865,14.6571455,1
3.9226952,3.0498717,1
-4.406887,3.4658263,1
-1.2972908,-4.221486,1
11.595581,3.052556,1
16.206434,7.468853,0
3.2755198,0.7904473,1
12.509159,6.142841,1
13.413283,-4.885763,0
18.764864,2.1482334,1
13.109087,-3.8839986,1
-4.1095657,12.42584,1
11.7989025,3.3249052,1
-5.2585673,-0.7130229,1
-2.2889009,3.3274777,0
12.54182,3.6905618,1
15.713047,9.908351,0
3.1316195,1.0802554,1
19.112635,1.5532907,0
6.269406,3.9537168,1
3.5549793,16.020775,0
10.242341,-3.0908399,0
5.3094974,3.1025577,1
8.563928,-4.2136626,0
-2.8506463,8.224086,0
14.0214615,4.079569,1
6.9850864,4.918278,1
10.526921,11.433652,0
11.176694,0.66840327,1
15.5422535,3.7029212,1
19.52082,2.9094577,0
16.73342,8.509137,1
5.6950464,2.7174866,1
10.870358,1.7145399,0
10.45252,13.384596,1
8.419479,10.140175,1
19.112333,1.5063281,0
10.403422,11.412507,1
2.867703,16.90562,0
10.29461,14.510198,0
1.757075,15.612491,1
16.318567,8.913446,0
-4.490905,3.763445,1
2.4264083,16.88746,1
-1.9831333,8.561046,1
15.608102,3.7533898,1
3.3321693,16.95699,0
-5.2144494,-0.7592411,0
16.220137,7.754551,0
-5.2115755,-0.7693708,1
18.168657,1.0785918,0
16.563192,8.597851,1
-0.8009342,-3.5048518,0
4.3849797,17.098091,0
15.541002,3.6987069,0
13.826736,15.281173,0
12.945632,-6.169627,0
10.987136,11.9405155,0
15.89303,9.884518,0
12.369479,13.061174,1
10.971795,11.62361,1
12.635902,-6.1730504,1
17.796198,3.4226665,1
10.58942,6.640804,1
4.562821,3.239847,1
4.126571,16.198044,1
18.662,1.3484213,0
5.7058215,3.8974042,1
10.458082,14.435196,1
6.9908404,4.176929,1
15.597011,3.7445474,0
17.504448,1.2240559,1
9.921071,11.768248,0
12.761803,13.970817,0
10.997255,1.7177609,1
12.517586,3.8688288,1
10.984988,12.035633,1
12.549836,3.7197304,1
16.054869,6.96373,0
-3.637205,14.033677,0
11.683597,6.79872,0
12.911085,-5.4457726,0
4.509502,2.1670225,1
6.3546743,12.123863,0
12.14389,15.510498,0
5.523657,3.161973,1
-1.823842,-3.5069158,1
11.198971,2.4343967,1
13.523462,15.255977,0
18.878595,3.4317627,0
-5.152123,-0.941563,0
9.94233,-5.4454017,0
12.992348,-3.037728,1
6.352547,12.1264515,0
17.143627,1.6807632,0
6.6557817,4.17467,1
12.083399,3.4427717,1
14.153849,-1.1396194,0
10.198561,7.28847,0
6.6470776,12.017536,0
9.375953,10.463024,1
14.068478,15.075177,1
9.689238,11.908925,1
13.802303,6.986129,1
12.092061,-6.216384,0
5.9203405,2.5034738,1
13.053096,-5.38463,0
9.982824,13.668033,1
6.102964,2.5018518,1
6.2916956,0.30512914,0
6.497482,0.60610515,1
15.815891,6.4845815,0
2.8243134,15.333167,1
-3.5627458,12.80949,1
12.081859,13.361816,1
11.356193,-4.117392,1
12.246082,2.944677,1
4.531905,1.7660449,1
12.112892,3.041886,1
14.225276,-0.3867255,0
1.82646,15.162718,1
13.6131735,-5.459653,0
1.6264722,15.696029,1
-2.4277287,8.059792,0
1.9131655,15.647408,1
13.386573,15.273548,0
13.402867,-4.5988646,0
3.4992461,1.56083,1
9.949892,-5.4594893,1
7.455302,4.9452024,1
7.3836603,5.0520997,1
11.768028,-2.22174,0
9.12767,-4.5159097,0
9.906087,-5.4008846,1
3.0925946,15.903138,1
5.4715977,3.019444,1
17.555399,0.90495014,0
6.104121,0.48162243,1
13.518336,8.079814,0
13.436444,7.947015,0
12.901471,-4.511004,0
17.53868,1.0311608,0
11.999716,3.1192,1
12.347995,13.749946,1
-3.7338924,13.724195,0
13.090682,-6.32938,0
12.874274,-5.362912,1
4.897871,2.3526235,1
15.151661,7.6821938,0
15.537205,8.67726,0
2.518177,17.225267,0
3.833471,1.6119267,1
4.2151475,3.020597,1
8.44764,-4.823782,0
9.802713,14.289662,0
10.754057,1.1530384,1
17.849958,3.316545,1
-3.5037668,14.080967,1
4.3646173,2.8415127,1
13.643726,-5.8093104,1
6.7814784,12.142638,0
18.034729,0.74484146,0
-4.0358796,12.336663,0
11.522937,-3.2731597,0
-3.1709018,13.862004,1
10.464859,14.406122,1
14.149369,14.478131,1
9.805083,12.164773,1
-1.5833238,3.9659774,1
4.366413,17.017815,1
12.659045,-2.9127831,1
15.598001,8.920888,0
-5.0304437,3.9097276,1
11.250678,-2.3330154,0
5.598228,1.3133122,1
3.77484,16.019896,0
17.705635,0.7226534,0
11.8266735,6.495387,0
17.830072,2.8931,0
-3.1893642,13.914382,1
3.6858563,3.4378812,1
14.297392,-1.058331,0
-2.8826606,7.736586,0
-5.445866,-2.855326,0
-2.0717728,8.255539,1
12.902626,15.671361,0
3.7966797,15.976226,0
2.4689867,15.082706,1
7.1595745,5.376834,1
11.978282,1.4891517,1
-1.4892365,-4.1210575,1
-0.8264457,-3.4790006,1
2.0921078,15.675477,1
-4.0848017,3.5155294,0
9.3578615,-4.838908,1
16.355295,8.56531,1
6.194846,5.0547113,1
3.638404,0.67776036,0
-5.039991,3.9178104,0
4.6362424,17.090158,0
15.288447,3.5333257,1
12.311526,2.988329,1
6.1357155,2.8096669,1
13.6722975,-5.7360897,0
-2.232595,7.0631695,0
11.111441,0.75608283,1
13.430844,7.969635,0
-2.341629,6.9973707,0
13.500573,-6.149036,1
7.006896,0.7098523,1
6.2398586,3.9292312,1
5.425886,3.3608766,1
-3.5839298,12.815035,1
12.308692,15.362966,0
1.8817657,15.599262,1
12.998822,15.493047,0
-0.6352832,-3.6055996,1
12.253403,3.3939302,0
-4.9296994,-2.1203234,1
-1.058701,-4.5500746,1
10.097244,14.553847,0
4.9419336,2.3734472,0
10.575409,13.812016,1
18.76871,1.8380936,0
5.4220567,3.6253006,1
-5.0477858,-2.045583,1
18.944326,3.7522628,1
11.61348,-5.9806256,0
-3.2375097,14.150166,1
-2.2311716,8.232361,1
11.382931,1.9353997,0
-3.2764702,12.219763,1
11.377936,0.6516738,1
11.527404,-5.5349317,0
11.860618,-4.022021,0
4.7458625,16.939617,0
10.334228,7.560998,1
-5.2446527,-0.74035335,0
10.360502,-4.6072335,1
18.279085,2.5853937,0
-2.3443642,8.129525,0
12.598953,3.9597106,1
12.234279,-3.742971,0
19.333853,2.4344332,1
5.4380765,3.2566807,1
12.486863,-6.0905495,1
-2.632307,8.510036,0
19.010077,1.4888861,0
11.129565,-3.7839258,0
5.7167287,2.892629,0
3.1427753,1.1123153,1
12.197172,-3.6848848,1
3.9815626,1.0404459,1
9.393982,9.895402,0
-0.94947326,-4.369537,0
10.062657,13.4797735,1
19.12885,3.2650077,0
2.3984115,16.82811,0
3.677827,1.7233276,1
-1.1330374,-4.2462096,1
12.241421,13.719246,1
3.5297458,1.1200116,1
14.023389,-5.6618214,1
12.455683,14.953747,0
10.443085,6.714902,0
-0.84329855,-4.237452,1
10.247572,7.2196145,1
4.90106,3.248724,1
16.217642,9.08418,1
13.924611,-0.21854165,1
16.157118,3.727356,0
-4.5156193,3.7586908,0
-1.7262111,3.8076708,0
-2.5571647,-0.2928671,0
18.97709,1.4406891,1
11.261006,-3.6628935,1
14.129257,14.424387,1
14.157536,-0.5413673,1
12.964791,-5.647759,1
-5.0509796,-2.4306414,0
-3.893235,12.131096,1
5.923082,10.735053,0
3.0729704,1.0229213,1
-3.3039355,13.982462,1
11.433063,-5.5562916,0
13.865443,-5.0582485,1
-1.5856076,-2.9894185,1
15.493291,6.9215264,0
-2.983005,13.784858,1
5.510462,10.655943,0
13.734339,-5.530889,0
6.537445,4.1080346,1
16.566168,8.216173,1
8.559578,10.165448,0
2.025343,17.174458,1
3.3499973,1.3078669,1
17.8105,1.2856827,0
3.96648,0.49214748,1
11.792707,-4.6917562,1
11.633066,13.4284725,1
18.70337,1.768964,0
-1.1998227,-3.127301,1
12.373655,2.892632,0
13.0789,-4.254532,0
11.305161,-2.6729355,0
-2.8709624,8.12864,0
4.132141,3.4086363,1
6.238696,0.2630712,0
10.439022,12.131702,1
6.1755853,3.2247198,1
6.496996,0.8041931,0
18.742071,1.3290054,0
11.787317,-3.8179996,0
13.871083,-1.3301475,0
4.6690087,3.3881745,1
19.095877,3.707804,1
-2.9128332,-0.68641424,0
7.105828,5.5282845,1
10.23814,7.7571044,0
9.500355,10.755443,1
10.453648,6.646845,1
8.843461,-4.159201,0
18.147888,2.9440894,0
13.841844,15.198809,0
-3.0633137,13.054654,1
19.414139,3.8290274,0
2.0286157,15.709691,1
7.8935413,4.126703,1
-4.535285,3.9542227,0
16.337412,7.8289657,1
-2.1543396,7.4856853,0
17.708736,2.0750175,0
2.614196,17.047121,0
6.686287,4.5936236,0
4.3098283,17.112093,0
15.56911,6.8441586,0
5.5772753,2.8931181,1
10.796273,-4.784196,0
-3.3131282,13.944071,0
12.399676,15.126326,0
12.466964,3.27798,0
4.4744897,17.102507,1
13.364012,15.650634,0
4.86095,17.33665,0
6.017371,2.7827294,0
18.920158,3.7116933,1
6.619153,12.309528,0
11.327236,0.80414796,0
6.5356402,0.9571353,1
12.256355,-3.6928968,0
12.085161,2.558855,1
6.3151546,0.9360171,1
12.377375,6.426339,1
15.3366165,7.7028894,0
19.540316,3.6420968,0
9.221371,-3.6883552,0
6.145415,11.429875,0
11.615206,-4.5732355,1
11.66021,-5.1647754,0
6.624449,4.16414,1
8.768516,-4.6002374,0
1.6709585,15.39659,0
-2.782689,8.465378,1
-3.103876,13.712587,1
10.71778,-4.7577567,1
10.426604,11.498538,1
13.875868,-1.2427177,0
6.915318,12.211244,0
13.8307705,15.189016,0
4.129807,16.846651,1
-1.8651361,-3.8569632,1
6.1006203,0.48871937,0
16.602352,9.141634,0
12.315821,15.25384,0
19.283976,3.239837,0
4.628807,0.8278051,1
-2.8676863,13.218033,0
12.011485,-3.1603322,1
12.391476,-6.2434707,0
12.370638,15.643696,0
18.512125,3.3479867,0
11.99446,2.9742804,1
9.83101,11.941775,1
-2.9299364,-0.7242731,1
8.001566,4.0509686,0
-1.4661391,-3.414697,1
-1.8431202,7.8717566,0
7.3847814,4.537566,1
-1.7981373,-3.0683827,1
-3.651441,12.435188,1
-5.194669,-2.4513643,0
1.6623441,15.240964,1
16.063316,7.1978364,0
19.107985,3.985973,1
-5.362585,-0.60512954,0
4.350585,17.1722,1
1.5644671,15.749072,1
13.758964,7.292276,0
6.022876,11.403264,0
-2.4602761,8.062179,1
9.65329,14.562972,0
8.422826,9.860785,1
12.052131,6.310464,0
12.206696,3.314248,1
8.002911,4.3979344,1
14.233401,14.538019,1
12.113065,-4.3971376,0
11.200627,1.0432912,0
12.978216,-3.0798244,0
12.620062,3.9886312,1
19.199377,2.4203749,0
15.615554,8.834505,0
16.451742,8.598097,0
1.7907207,15.590143,0
1.651839,15.591225,1
13.494528,-6.031228,1
11.293921,-3.7320685,0
10.802852,-4.714425,0
18.73157,2.1961212,1
5.890942,1.0225354,1
-3.8646233,12.43359,1
9.222746,9.687233,1
15.512347,8.019597,0
-3.105826,12.457172,1
15.878179,6.5371675,0
-1.7204033,-4.0025177,1
11.487342,0.93417853,1
8.514537,9.562993,1
-3.6381814,13.715025,1
4.9467244,3.707203,1
-1.7066729,3.8458698,0
17.03704,1.7175184,0
10.957967,1.7781318,1
11.385929,0.78919363,0
3.2287097,17.258478,0
8.391905,9.931178,0
19.51457,2.7577622,0
11.479157,2.808425,1
9.94813,11.894561,0
18.353807,2.834173,1
13.440421,7.989526,0
11.891956,-6.4902167,1
8.186439,3.9681175,1
-5.331598,-2.7178497,0
-5.2882404,-2.3958495,1
3.0267067,16.16864,1
19.665098,3.0053284,0
2.391847,16.694906,0
8.3243475,-4.397925,0
12.984096,-6.2392364,0
4.507069,1.5573148,1
2.605787,15.605814,1
6.3124213,11.228601,0
5.5783143,10.682502,1
18.38356,3.1014674,0
15.741749,8.060061,0
12.895932,-4.656903,0
8.955809,9.455825,1
-3.482646,13.5498295,1
8.540362,9.422034,1
12.911745,-3.0538971,0
9.9825,13.6182165,0
9.446615,10.257354,1
11.536955,-5.2748194,1
-5.322054,-2.7291577,0
1.6368803,15.278902,1
-5.209497,-2.4684114,1
10.658676,-2.874247,0
-1.3543788,-4.1953096,1
-2.757261,13.149818,1
13.904204,-1.1276095,0
13.26222,-3.8358288,0
12.200226,2.9712348,1
-4.7515893,3.709083,1
9.1957445,-5.622562,0
12.574256,-2.4640682,1
5.8990707,1.1447717,1
12.341524,13.087485,1
12.488927,-6.0936427,1
9.911331,14.584902,0
10.350585,11.493831,0
12.353812,14.009541,0
2.7909522,16.76881,0
14.191976,-0.35268077,0
6.084284,10.831703,1
7.6482835,4.4781237,0
2.353867,15.075061,0
3.0365195,16.142082,1
6.4423327,5.245552,1
18.8774,3.4167998,0
17.934797,2.7680829,0
-1.8338282,-4.961341,1
13.483782,-1.0833598,0
10.906192,1.5643159,1
19.165218,1.5388522,0
19.48434,2.4458215,0
6.1473527,0.55473197,1
-3.1131976,13.660951,0
10.702228,-5.690587,0
8.672285,10.373338,1
15.547378,3.7040403,0
-1.8985081,3.7643905,1
-3.6479068,13.5827875,1
3.8852687,3.6374788,0
3.780659,0.87059736,1
10.509693,14.298826,0
2.4023018,15.080306,1
4.4458666,17.139725,1
11.539064,-2.5255625,0
17.808138,2.4864662,1
6.832622,4.9090567,1
9.336673,9.98328,1
13.324808,-5.8337584,1
3.7136116,3.181577,1
11.398011,-6.183993,0
9.539761,11.970903,0
9.490942,10.020841,1
8.4617195,9.54886,1
-2.7089317,-0.5056395,0
-2.9808648,13.838975,1
13.263331,14.533141,0
13.98471,4.0746193,1
3.6893065,3.4309545,1
8.468421,10.14392,1
-2.8030746,8.236763,0
11.92101,-3.848561,0
-3.9675064,3.3858745,1
6.100601,10.826823,0
-2.3776567,8.115347,0
18.046026,0.77072394,0
-1.54944,3.952969,0
-5.07058,-2.4016616,1
-1.5950774,-3.0591981,1
-2.3813734,8.4930935,0
11.018577,11.891965,1
17.49432,1.2094668,0
10.001973,-5.4256787,0
13.560638,-4.7036,0
6.178815,5.037807,1
4.186842,3.7685428,1
8.831733,9.618536,1
-4.1420918,3.433203,1
19.372478,3.9123857,1
14.116091,-0.7863778,0
-3.924416,12.715902,0
7.0425663,0.5935584,0
16.101246,7.901391,1
16.230236,3.6715703,1
10.98735,1.6090351,1
6.0173583,2.5478833,1
5.823184,1.4727358,1
3.7699857,1.8144478,1
-3.4050596,14.125828,1
7.0368743,12.175957,1
12.166995,-6.413772,0
-1.3538351,-3.001122,0
14.217831,14.666456,1
9.215605,9.813231,1
18.340954,3.9063282,1
13.311374,7.319099,0
5.778174,3.0137842,0
19.05314,3.644311,0
14.215548,-0.5633483,0
4.0066905,1.7073612,0
15.2039995,3.4561138,0
-3.4404852,13.337507,1
4.160938,3.6548743,1
13.6811,-4.6112976,0
13.7652855,-5.7018337,0
10.985924,12.097038,1
15.756769,6.7981067,1
-3.9782946,12.743963,1
-4.57564,3.4980726,1
9.480033,10.117664,1
-3.6879227,13.704605,1
12.504895,13.946443,1
-1.9879653,8.612178,1
3.212371,16.598358,1
-2.7013404,-0.2588039,1
12.294308,13.127868,0
-4.4848437,3.8104682,0
-2.4137692,8.127245,1
-1.8735367,7.740566,0
-1.4642676,-4.0402904,1
12.232044,-5.698144,0
13.764025,-5.249684,0
18.508984,1.8498974,1
-3.4575746,12.439188,1
6.3604436,5.351569,1
3.6227717,1.6371648,1
10.381523,14.497604,0
8.911525,-4.8436856,0
12.817687,15.622647,0
6.697362,12.024955,0
19.670277,2.7658195,0
6.426257,3.8825693,0
5.9220414,4.1251154,1
9.310395,-5.4284506,0
3.96656,0.4943276,1
10.4171505,14.398022,0
6.3611145,11.389938,0
-2.0820522,3.4703186,1
13.44213,-5.8895383,0
2.2881293,15.607135,1
6.345218,11.192277,1
13.68661,7.6118164,0
12.151042,-3.7737885,0
11.698744,-5.487991,0
-2.778751,-0.56882095,0
10.223071,14.08826,0
-5.112777,-1.1429143,1
15.898297,9.298782,0
4.4595327,16.499985,1
15.659425,6.6576285,0
4.7466936,3.2220275,1
6.361969,1.2388375,1
15.782039,6.634961,1
11.429711,-4.0276966,0
19.57877,3.3773093,1
9.523262,10.522022,1
10.179343,7.58127,0
13.854107,15.082569,1
-3.3571994,12.2924385,1
-1.73637,-3.021339,1
19.618292,3.105731,0
9.379897,9.837697,1
15.856153,3.8594654,0
11.558024,-5.871714,1
13.255806,-3.8227658,0
9.730032,-6.0406976,0
1.6302443,15.247266,1
15.948029,7.0275292,0
1.7770098,15.582867,1
5.682972,11.374125,0
15.224106,8.030534,0
-5.3087883,-2.6672912,1
10.766998,1.1638707,1
-2.5792851,-0.40813965,1
6.931948,0.56697625,1
-1.3398237,-3.0986714,0
13.005535,-4.537488,1
11.670205,-2.1694424,1
2.8181515,16.164825,1
12.255882,-4.430719,0
6.43587,3.985512,1
-2.7412937,-0.29754415,0
-2.8953898,13.16753,1
-1.7797562,3.7755997,1
6.3269963,0.67076695,1
15.704925,7.805764,1
-3.2956717,13.97856,1
9.2602,9.8171015,1
-3.867464,13.741054,1
-4.9455585,3.8090878,0
10.182117,7.5758553,0
1.7255902,15.437073,0
17.104223,1.73147,0
6.943597,0.52451336,0
4.352551,2.9011111,1
12.545135,-6.08923,0
5.9983206,10.805707,0
10.262457,-3.0572224,0
-2.773235,13.16127,1
-1.8850017,8.772744,1
12.954519,15.331994,0
10.814295,1.6212293,0
-3.8244843,12.278675,1
11.290214,-6.1735272,1
-0.61864245,-3.6678376,1
11.131271,-4.809332,0
17.767689,1.0369753,1
10.522367,6.6528883,1
11.500469,-2.7269583,0
3.9178877,16.007654,0
11.317998,-5.2230554,0
18.97958,3.9489722,0
15.678733,9.056563,0
6.0071487,3.4381924,1
5.5742865,1.385992,1
5.3095813,3.2418697,1
12.288778,15.615549,1
9.186779,-3.7640567,1
19.377062,3.8032768,1
-1.9162415,8.463379,1
6.508475,1.1342907,1
10.561001,7.270676,0
8.755622,9.327947,1
11.740962,0.99209154,1
4.570822,1.6483843,0
6.681199,12.014497,1
15.546843,3.6978996,0
6.048495,5.215071,1
6.8746443,4.1798024,1
12.093934,-1.9155462,0
5.9112353,1.1850322,0
16.608671,8.434594,0
12.0255575,-6.514337,0
8.61717,10.375431,0
3.79922,0.50044626,1
13.853176,-0.82227325,0
17.478104,1.3828351,0
4.2973366,1.8290861,1
16.260252,9.717867,0
-1.2232919,-3.1587224,0
3.5494447,1.0806607,1
3.6803372,16.452618,1
-3.7359436,12.26164,1
19.235083,3.6992452,0
11.854383,-3.5933466,0
-0.91267395,-4.1889935,1
19.019083,3.8887548,0
13.733936,-0.30961686,0
-2.2457876,3.351104,1
1.6523681,15.276381,1
4.571451,16.596886,0
12.115793,-2.1450005,0
15.781271,9.91343,0
18.627697,1.4032046,0
14.234249,-1.0785668,0
12.347257,3.681886,1
3.3797963,16.968788,1
5.9695706,1.4923037,0
8.871091,9.556094,1
10.286501,11.658,1
17.809958,0.70377433,0
13.318025,14.874412,1
14.181448,-0.5679747,0
-2.1736534,7.214084,0
-2.7597046,7.5460277,0
9.656655,-5.7314773,0
10.312769,-4.569873,0
11.416871,-6.379975,1
-1.9215145,3.8025877,1
4.491723,2.774618,1
15.745362,10.084333,1
10.247211,7.4740973,1
6.6051435,12.311106,0
-1.8120189,-4.918032,1
6.7145257,11.978615,0
9.312555,-4.068312,0
11.950743,3.2038722,1
8.839943,9.542034,1
4.0124702,0.5624343,1
10.585374,-6.3505206,0
9.867634,-3.1901474,1
19.071903,3.2699778,0
-2.1807156,8.104726,1
10.668454,11.388693,0
3.464944,17.252867,1
3.854764,1.5521075,0
2.9259844,16.810444,0
-1.7488751,-4.887478,1
-1.8494132,-4.114928,0
16.616096,8.051648,0
8.421103,4.263527,1
8.892106,-5.1945558,0
-4.3484445,3.3241735,0
10.230773,-3.040947,0
9.887877,-3.3366168,0
-3.3851287,12.346411,1
6.3155146,1.2735552,1
10.833569,1.0500041,0
4.4429965,2.8230069,1
15.319484,3.5563529,0
5.831738,10.855866,0
1.7680959,15.859013,1
10.214319,7.6783834,0
17.522682,0.86711675,0
15.854343,3.873847,0
1.6688038,15.478229,1
9.573997,-4.4525857,0
13.472125,-0.99456054,0
6.190002,2.8773346,1
13.675663,-5.543841,1
-0.92904305,-4.331671,0
7.4908214,4.8505993,1
6.9166803,0.4628857,1
-2.0651145,4.031549,1
14.044892,14.759675,1
7.851886,4.0374436,0
-2.1419876,3.5794199,0
3.4925456,15.932525,0
8.99215,9.371742,1
8.229012,4.150913,1
-5.2339168,-0.7774845,0
10.124315,14.6055,0
9.702458,11.981041,1
13.518068,7.1548095,1
2.8099957,16.428003,1
12.21193,13.592918,0
14.314485,-0.9070566,0
19.529898,2.7032592,0
9.715181,-5.7317247,0
7.142247,4.102635,1
7.73434,4.181477,1
-1.0808343,-4.300364,0
-4.9455457,-2.120342,1
12.094938,13.401231,1
-1.2956043,-3.1092873,0
18.562721,2.398876,0
2.8091433,16.405998,0
13.764756,15.024422,0
-2.8795047,7.88159,0
3.024997,16.095266,1
8.639741,-5.101139,0
-4.6104345,3.770531,0
-3.061641,14.005057,1
1.5879146,15.500531,1
11.089283,0.7776935,1
2.9135988,16.766623,1
6.1348467,2.7547626,1
-4.273618,12.302209,1
-5.3254447,-2.6712267,0
-5.17075,-2.5075994,1
11.061731,-3.6936142,1
16.484053,7.8897796,1
11.634882,-5.978072,0
9.402208,9.881939,1
6.0119343,10.7831545,0
13.166311,6.86729,0
-4.6550317,3.5266676,1
11.87436,13.275069,1
-4.4268456,3.7646198,0
3.360195,16.93789,1
11.406601,-5.5855403,0
-2.9305358,8.04026,1
15.861581,8.731098,1
-1.1499704,-4.1468635,1
6.977444,12.170224,1
13.788404,4.1208453,1
-2.0029294,8.403593,1
-1.2151692,-4.2577953,1
2.7103105,15.931694,1
16.291815,9.029083,0
-1.8642659,7.8176346,1
17.944891,1.8360195,1
10.680507,-6.1401,1
7.162354,5.462613,1
3.6172683,16.196676,1
7.104157,5.5182595,1
12.9224615,15.672334,0
14.079382,4.073085,0
-4.34336,3.8512414,0
13.233823,6.5281434,1
18.999826,2.5056906,0
-1.8387778,-3.5213878,1
13.588004,14.152107,1
9.397621,-3.6529112,0
15.95349,6.9519033,0
3.0723689,0.9856158,1
18.635895,3.7553625,0
4.298413,17.10249,0
14.073447,-0.5438488,1
-3.3003778,12.492229,1
15.771172,3.5122952,0
10.13372,11.67005,1
9.812984,-3.4428277,0
2.6142342,16.916727,1
3.8260772,1.8007716,1
18.705647,3.549959,1
15.411371,8.852128,0
-3.1271605,14.018038,1
5.552131,10.684763,0
10.388769,13.866133,0
18.142761,2.2841234,0
16.453371,9.457114,0
6.019959,5.244496,1
10.142717,-4.1147985,0
11.225824,1.0258846,1
13.589379,7.9723024,0
11.047422,-3.7108326,0
15.156903,8.099575,0
-2.9692566,13.753346,0
16.508928,8.702033,0
1.7929382,15.197599,0
-1.4077789,-3.735335,0
11.056675,11.7293005,1
9.827409,14.700736,0
8.382465,10.047714,1
19.527805,3.4619403,0
3.891064,0.7565693,1
6.2905164,0.28862786,1
4.98206,2.5206785,1
-2.7110312,7.6927905,1
17.979456,2.4661322,0
5.656392,1.2715068,1
8.461945,4.35714,1
6.1962113,0.66075957,0
-4.244742,3.4146233,1
16.429632,9.581552,0
12.431517,-5.574041,0
6.0697217,11.314582,0
-5.1124296,-1.2832528,1
7.0460405,0.6488464,0
9.950515,12.050051,1
-3.5556087,13.271536,0
-3.5523238,12.866861,0
11.510398,-3.0241132,0
9.658129,14.654708,1
-2.8685455,7.861699,1
1.7146429,16.167816,1
11.750317,6.7125287,0
14.235341,3.9107761,1
11.470986,-3.956771,0
11.290381,-5.619413,0
19.02702,4.0064282,0
11.237794,-4.2631645,0
12.457756,6.1804166,0
16.535238,8.814224,1
12.215032,-2.153122,1
3.197397,1.0961915,1
8.868148,10.149714,1
3.7659955,1.0170074,0
12.474751,-5.6564794,1
11.356667,-5.951711,0
-3.6411233,12.728311,1
-1.6532513,3.836392,1
-0.6571925,-3.501215,1
-2.1354983,3.5989087,1
15.839114,6.9592505,1
-5.21873,-2.296439,1
4.890278,1.6350026,1
12.376099,3.3662236,1
13.48424,14.51994,1
-3.5558276,12.775183,1
9.702277,14.554707,0
6.5592976,3.95538,1
8.198269,3.941648,0
6.799563,12.158104,0
8.301148,-4.5974936,0
13.033973,15.541899,1
-4.385275,3.5757294,1
2.0102339,17.293541,1
11.00708,-4.146681,1
5.513698,2.9046426,1
17.47669,1.1114123,0
-1.7592009,-4.8601217,1
-2.8406754,-0.6367278,0
17.772879,2.4981244,0
8.730307,-5.0982175,0
11.087396,-3.0272107,0
1.6183711,15.529116,1
8.318383,4.3958535,0
3.294957,16.604914,1
12.604621,-2.4806614,1
-3.1844966,14.116124,0
11.025976,12.222525,0
7.065278,5.4652658,1
12.1416645,13.944765,0
11.387201,-2.5589137,0
-2.3939068,8.085889,1
-1.7454412,-4.8491087,1
11.963848,2.9748516,1
12.246397,13.842705,1
13.003721,6.4617276,1
15.642564,3.5569873,0
9.686482,14.695319,0
-1.6956477,-4.4968143,1
7.0287566,5.0003514,1
2.292431,16.638771,1
3.4829104,1.0871698,1
14.128356,-1.1413531,0
4.4468393,2.0443592,0
9.448592,9.983648,1
13.800809,15.428756,1
-3.5475461,13.293205,1
3.5880444,15.996662,0
3.8231158,15.9760895,0
18.624823,2.3226523,0
13.640382,15.575201,0
6.9707046,12.164799,0
6.3305807,5.173999,1
-3.011968,13.827823,0
10.386775,14.470167,0
13.324561,7.163687,0
9.377202,10.302152,1
17.578445,2.0340185,1
-5.466345,-2.8915286,0
14.210446,-0.4493378,0
-1.8447518,7.945089,1
11.33823,1.602439,0
10.258009,6.928398,0
10.510692,14.399395,1
16.076355,3.7333663,1
12.510392,-3.503289,0
13.624734,14.797637,0
16.209843,8.251833,0
6.1248794,2.5402424,1
13.780116,-5.226582,1
16.00217,9.326589,0
-3.923505,12.722904,1
13.525233,6.699135,1
5.533563,10.667063,0
9.591938,-3.6636639,0
-1.4587373,-3.008759,1
18.620226,1.5287366,0
-2.2428792,8.115588,1
17.5308,1.4377149,0
11.002054,11.558619,1
13.003905,-5.170009,0
10.712127,-5.952039,1
7.403799,4.5714283,1
19.403711,3.6064334,1
10.34071,6.898051,0
6.3173966,5.2561336,1
10.507769,-6.3739963,0
-4.58713,3.9086547,0
11.736153,-4.6096168,1
9.264742,13.9373045,0
11.438221,-5.2961097,0
-2.9107728,7.629279,0
13.918213,-0.21525939,0
11.930319,1.5673133,0
-1.5830837,3.943339,0
6.248898,2.5716484,1
13.347219,7.3139114,1
2.8269982,16.379486,1
12.181102,15.512876,0
-2.1167624,7.4349713,0
18.150246,1.2421618,1
8.841378,10.159386,1
3.5985594,1.5790007,1
17.722548,1.4031893,1
3.2118547,17.140844,1
10.201284,-4.914451,0
11.173531,2.675024,1
9.901405,-5.941967,0
6.195799,2.4036827,1
15.206467,3.470752,0
12.871677,-3.246123,1
-2.1324298,7.377834,1
-2.8348403,7.6621957,0
5.759754,10.798861,0
-1.2946469,-4.225209,1
19.194393,2.1618812,1
13.906264,15.384497,1
6.295128,4.0309005,1
13.791064,15.473828,0
-2.2962942,6.984244,0
3.5173984,15.929869,1
16.477503,9.095021,0
3.1934733,0.92032385,1
16.101526,8.205251,0
10.4259,11.79951,1
4.6327734,17.162241,1
-3.0634515,13.597894,1
-2.8108885,7.801033,1
1.7478558,16.252016,1
3.381074,16.972456,1
7.0716925,1.0055988,1
6.9209714,12.211116,0
15.614758,8.044143,0
8.898093,9.4619465,1
17.810392,3.0676372,0
12.553689,-2.432782,0
16.479853,9.189659,1
10.262844,14.502479,0
3.456788,1.0592647,1
10.910948,-3.7268317,0
19.064493,2.0950773,0
11.056707,-2.4908726,0
8.410311,10.069164,0
17.504889,0.942323,1
5.9461937,3.4362798,1
-1.1057425,-4.2590523,1
15.835343,3.925431,1
-1.3326944,-3.8031006,0
13.044006,14.949657,0
11.787325,-2.1668036,1
12.891384,15.10306,1
19.162804,2.9285157,1
3.6524224,1.3246276,1
11.790646,3.323841,1
-2.8880186,8.024521,0
10.30908,6.864161,0
-2.0993958,3.5326908,1
1.9524529,15.738729,1
6.219472,0.90277976,0
3.2372344,17.007952,0
-4.9490905,-1.491494,0
11.604945,-5.859779,1
-4.3175073,3.433726,1
-1.5006733,4.007256,1
11.520663,-5.4921865,0
5.808221,3.4598398,1
-3.460369,14.116768,1
11.049024,11.634488,1
8.626376,-5.0854006,0
5.930908,10.689701,1
2.3725133,17.746382,0
8.877505,-4.0137787,1
19.078424,2.980039,0
12.568999,-2.0328832,1
19.678799,2.7868948,0
13.002588,15.503124,0
2.0685534,16.66825,1
6.249306,3.943574,1
10.406134,7.5965033,0
14.015342,-1.1505797,1
15.983491,9.960706,0
6.6588106,3.984459,1
11.826276,1.2226533,0
16.512644,9.099143,1
-2.9403567,-0.7119704,0
14.040343,4.143218,1
6.947592,4.955686,1
17.563978,1.5678773,0
3.168481,0.93514603,1
-3.4335988,14.03321,1
7.314543,4.635039,1
12.855223,15.653457,0
5.7378383,11.258351,0
12.291203,14.279788,0
10.879311,-5.0692854,0
-1.8292192,-3.319507,1
-2.659269,-0.33421868,1
2.1288185,15.465994,1
3.1128561,16.982723,1
13.025443,-5.596914,1
2.2212322,15.557018,0
13.866741,4.0221105,1
-2.579756,-0.32553658,0
14.109899,-0.6114112,0
-2.242879,3.4175498,1
-5.171176,-0.87375987,0
-4.4414644,3.5818563,0
10.978906,2.0031834,1
5.950339,3.4329197,1
12.886533,-4.98292,0
13.115746,-3.2428913,0
-1.2513802,-3.188837,0
12.083908,-2.1505709,0
4.5426583,17.086948,0
-3.2540753,14.06734,0
12.3393545,12.941068,0
5.6076546,10.70129,0
8.480106,9.541038,1
6.8895664,12.17436,1
17.87613,2.703949,1
14.104909,14.486668,1
19.183235,3.9734454,1
-1.8340464,7.809163,0
-2.413372,8.487367,1
-2.9248517,8.044169,0
9.768198,-6.0983787,0
12.612265,-2.5276961,1
11.876658,6.29743,0
15.759305,8.776156,1
9.449038,10.001063,1
-1.5771222,-3.4494555,1
13.761187,14.901974,0
4.6367397,3.3849947,1
5.5303216,1.6551747,1
12.189354,-6.3985143,1
11.811364,-4.1015806,0
13.176815,14.986599,1
6.2776394,1.330367,1
-2.6900518,13.184758,1
12.188507,15.078461,1
4.467831,17.112713,1
3.3766212,1.4563602,1
11.38637,-6.3831472,0
-2.306502,8.122418,0
13.698174,-4.6113143,1
12.479118,3.243402,1
8.300819,-4.6870666,0
11.371678,-6.567517,1
11.043274,11.794601,1
18.994434,3.288916,1
11.231676,1.0310367,0
17.769974,1.3243299,0
-3.7088432,12.745469,0
10.105149,-4.264481,0
-0.6396331,-3.692328,1
-3.323474,13.358519,1
2.9619334,15.829688,1
13.375852,7.7122664,1
10.702748,-5.393213,0
12.836747,-4.407824,0
1.5628151,15.792645,0
8.093299,4.461259,1
13.988476,14.671483,1
3.578256,1.540594,1
4.6698265,3.3863454,1
19.304876,2.4007769,0
13.552162,4.188952,1
19.566425,3.1819804,0
17.582758,1.951101,0
-1.7204342,-4.0151024,0
-4.1620045,3.4910939,0
3.5651548,1.0608339,1
12.215497,-2.0885344,1
-4.1497674,3.416298,1
11.199567,12.308989,1
10.41039,-5.3549457,1
4.8551035,3.7010868,1
15.905441,3.5935118,0
12.404485,3.3555408,1
12.055702,-2.1575522,1
8.457944,-5.0769086,0
18.998497,2.5225763,1
3.8948872,16.008099,0
11.033582,-2.9164398,0
5.716509,11.369458,0
2.894486,16.720175,1
17.901794,3.1460886,0
18.906038,3.7429168,0
8.36914,4.389897,1
6.6553574,12.260867,0
-3.6640627,14.030731,1
-2.9847348,-0.7410785,1
2.4125917,16.862638,0
6.304771,5.1666765,0
18.744604,1.8740354,0
3.6748645,16.033476,0
9.609597,-6.011422,0
12.182244,3.0302236,1
-2.5471354,7.873699,1
15.55549,8.143555,0
-2.1587746,3.5843499,1
-3.3510954,12.279949,1
-1.0211918,-4.3485136,0
19.677807,2.599301,0
2.28034,15.616032,1
-2.6845183,13.175967,1
12.302026,-4.7191925,1
-3.142767,14.026505,1
8.741361,9.582305,1
9.652828,14.616611,0
3.800719,0.7630569,1
12.346889,6.497732,1
19.120321,2.5276327,1
6.3751044,12.137144,0
-1.8755137,-3.6112413,0
17.80783,2.805096,0
9.778835,-5.7461057,0
-5.3872647,-0.57102776,0
12.49563,3.2219868,1
13.804577,-4.5938716,0
15.359669,3.4605472,0
15.858372,3.85686,0
7.04646,0.97106355,1
5.4151735,3.0930545,1
13.01798,6.6996417,0
-5.3176894,-0.6873274,0
-5.165443,-0.90409315,0
6.222041,0.60198975,0
2.6211565,15.145574,1
13.633132,14.210099,0
18.150816,2.5474672,0
19.499725,3.6664457,1
18.094738,0.81486607,1
6.082527,3.8981185,1
4.2949,2.0464664,1
2.1348355,15.368628,0
6.8853416,4.15799,1
3.3024256,15.9791355,1
-2.8250587,8.18211,0
11.372176,-3.1210434,0
4.1811113,0.6024214,1
7.061657,0.73147714,1
-1.7784858,-4.9001884,1
13.35943,15.638351,0
12.305438,2.8376732,1
4.599894,1.4103061,1
12.995709,6.697763,0
8.9254875,10.048663,0
-3.4763536,13.331836,0
10.648891,-2.9371095,0
17.44707,2.263579,0
2.0000148,16.92549,1
-3.4756644,13.298011,1
2.9433002,16.113535,1
6.6029897,4.1180534,1
13.475327,8.028949,0
-1.5617534,-4.0049725,1
18.616379,2.7863436,0
10.229529,-4.8920107,0
3.9078212,1.688508,1
12.874208,-4.5556374,0
14.022526,-1.1715428,0
-4.0379825,12.449935,1
17.879969,2.8613274,1
13.98205,-0.27289802,0
-3.3465002,12.455038,1
18.97817,3.7975562,1
4.078954,2.9688046,1
4.789273,17.226728,0
12.341502,-6.1292157,1
-2.8483186,8.43302,0
13.457566,7.426457,0
19.539392,3.4374502,0
12.011357,-5.9162474,0
15.684409,10.040856,0
13.553704,8.0756855,0
15.153609,7.5935826,0
9.944967,14.334605,1
6.294156,4.076748,1
6.340604,5.3089476,1
9.363774,14.030597,0
12.414857,2.9169812,0
15.880139,6.7666836,0
11.454061,-5.5189557,0
14.055312,6.9849114,1
-1.8283789,7.9017572,0
5.815802,3.3098226,1
-2.7159548,-0.53264964,1
9.333342,13.990435,1
5.2717476,2.8619444,1
-3.2096093,14.07632,0
2.0806453,15.393913,1
-2.1125662,3.5164812,1
-2.265956,8.144964,1
15.7146015,8.484934,0
17.105278,1.7331539,0
17.689335,1.8509617,0
4.5088925,17.088573,0
16.368637,8.753816,0
-3.046037,13.638995,1
8.965995,-5.224115,0
-2.8679667,8.086628,0
5.8472505,2.850357,1
17.736715,3.6930435,1
12.848033,14.832946,0
11.011322,12.083618,1
16.633423,8.075564,0
10.30415,14.006796,0
11.031135,11.711458,0
11.486983,0.8053511,1
-5.240861,-2.1212318,0
10.054817,11.643829,1
19.096956,2.6064398,0
-3.475719,13.953884,1
3.0734856,1.0328499,1
12.0274105,2.934275,0
6.5355406,3.9688282,1
15.839742,6.473125,0
-5.187007,-0.8848673,1
6.830207,12.234133,1
4.3439035,1.9961767,1
-4.0231237,12.347058,1
12.296941,-2.3001032,0
10.738908,-4.639844,1
13.445287,14.611618,1
13.569392,-4.2134113,1
-2.8177516,7.553444,0
6.8411593,4.072606,1
3.957806,0.91285837,1
9.638641,14.632099,0
17.734835,3.6639478,0
15.748338,9.940547,0
12.021306,13.154277,1
2.8406525,17.018475,1
-1.5976279,-3.8898463,1
11.717648,6.7560177,0
6.1983275,2.6459987,1
4.173721,3.6622713,0
10.500251,-6.127683,1
-5.1551013,-0.92082447,0
11.838811,6.428894,1
13.9565325,14.626225,1
13.777638,-0.45551142,0
-4.6169605,3.6271403,0
2.877713,15.374699,1
19.657005,3.0670161,0
13.863812,15.1376915,0
11.36919,-6.226706,1
4.331317,3.028833,1
1.6029227,15.863671,0
3.5036736,1.4307376,1
4.9858437,2.315868,1
6.9442763,12.225871,0
-5.4367146,-2.8672426,0
12.62239,-2.5475094,1
-0.7149738,-3.803012,0
-3.3335211,13.322849,1
12.184258,13.337325,0
11.690415,12.813551,1
9.842654,11.8752,0
12.266592,-6.5561833,0
3.5975974,1.087104,1
11.533347,-6.0709352,0
2.134721,17.598063,0
13.634609,15.123414,1
6.612914,4.904339,1
6.1152287,3.8119652,1
9.403002,10.513681,1
2.289977,16.640446,1
11.99699,3.3019874,1
5.7707233,1.17108,1
19.453012,1.8858901,0
-5.112676,-0.8592366,0
12.912329,-4.536993,1
13.915015,-0.039897613,0
-2.6162183,-0.3099803,0
19.12654,3.0794847,1
9.94733,13.559585,1
3.7414548,0.69105005,1
3.8715494,3.6148582,1
18.54741,2.6883678,1
4.4087505,17.063156,0
6.294603,11.17649,0
10.1152725,-3.8531368,0
13.8628235,15.240566,0
9.852722,-4.5309906,0
4.4859753,16.55228,0
-5.246223,-2.3944256,1
11.681911,1.2800542,1
13.09434,-4.401678,0
-3.0877223,14.027626,0
1.6131722,15.829369,1
16.522024,7.739518,1
6.8335533,0.6514496,1
9.627755,-3.5456135,0
11.320809,2.0044045,0
-5.247044,-2.315523,0
-3.9474845,12.168136,1
18.939096,3.9465125,0
8.951618,9.9522295,1
-1.9232332,8.450558,1
17.627346,1.9378805,0
10.637278,11.661974,1
-5.4220486,-2.8431273,0
11.890961,-5.1924286,0
-2.5606885,-0.38598162,0
-3.3627417,13.360373,1
10.369976,-4.92689,0
17.745775,0.6582205,0
13.617224,15.465462,1
9.406643,-3.9737186,1
5.88922,2.5889492,0
6.9407787,0.8135051,0
19.468224,2.4446042,0
12.418855,-4.7113934,1
-2.7778597,-0.57987475,0
13.980736,4.0310497,1
13.31853,14.555147,0
7.062465,0.9685053,0
10.164028,14.486598,0
13.862631,-0.9734724,0
9.387176,14.146045,0
-2.109515,3.696275,0
5.5364127,3.7323306,1
1.9502783,15.661455,1
16.624094,8.152098,0
-2.548099,8.375845,1
7.5192246,4.750217,1
15.992472,3.612453,1
6.9666905,0.5270119,0
-1.7442434,-3.464864,1
13.757291,-4.4837904,1
10.250943,7.6516886,0
18.558046,2.3819873,0
8.37289,9.935401,1
12.384844,-5.339683,1
4.392254,16.415422,0
11.96832,-4.791998,0
18.794289,3.0244877,0
8.994477,10.313657,1
-1.6439273,3.84374,1
3.593888,15.965853,1
10.206652,6.9851623,0
6.1296034,5.0845165,1
12.693026,15.166414,0
8.462673,-4.5660157,0
10.433855,-3.9235668,0
19.226576,3.3869386,1
-4.3973827,3.6105382,0
8.21217,4.430927,1
-2.7537832,7.4940796,0
3.324022,1.0987177,1
5.6609445,11.369741,0
12.408783,15.352523,0
12.615431,4.022582,1
16.402008,8.872801,0
19.092152,3.195984,1
8.425796,10.1794615,1
8.441324,10.230554,1
-2.6133404,-0.44435015,0
16.598732,8.1172085,0
10.20215,7.4012356,1
5.9904485,11.38539,0
10.117696,-6.20847,1
-2.635699,13.225034,0
18.50825,1.588811,0
7.9971185,3.91946,0
13.389501,-5.1600895,0
12.396779,12.984574,0
10.284507,13.972914,0
13.321548,14.992798,0
12.637925,4.0589237,1
8.029192,3.895598,0
-2.7088287,-0.51301837,1
19.226843,3.6102207,1
-2.9035935,-0.6693356,1
8.73599,10.051578,1
5.2155647,2.9129617,0
10.480766,14.435832,1
3.9971104,3.5158837,1
14.042781,4.093147,1
-5.216585,-2.1190822,1
-2.7271447,13.164291,1
-2.135029,7.426421,0
6.73879,4.446697,0
-1.9404265,8.447708,1
13.0173025,-5.9155493,0
1.5735842,15.399171,1
13.570651,-5.4945326,0
6.131572,5.0757165,1
10.36202,-5.8069687,1
6.231844,0.2519849,1
14.100577,15.055835,0
7.4845095,5.074946,1
-1.7572608,7.8994503,1
-3.990791,12.444152,1
19.001776,3.837678,1
12.27832,3.6507583,1
-5.4211636,-2.8320222,0
-5.374449,-2.797734,1
18.162447,1.9150224,1
-2.0711432,8.394114,1
8.368516,9.931144,1
3.3392606,15.940442,1
12.353015,13.086039,1
17.064907,1.695905,0
-1.1278522,-3.2738066,1
7.076633,5.4793777,1
6.2651043,11.374908,1
12.344896,-2.3231387,0
-5.0362883,-2.359322,0
15.266264,3.4848726,0
13.841245,-5.1379595,1
2.6982794,15.975883,1
9.381303,10.357747,1
19.500412,3.287449,0
16.602926,8.926741,0
3.3848345,17.212255,1
-1.7789725,-4.8717017,1
4.292788,0.90938056,1
1.7945921,16.299356,1
-4.5981727,3.5108836,1
-1.9033903,-3.7420025,1
13.3952875,-4.751432,1
9.092709,-3.9137948,0
-2.271709,6.9942675,0
18.63856,1.3113838,0
10.293933,7.710478,0
2.2900605,17.752764,0
11.247169,2.8699617,0
17.696215,0.88293624,0
17.574749,1.8897845,1
12.853208,14.121045,0
10.931849,11.429525,1
-3.134407,13.85001,1
-1.8596029,4.1636677,1
12.395615,13.799058,1
17.604317,2.4120445,1
13.16851,-4.73445,0
-2.1127946,4.0499206,1
13.123934,14.435017,0
4.3315625,2.8735094,1
-4.287882,3.7133563,0
11.871109,-4.3418794,0
13.088577,15.563008,0
2.8636222,16.121584,0
12.852149,-6.389382,0
11.818325,-4.2986836,1
-2.097801,3.6519606,1
17.797724,2.6024256,0
12.443337,14.082839,1
15.430826,9.4827795,0
6.976503,4.930454,1
-3.9266822,12.3789015,1
5.6854076,1.3902986,1
5.5874267,10.715861,0
12.77953,14.436659,1
-2.21268,7.150402,0
13.157782,-4.471419,1
-1.8701812,-3.071011,1
9.722338,14.548712,0
11.837163,12.78512,1
5.481902,3.0601199,1
3.510649,1.5360991,1
-2.0700412,8.601046,0
11.716219,-6.017727,0
4.592968,1.7901427,1
-3.563029,13.9943695,1
6.515625,3.9555817,1
12.26843,-5.1343484,1
13.658849,-5.6630564,1
3.1613903,0.8622669,1
19.163092,2.5091066,0
7.688414,4.23057,1
6.6276064,11.9612255,0
12.542607,14.10143,0
12.8549795,-5.0636935,1
4.4668827,1.7039756,1
10.488724,6.6289673,0
4.1337357,3.0533817,1
7.416241,5.2737575,0
12.835424,-5.698429,1
6.528476,1.104915,1
5.6415195,11.275764,0
13.979562,-5.7060156,0
13.916296,-0.14939137,0
19.008533,4.0329056,1
11.555043,0.8237435,1
-2.7793307,7.644875,0
1.6012212,15.3527155,0
2.5248573,16.87423,1
7.240315,5.3657084,1
9.781067,-5.7947335,0
16.533422,8.475596,0
-1.7782524,-4.495301,0
2.0443273,17.463194,1
-1.9274864,8.424178,1
8.675343,10.105144,0
12.3727255,-4.085397,1
11.719401,-5.6636157,0
10.4193945,-5.404364,0
2.1734807,15.378746,1
12.870321,-4.7609406,0
3.8479624,16.042746,1
9.645317,14.571158,0
12.870313,-6.3957515,0
-3.304586,12.229882,1
3.0518703,16.994146,0
-1.8287188,7.8539667,0
12.827232,4.156144,0
19.223558,3.5578866,0
15.361554,8.011177,0
7.064961,4.143829,1
-2.0885353,8.0466795,0
-4.383299,3.6561348,1
13.749681,-5.519558,0
-5.3282604,-2.7357955,0
11.912135,1.7552671,0
18.197243,3.2728686,0
6.7835793,3.9473772,1
-2.2955935,6.9677176,0
-2.7492125,13.166723,1
6.0910664,1.3202864,1
7.034731,1.0045657,0
18.845757,3.4105,0
3.4147952,16.186312,0
12.318859,13.94362,0
-1.0996128,-4.2885995,0
8.276285,-4.561454,1
-2.8364384,7.742191,1
-1.0858512,-4.224889,0
3.434467,1.1779034,1
6.2349415,5.277268,1
15.7766905,10.108019,0
10.6085005,11.963499,1
12.489294,-6.101729,0
11.821782,1.6782397,1
11.644125,-5.4999146,0
19.26803,2.1122377,0
6.2773256,5.2604184,1
8.58535,9.454099,1
8.775497,-4.7075186,0
10.919755,-4.2958417,0
-2.8551064,7.4352217,0
12.260165,-5.7796626,1
11.818584,1.2142596,0
3.7240765,1.682854,1
13.594416,15.13231,1
12.194616,-3.6983447,0
3.0197668,16.89411,0
13.912529,6.9479218,1
12.923114,14.87899,0
1.9205087,15.671612,1
5.5949507,10.713274,1
13.803018,6.9904733,0
13.608752,14.86146,1
11.689736,1.9408194,1
7.9956365,4.524819,1
-5.3701234,-0.62654215,0
-2.3101547,6.9513855,0
12.8267975,15.041342,1
6.463733,0.6117748,0
11.141872,12.295247,1
8.755962,-4.2144465,0
18.714539,3.073042,0
-3.709296,13.816042,1
10.274062,14.070489,0
3.9024363,15.985943,1
-5.388343,-2.6150723,0
4.041931,0.5844882,1
1.6629666,15.34042,1
18.469305,2.8700588,0
13.262,15.63831,1
11.267889,-3.8093305,0
11.056617,-4.8208513,0
11.654821,6.8633375,0
12.231797,-3.1364799,0
11.0658245,-2.8955598,0
10.322525,7.652551,0
17.63891,2.8483691,1
12.602225,-6.49795,0
-2.726531,-0.507252,0
13.345823,-5.485771,0
8.504226,9.83021,1
-4.0252085,3.3907807,1
6.897788,0.6745448,0
12.194013,2.9633856,1
5.625163,3.6694071,1
6.1444507,11.380635,0
14.3712435,3.8319898,0
2.5860786,16.99241,1
14.240661,-0.9402749,0
9.779878,-5.8086424,1
4.415007,17.096882,0
3.4059277,17.124582,1
12.610844,-6.3120894,1
15.564448,3.7374759,0
9.579141,-4.43932,0
3.3042033,15.928021,0
9.196021,-3.82661,0
3.1547563,16.201696,1
-2.8747435,8.232615,1
8.796011,9.761325,1
17.892582,3.043665,1
10.878771,-4.976506,0
3.6981366,3.2663383,1
2.7879455,15.297375,1
1.9486836,15.677625,1
19.59072,2.3490255,0
10.678996,7.151661,1
12.498926,3.0765564,1
-2.851114,8.334769,0
-2.5388644,8.407272,1
18.025032,2.636741,1
13.983189,-5.350725,1
12.217717,3.230715,0
-5.414087,-0.5556763,0
-3.2265985,14.0640745,1
11.012337,-5.121436,1
19.702143,3.047707,0
4.765439,17.342133,0
4.3793106,3.5597384,1
4.6598473,16.805344,1
11.7940235,-4.6779184,0
2.819086,16.405424,1
11.233874,2.3188312,1
6.7133203,4.8359127,1
18.113043,2.2878194,1
14.019082,-5.431701,1
-3.2006652,12.240641,1
2.735851,16.37488,1
11.453364,-5.6050158,1
1.6020919,15.273734,1
16.085579,3.7246366,1
13.609039,-4.865731,1
6.1524835,0.77209115,1
10.365063,7.0528774,0
10.496737,-4.7302856,0
13.428178,7.4681716,0
-5.1681504,-0.8903023,1
15.8946,3.5321503,1
8.97937,9.422794,1
8.54433,4.2292013,0
3.700444,16.468496,0
5.883343,3.4129794,1
13.430886,-1.2159339,0
11.585426,6.8519325,0
6.248408,2.502177,1
4.2877,3.5862818,1
-1.0343238,-4.3456793,1
10.58009,-6.3459535,0
13.187111,14.7589855,0
10.795335,12.37212,1
11.594589,-5.951335,0
3.5912938,1.0536,1
-4.025953,12.673533,1
9.726913,-5.7435703,0
-2.2771893,3.409745,1
11.607827,6.941229,0
14.137138,-0.6355914,0
12.207721,15.299003,0
13.810832,-0.20896265,0
12.174651,-2.008475,1
13.612234,-0.53270066,0
16.003288,9.253723,0
13.48967,7.6379743,0
12.768957,14.937543,0
12.277049,3.5501614,1
12.735165,-2.8945122,1
9.621213,-3.5707116,0
10.815741,1.5678691,0
9.757889,13.649902,0
-3.6938436,13.992771,1
6.0867085,10.813151,1
-3.181974,13.977443,1
11.640648,6.9506426,1
11.6244335,6.9092607,1
10.9252405,11.476245,0
6.1955023,5.049547,1
13.29986,-4.9779124,0
5.945574,1.2888625,1
15.925863,8.743716,0
5.084484,2.5567977,1
19.129354,2.1620271,0
3.3763263,16.680557,1
12.533431,-3.0186,1
-2.032373,3.5790446,0
-2.6273725,-0.46458006,0
-3.7459328,12.5834,1
15.878093,6.591549,0
10.097799,14.434076,0
10.985068,2.1390195,0
-3.79123,13.736109,1
12.732225,15.569397,1
-3.834687,12.43833,1
-2.688788,8.363898,0
12.841053,-5.045252,0
12.784022,14.421205,1
-5.252264,-0.7196402,0
-5.2235527,-2.2368102,1
13.261761,-4.5017333,0
12.270584,15.677674,0
-3.0817761,13.747506,1
6.9438567,0.5448914,0
9.548239,10.394082,1
10.331956,11.975389,1
1.6261059,15.277055,1
-1.8582554,-3.8792858,1
6.6186614,4.1177225,1
9.006796,9.45863,1
13.442331,-4.784203,0
11.843507,-3.5127194,1
11.414042,-6.344264,0
13.820028,14.366753,0
2.5874197,16.141521,1
12.198001,3.3957307,1
-2.656127,13.174699,1
19.311216,1.9432449,1
7.0217414,0.6695258,0
13.351041,-0.84796035,0
6.1904306,0.46654335,1
13.185774,-4.347447,0
12.391665,-5.2772365,0
12.779908,-5.8668227,0
19.112957,2.5271533,0
2.3725655,15.547351,1
-5.221494,-2.4737194,0
11.317089,-5.7576466,1
9.545355,14.458463,1
3.8954442,3.0342712,1
10.31165,13.99936,1
3.7457383,1.0544621,1
11.009999,-5.1494126,1
-5.316436,-2.714172,0
7.1724463,5.4329085,1
11.946517,2.9909644,1
17.536137,2.9950626,1
4.2810664,16.696655,1
15.78321,6.523884,0
-3.973032,12.114662,1
14.289427,-1.0535192,1
3.1217453,15.8324,1
10.516103,7.0459123,0
-1.9789996,8.435446,1
15.476455,8.366619,1
14.044817,4.153689,1
-2.3105726,6.9523726,0
6.5550904,12.067641,0
-1.9351912,-3.5460854,1
9.708204,14.436957,0
13.448375,15.657743,0
-3.1760125,13.635082,1
-3.6714988,13.563889,1
4.7855673,3.1533558,1
1.9848897,17.335514,0
12.429385,3.68934,1
6.893682,12.035423,0
18.251877,2.2233996,0
11.57443,7.0074773,0
4.507232,2.0651143,1
6.1652803,2.3787982,1
9.327326,-3.9486134,1
10.232571,13.973141,0
10.175847,11.621184,0
10.53142,7.2514973,0
6.01824,2.5451405,1
6.6215587,0.96690625,0
9.798221,-6.0495005,0
-5.242987,-2.5316794,1
13.472148,14.193613,1
10.710253,-5.967164,0
10.091121,-5.5784774,0
11.345617,2.019149,0
2.1298034,15.706695,1
7.0224156,5.2816386,1
16.76424,8.549213,0
15.814947,8.722746,0
11.5847,1.0143032,1
-4.4244514,-1.4390013,0
17.737154,2.5638602,1
10.293488,-3.2161317,1
15.500636,3.5818624,1
-0.75815034,-3.6320865,0
3.3437474,16.70003,0
-3.9530942,12.6403475,1
9.438806,-5.111943,1
-3.1966603,14.14758,1
-5.257701,-0.7115019,0
11.113545,-4.590741,0
18.231064,3.1925244,1
13.571691,-1.0314429,0
-3.7858095,12.586556,1
5.6203933,3.167034,1
12.327267,-5.2324057,1
3.7928436,16.542746,1
-2.1786072,3.55718,0
-4.0182147,12.2642565,1
3.3998222,0.9221092,1
-3.6419342,12.805806,1
13.627319,-4.218125,1
11.262928,2.5345619,1
-2.6786127,-0.48291638,1
17.6304,1.2066617,0
-2.6150064,7.8961034,1
10.790098,-6.104369,0
13.404188,7.6858745,0
5.884167,2.960758,1
-3.1438003,14.1184845,1
4.1051183,0.5924255,1
19.106424,3.1112595,0
8.620946,10.31377,1
5.516395,10.686747,0
3.1773741,1.19805,1
-1.762875,-3.971541,1
13.619647,14.171049,0
-3.3879352,13.999485,1
-3.1928568,12.3170595,1
12.486489,15.605203,1
-1.1611563,-4.260622,1
18.583956,3.304751,0
-2.334223,8.227187,1
-2.8365424,7.590601,0
11.286071,0.9925348,1
-1.7945294,-4.9320316,0
13.469985,7.11806,0
11.949645,-4.759711,0
5.7782884,1.4993373,1
13.758002,-5.707027,0
3.4564972,17.176788,0
6.8429008,4.0784307,1
13.311608,7.3596706,1
13.531104,7.458191,0
6.5267363,4.329494,1
5.8566384,3.463951,1
8.430132,10.003529,1
-1.5010613,-3.6799686,1
6.9397206,0.8096624,0
9.648562,14.398205,0
12.114933,3.407193,1
14.284894,-1.0624954,0
6.784469,11.96289,1
10.303842,14.509966,1
12.788606,-3.9687285,0
11.363356,-4.029034,1
7.0131755,4.1334343,1
9.904186,14.161867,0
17.814104,2.5363493,0
13.171956,15.629077,0
3.8614347,15.99022,0
19.22433,3.0429235,0
5.0940027,2.7708259,1
3.6830707,3.3252828,1
8.525342,-4.210275,0
11.451166,1.7415727,0
10.959154,-5.6869082,1
9.733558,-5.9718575,1
17.619177,1.2206078,0
1.8130187,15.1179,1
5.6593537,1.1693542,1
10.528125,11.417792,0
-5.2808046,-2.6483252,0
13.24942,-4.3883934,1
-2.879992,-0.66435343,1
12.892859,-5.192081,1
-5.203363,-0.8269558,0
18.198503,1.4013076,0
8.737724,-5.111646,0
3.338986,16.848354,0
11.166552,0.707081,1
5.649365,3.126058,1
10.71046,-5.513979,0
14.218589,-0.46365824,1
-4.6100025,3.4452922,1
4.575596,0.7520841,0
-2.7342846,13.168871,0
3.6751006,3.363543,1
2.8178575,15.2916155,1
4.4034414,17.112598,0
15.599412,7.6672225,0
-2.851001,8.2904005,0
13.420182,15.503162,1
7.3660097,4.9197617,1
5.957289,11.374888,0
-4.991975,-1.4000447,1
9.250372,-4.8686986,0
10.164556,14.089012,0
-2.7461498,8.350737,1
17.705301,1.0841992,0
10.5353985,7.2921257,1
15.968758,3.8001266,1
10.292166,-4.614962,0
9.807944,-3.4205098,0
18.83141,2.9695687,1
-2.8742478,-0.6589478,0
15.809427,3.8327024,0
18.780529,1.4584724,0
-5.2094803,-0.8373846,0
4.5247574,2.968285,1
16.13557,7.862639,0
17.66238,2.3448868,0
13.600491,-6.0591965,1
11.577742,-3.0175216,0
4.4223557,17.099993,1
-1.8884643,8.498713,1
-5.3268166,-2.7158403,0
4.954908,2.3551345,1
2.0303187,17.269072,1
11.006216,11.489096,1
13.1478405,-6.051852,1
4.5057664,17.214127,0
11.870405,-5.264052,0
10.357838,7.1648984,0
17.524902,1.1347891,0
-2.4948866,8.454964,0
13.511733,14.252812,1
13.767049,14.341496,0
9.666009,14.574216,1
-3.7720525,12.5586405,1
9.883926,-3.1777716,0
-1.4084692,-3.058602,1
6.18263,0.6097741,0
18.681368,1.3550658,0
2.5781076,16.849245,1
6.2477903,0.24371311,0
-2.0258005,8.500257,1
17.742157,0.60204196,0
8.404763,4.3566594,1
3.8988748,16.009172,1
4.643149,0.8512978,1
5.601701,3.7962475,1
9.938297,-5.9642005,0
-1.7905228,3.691373,0
-2.8580937,-0.6159049,1
-1.2717636,-4.2052655,1
11.7072935,1.3006783,1
10.358677,-3.9075723,1
-4.074673,12.317397,1
-4.3399835,12.3129,1
9.724116,14.272819,0
-1.812421,3.8994806,0
17.944267,2.7532837,0
4.576073,17.229965,0
-3.0816996,13.886053,1
18.194426,1.1449382,0
-2.2679577,3.357304,0
10.418603,-4.681382,0
15.918225,6.856075,0
-3.8759756,13.781365,1
9.941482,-5.331232,0
5.85155,3.4409883,1
11.365465,0.75965,1
14.274219,-0.5125581,0
1.7722673,16.26879,1
12.29963,-4.2528706,0
-4.4361215,3.4849966,1
13.333616,-5.387734,0
12.977246,-4.112009,1
11.941062,3.007425,0
5.952834,1.4637746,1
3.6735253,15.907547,0
-3.0552008,12.7517605,1
12.064571,-2.008077,0
1.578213,15.762095,1
15.797955,6.757827,1
14.107609,-0.3030996,0
13.2984085,6.665282,0
16.02586,9.039098,1
9.391101,9.91657,1
-5.248315,-2.6049628,0
13.586558,14.468044,0
9.870925,-5.983324,1
15.15981,8.101746,0
-4.5665593,3.863662,0
17.831863,2.5993986,0
8.760056,9.420967,1
13.9113035,-0.087173164,0
-1.1209263,-4.345549,1
-5.23289,-2.6065612,0
11.754825,6.73718,1
6.66994,4.527061,1
2.3906634,16.571733,1
-3.3955548,13.342962,1
-2.7963386,7.459945,0
4.386423,17.044266,0
13.673561,14.550735,1
-1.6467307,3.874062,0
9.946966,-5.4408994,0
15.740784,8.823519,0
12.449452,15.666028,0
16.474024,9.002622,0
10.44347,11.482654,0
-2.2324588,8.12302,1
11.528346,7.0352697,0
15.536026,6.8230753,0
13.034566,6.691008,1
8.4155245,-4.3275766,0
12.792802,-3.078654,1
5.7171617,1.0538805,1
13.010672,15.408828,0
10.020079,13.514244,0
5.967215,0.57743776,0
11.553461,-3.1012335,0
5.9620667,4.0316706,1
4.142756,1.8683473,0
4.627034,17.095985,1
19.066969,1.5077137,0
13.419154,-4.1522155,0
8.756958,10.056652,1
-5.0224676,3.914585,0
2.071499,17.118757,1
-4.2948136,3.2707367,1
1.5759487,15.857008,0
12.344275,12.941562,0
13.395923,-6.187162,0
15.310226,3.4831007,1
13.087789,-5.903216,0
6.2525196,0.67840385,1
-2.7293768,13.176848,1
8.64523,9.472468,1
7.0326366,4.157934,1
8.044093,4.318538,1
11.37272,0.67120564,0
12.743555,-2.9053116,0
18.610435,1.3775054,1
4.722505,1.9428219,1
-5.2472134,-2.6182537,0
6.8411536,12.202383,1
18.786823,3.081799,1
6.0572762,10.790886,0
13.43422,14.303644,1
8.4990835,9.410918,1
3.3772023,16.73712,1
7.4295754,4.689582,0
10.229207,7.326944,1
18.714066,3.4646437,1
4.649209,3.6207316,1
2.0365586,16.53166,0
6.6329136,12.032078,1
-1.6959506,4.1383905,0
16.12429,3.702178,0
6.84839,0.58368415,0
2.5646374,15.091938,1
12.508402,15.62212,0
4.4332585,3.0229533,1
12.858788,14.710195,0
9.347065,9.892937,1
9.548545,10.500046,0
4.562098,3.460034,1
17.918137,0.790327,0
9.4268265,10.046602,1
4.4568763,3.5002046,1
-2.691644,-0.4803874,0
6.104415,11.412756,0
6.3754983,12.126572,0
12.382541,12.988477,1
15.731639,9.088485,0
7.2107534,0.9001773,0
-2.2420256,7.0203037,0
6.11963,2.9246516,1
8.706154,10.184656,1
9.976234,-5.4359136,1
15.611576,9.726105,0
-5.479733,-2.9136894,0
11.021112,6.60929,1
18.044464,0.7146257,0
14.275431,-0.8301127,1
11.385885,1.577474,1
12.472939,15.317546,0
15.906323,10.015536,0
19.605335,3.2857587,0
3.1705213,17.170101,1
9.703816,-5.735559,0
12.335438,2.9988124,1
19.164766,3.7443883,1
-3.729371,13.973558,1
17.783443,2.5169432,1
18.453634,3.4814441,0
4.660873,1.9074332,1
2.1674328,15.296053,1
-2.5982232,8.044531,0
1.5371896,15.897528,0
12.543628,3.7221546,1
11.6688,3.2138515,1
9.964664,-5.4796157,0
12.780265,-2.939291,1
13.295141,-5.687909,0
17.077791,1.7178665,0
15.687599,6.610399,0
-1.9519951,3.6963851,0
15.626035,7.4149404,0
10.428707,14.032459,1
13.507146,-4.1934886,0
4.7724905,17.01454,0
11.167124,-6.378982,1
6.227091,11.426079,1
10.901075,-4.161528,0
13.541164,-1.146726,1
3.8564637,1.8014429,0
-3.7515564,12.572009,1
11.623404,3.1553175,0
-1.6739016,-2.982746,0
17.87078,3.125598,0
2.0272691,15.70109,1
-3.4781156,13.224709,1
10.420547,-3.8721426,1
12.593395,13.902155,0
11.985866,2.6732376,1
12.768801,14.212736,0
13.203466,-6.0463552,1
15.880738,3.4892447,1
6.8788023,4.211034,0
8.119813,3.8638937,0
11.446821,-6.5764956,0
10.207711,14.038131,0
18.581764,2.120435,0
-3.1515713,12.267304,1
10.258575,6.945293,0
8.3735075,9.85003,1
11.752296,6.463759,1
13.902942,-1.0715901,0
8.949156,-5.2394276,0
12.474496,-6.114603,0
16.180096,8.765423,1
10.207633,7.330152,0
13.140926,14.121432,0
17.602776,2.8296432,0
13.52335,15.020391,1
4.3816447,16.768244,0
14.085791,3.922011,0
9.111026,-4.9705167,0
17.733341,3.7236283,1
13.784744,-4.570338,0
18.928211,3.8368375,0
-3.5905411,12.468234,0
9.684437,-5.884066,0
3.7655888,3.486525,1
-1.7295063,4.1633787,0
2.8861585,15.784137,1
13.503332,7.3552423,1
16.288805,3.7162364,1
12.205752,13.414926,0
17.472271,0.94991314,0
8.774334,10.138263,1
15.684312,6.673767,0
13.428525,-1.1392397,0
3.2130535,17.064821,1
-1.8456761,-3.5294936,1
10.282056,7.414301,0
10.2695,7.3890886,1
6.6345773,11.938937,1
4.932896,3.4386578,1
18.732262,1.7166047,0
18.35723,2.7262201,0
9.717761,11.997227,0
-4.729746,3.8708057,0
7.373809,4.64203,1
8.549253,9.893943,1
-2.6948109,7.6725965,0
6.814201,0.6029676,0
11.520888,3.012193,1
8.9476185,-5.277883,0
10.788644,-6.2192674,0
-2.9575136,13.160958,1
3.194581,16.852741,0
-4.071725,12.307885,0
12.328843,-4.207365,0
8.120947,4.340561,0
6.914643,4.1664767,1
16.17366,7.960788,1
19.059088,3.3573956,0
5.8386865,3.466601,1
-1.8260797,-3.0295012,0
12.374503,13.001926,1
10.293985,7.707943,0
4.5767303,17.197956,0
-1.6417754,3.9250567,1
12.669707,14.523262,1
11.25471,-6.4870815,0
4.7154884,16.994368,0
6.083857,2.5598223,1
11.325565,-4.3578463,0
8.229265,4.2951913,1
10.919102,1.8737593,0
10.865127,1.0040889,1
9.874411,-4.4939165,0
9.694582,-4.175144,0
19.540283,2.6956215,0
11.274613,-4.0958767,0
4.488451,17.104452,1
11.962732,1.9264809,1
16.577105,8.507529,1
3.4367948,0.93366873,1
6.348543,12.149994,0
10.895595,-2.6278284,0
2.024592,15.713151,0
-5.240921,-2.2017872,0
11.968167,12.824607,0
6.7365446,4.3025064,0
16.394547,9.230532,0
3.0305512,17.04447,0
13.654381,-5.9014006,1
10.221326,7.455132,0
16.60636,8.534624,0
13.601235,14.701391,1
-1.1130031,-3.1913903,1
6.6499615,1.1343225,1
-3.2251897,13.921706,1
-5.504721,-2.9419487,0
10.202985,-4.3979254,0
2.6235118,16.204142,0
-1.163328,-3.2276514,1
13.550144,7.413983,0
10.768222,-5.6824007,0
12.904144,-6.3323436,0
6.2584867,0.6097824,0
15.81386,6.482343,0
8.476053,4.395539,1
7.157171,12.289643,1
-1.5573505,3.9770415,0
12.322246,15.187537,0
-2.6614096,13.232694,1
10.688394,11.410555,0
5.4482903,3.6679444,1
16.215672,9.596804,0
13.999482,-0.6457756,0
14.0857725,-0.51429707,0
11.8052025,1.7933705,1
18.959852,2.7271256,1
7.3055825,5.4359016,1
-3.1860845,13.652717,1
12.33342,14.004839,0
8.449933,9.821022,1
2.8582401,15.304521,0
6.9638333,0.5683166,1
18.751053,2.132341,0
4.5285773,17.114008,0
18.063715,3.355364,0
3.9617834,2.9596786,1
12.823384,-3.987297,1
1.7830974,16.290892,1
8.317324,-4.598495,1
1.5706478,15.762021,1
9.94082,11.934324,0
5.8698726,10.736512,0
13.689385,7.819832,0
3.9084516,3.6519148,1
8.463078,-4.2331676,0
-2.6230357,8.398852,1
-2.974134,13.772286,1
10.993352,11.4634,0
12.632523,13.847517,0
8.222144,4.325617,1
4.5472846,2.792958,1
2.760423,16.418165,1
14.124785,-1.1460654,1
6.405801,4.900042,1
10.538723,-6.0250373,0
16.211348,8.258589,0
16.588223,8.721857,0
9.825914,-5.503318,0
10.817693,1.3086566,1
7.3138576,4.679104,1
10.825228,1.6701458,0
4.396304,1.299014,1
14.197117,-0.44647047,0
5.64604,11.396888,0
15.942885,6.643268,0
18.027267,0.7471643,0
15.6157465,3.669009,0
14.152126,-0.6637268,0
10.37163,6.8364086,1
9.938562,-5.4362845,1
13.918013,6.9398994,1
4.8942065,3.1980624,1
17.944082,1.1024626,0
6.780808,4.081053,1
8.120557,4.110718,1
18.688013,1.3155704,0
-1.8331026,7.929359,1
-1.2586107,-3.1138268,1
-3.9286668,12.642432,1
-2.8955011,7.8773527,0
12.404437,2.6907663,0
6.169399,2.8049724,1
12.516217,3.1794853,1
18.95925,1.9316952,1
-2.9393349,8.014036,0
-1.4773287,-3.653383,1
5.50921,10.720063,0
4.6528077,0.81380004,1
9.74304,-5.897999,1
11.127414,-3.1681027,1
11.510173,7.0560513,0
17.534517,1.9245843,0
4.047533,2.974129,1
10.565622,-4.6098127,0
1.8250496,15.319357,1
-2.089786,7.248458,0
11.612416,-3.3866613,0
14.1928625,-0.56504303,0
12.263768,-5.436015,0
8.686933,-4.2335534,0
-1.6632655,3.7681043,1
6.546895,0.8875297,1
18.235064,1.3891443,0
-0.89805603,-4.444912,1
13.707331,-0.48210132,0
15.182761,8.118292,0
-1.5955342,3.8991346,1
-2.8150911,8.366606,0
10.655652,11.914338,0
8.991287,-4.529697,0
4.5482955,1.6412816,0
12.7774515,15.076792,0
13.516041,8.067379,0
18.974539,3.7265074,1
10.904936,11.514388,1
11.860839,6.3189845,0
9.327204,-4.7184997,0
4.3907623,17.111425,1
-1.8476254,-4.8275094,1
18.294127,3.5626132,1
9.832714,11.896051,1
6.130695,11.948692,0
-4.175229,3.61928,0
19.25436,3.3704922,0
9.73895,11.943224,0
2.8578963,16.484573,1
-3.9608386,12.094786,1
11.708454,1.2043647,1
5.5133443,1.5678686,1
13.743371,-0.1912853,0
8.451788,-4.4962635,0
12.685412,-3.8789263,0
12.503854,3.2427456,1
4.7431855,17.21157,0
6.4313965,0.83480626,0
11.835554,12.805878,1
17.47494,2.3301198,0
12.182186,3.5118237,1
11.025413,-3.8873148,1
12.950326,-6.27852,0
9.752923,14.25414,1
8.803171,-5.052247,0
2.7492929,15.424471,1
13.895008,-0.047841765,0
-1.1215037,-3.4406192,1
13.946842,14.87279,1
12.480583,-6.130327,0
6.283972,4.006359,1
11.990124,-4.5249763,0
19.324951,3.766035,0
6.510344,11.704675,1
15.153117,3.4582736,0
13.717051,-5.3800225,0
15.47382,7.924626,0
16.620987,7.9207616,1
8.679933,-4.3100104,0
13.544957,-0.62986994,0
11.069396,-5.102699,1
-3.2894866,12.462123,0
12.321546,13.112146,1
16.206388,8.047189,0
-3.726826,13.7556715,1
-3.239181,13.309393,1
6.5389786,1.3449312,1
19.575245,3.2574549,0
14.229156,14.779616,0
-2.1260421,7.3006163,0
3.840817,3.6220343,1
6.1844373,11.443492,0
10.258855,14.348951,0
-5.181009,-2.0209622,1
15.676393,8.013056,0
-1.7836821,3.7275195,0
9.885823,11.925518,0
15.826499,9.765194,0
-1.9107623,3.704219,1
-3.2888806,12.4391365,1
11.475753,-5.810604,0
-2.1897929,7.576973,1
13.872881,15.197056,0
-1.8319561,3.801926,0
7.46371,5.191746,1
7.0696144,1.0135943,0
-1.3232071,-3.140137,1
13.4297495,14.237,1
18.9991,3.7904496,0
9.791753,13.6539135,0
16.52311,9.008982,0
6.3429317,0.6274039,1
8.483456,4.3771825,1
15.219916,3.487294,0
11.640686,-5.9474897,0
4.1108766,17.12778,1
-2.2716029,6.9675612,0
4.615498,17.063107,1
-1.9389348,3.5497785,0
-2.7532122,7.542161,0
12.31477,15.517087,0
16.64615,7.9261417,0
6.0590887,2.584749,1
13.457258,15.679074,0
19.168154,2.971297,0
13.903541,-0.20327342,1
13.496087,7.1045995,0
9.522283,10.912387,1
15.980769,8.921728,0
15.656787,3.775152,0
15.729718,8.342651,0
6.059093,11.40012,0
3.2135348,16.99912,0
12.993308,-4.436039,0
14.087587,-1.1705357,1
4.3325934,2.9332862,1
-5.183428,-0.8626567,1
15.305576,9.164455,0
6.102101,10.951944,1
-1.7728709,-3.2948267,1
-4.387062,3.4919813,1
5.9366117,0.58058894,1
3.9891293,3.5455165,1
8.456245,4.3699856,1
8.103385,3.8853202,0
11.700573,6.787182,0
12.519312,3.6898546,1
-2.6791658,7.88105,1
4.4581842,1.0778794,1
1.6229202,15.899579,0
11.300211,-5.833439,0
-1.7559888,-4.79231,1
19.011488,2.2181895,0
9.799428,-3.443971,1
3.5657406,1.0827014,0
-1.0870229,-4.249106,0
-2.8873956,-0.6595457,0
11.000016,1.4486357,1
11.753167,3.3068218,1
10.490174,14.372147,0
5.642561,10.709077,0
-3.776264,13.65896,0
8.467594,10.194814,1
8.338894,-4.4084387,0
-4.0693655,12.29086,1
3.8649333,3.6708431,0
13.434115,-0.91006017,1
10.850656,1.6400932,1
2.0899951,17.052738,0
17.66385,1.042126,0
-2.6560576,13.2055855,1
10.599406,11.384854,1
9.579942,11.948061,0
9.525799,10.473555,1
11.1407795,-4.7582912,0
18.867949,3.9933302,1
-3.2761378,12.785655,1
11.199701,0.79524785,0
-2.495678,3.9701722,0
3.3434596,16.695133,1
4.5510664,0.7745522,1
11.298249,2.0209305,0
13.733616,-5.57069,0
-5.2028375,-2.1704845,1
8.581238,4.1729617,0
19.590061,3.4201112,0
1.9872983,17.3483,1
10.677458,13.493186,0
14.309006,-1.021671,1
18.139118,1.2369977,0
3.7681067,3.307125,1
12.278298,3.6098967,1
-1.4542937,-3.0647624,1
18.455467,2.1159492,1
-4.592332,3.6869965,0
4.578091,1.6076933,1
-2.3428743,6.9804053,0
7.7545857,4.5262833,0
13.761163,-5.7088284,0
11.353488,-3.966936,1
17.090517,1.6961344,0
-2.0784848,4.0422077,0
3.8205523,3.585539,1
12.440593,14.221489,0
11.929288,13.151454,0
10.369033,13.818807,0
-2.1123917,8.602772,1
18.147808,2.9721248,0
11.39674,-2.7795548,0
-2.3868248,8.184048,0
-2.9114337,-0.6386046,1
6.7291274,4.132162,0
1.9776841,15.696902,1
19.300571,2.7653751,1
2.0829766,15.779563,1
3.0831993,16.123753,1
6.2324424,5.1267657,1
5.9565434,10.738149,0
3.9857717,2.9864304,1
-2.8720682,7.5131226,0
6.144178,0.739364,1
2.90693,16.9379,0
12.587107,3.708428,0
2.906513,15.371899,0
9.5363655,14.440432,1
4.38663,16.884548,0
-2.0813372,3.9975367,1
-3.708769,12.285938,1
10.982877,-4.989309,1
-2.6876547,8.359276,0
8.346617,-4.6312733,0
2.2692878,15.055594,1
6.130551,1.4097525,0
8.81262,10.019665,1
12.194479,15.3757,1
9.772101,12.138025,0
6.3995104,1.2162789,0
-5.232541,-2.4639742,0
11.029834,-5.162469,0
5.858985,11.370164,0
10.654179,11.911793,0
13.722651,7.100717,0
10.784262,12.018942,0
10.403459,13.98911,1
11.124628,-2.7655528,0
2.8372872,15.280938,0
18.676254,1.3483943,0
1.8827132,15.831339,1
11.891723,-3.02591,0
15.794967,6.9849715,0
2.2902308,15.601201,1
2.0709252,17.40486,0
11.080859,1.5738332,1
-3.8267348,12.786535,1
9.315984,9.913361,1
15.880223,8.78729,0
16.490398,8.573312,0
14.104039,14.937642,0
16.17458,9.5706835,0
12.275638,3.4429493,1
11.147264,0.8267828,0
-3.53185,14.081346,0
15.323086,8.674133,1
6.5969367,4.0617743,1
12.288451,15.655895,0
-1.7240329,-3.7647188,1
12.25399,-5.8623576,1
11.709824,6.728118,1
18.46842,3.1467223,0
17.80894,1.2960404,0
14.243254,-1.0570791,0
3.7265172,3.4386919,1
17.590994,2.8695607,1
6.3810387,12.129617,0
13.880392,15.395733,0
10.966503,-5.1580625,1
17.658394,0.6969571,0
14.068124,15.122706,1
15.832876,10.098739,0
8.837504,-4.133083,0
9.275316,13.934558,0
8.643689,9.617885,1
19.527267,3.65484,1
16.434322,7.843392,1
8.915465,9.524776,0
-4.156507,3.570498,0
15.23541,3.4136376,1
8.257437,4.2186074,0
13.700138,7.953564,0
6.129338,10.920687,0
12.3735695,13.7523575,0
10.755832,1.1990266,1
-1.7766366,-4.9107113,1
6.261733,0.22614813,0
5.534214,10.691245,0
-2.0553174,7.6268296,0
2.1757946,15.551775,0
7.5240073,4.6998653,0
11.128309,1.8997613,1
4.6084347,2.1662807,1
13.949781,14.414025,1
-3.7778926,13.017565,0
6.567505,3.9809752,1
4.603745,17.061752,0
11.756187,6.712375,0
16.143625,9.337237,0
13.981169,-5.2925987,1
8.079738,4.06869,1
15.34354,8.052345,0
13.390023,-4.594508,1
12.70182,13.887055,0
3.9246118,1.0195539,0
6.811001,12.208966,0
12.966589,14.056813,0
16.075825,9.914041,0
12.348825,3.059093,1
10.862011,11.460373,1
16.552666,7.896783,0
2.318357,15.591268,1
10.563766,-6.1079326,0
12.640672,13.250115,1
12.487704,2.9177618,0
4.359795,1.646617,1
-2.0545363,7.3989205,0
6.111754,11.417057,0
-3.2423294,13.589962,1
4.493991,16.559776,1
15.5055685,7.997388,0
15.705577,10.081473,0
13.452476,14.55764,0
5.9273458,2.9274402,1
11.259877,2.0029192,1
1.8646477,15.047493,1
7.694055,4.2803407,1
8.111208,3.9373813,0
-2.6541889,-0.51790357,1
4.243337,1.7250177,0
12.139872,15.339466,0
13.496686,-5.4593306,1
12.992369,15.484518,0
3.9796836,1.1244738,1
10.700402,-5.940168,0
10.868783,11.451979,1
13.690076,14.976396,0
-5.1995893,-2.4637554,0
18.799826,1.800579,1
6.325992,0.6758823,0
16.033735,3.4783385,0
-1.7511568,4.140586,1
6.9448404,4.2142224,1
11.763877,-3.77618,0
11.0419445,-5.067554,0
-4.4249725,-1.5842538,1
15.839886,3.8790045,0
-2.0772135,8.571989,0
8.632833,9.348665,1
2.0506597,17.23464,1
18.447758,3.1983738,1
-2.7141001,-0.5073179,0
6.810141,12.160473,0
12.273509,13.722568,0
11.574753,6.9765186,0
10.21328,7.0213976,0
-0.89403427,-4.1861014,0
10.41691,11.485409,1
-1.0141485,-3.3018866,1
-1.7037631,3.7452438,0
18.357182,2.7818418,0
-0.9807148,-4.324479,1
5.615297,11.31236,0
13.269222,7.5903025,1
3.9063792,16.003284,0
11.297679,-4.241469,0
-4.199802,3.3030515,1
-1.7931728,-3.969201,1
-0.90583473,-4.0734053,1
-5.2742248,-0.70011383,1
4.2428074,1.9083476,1
18.586018,2.910979,1
-0.652644,-3.7052732,0
12.514636,3.709693,1
10.159537,7.2605915,0
2.1218083,15.625475,1
5.649651,3.6960034,1
8.735905,10.110245,0
9.973627,-3.1117709,0
11.713431,12.915338,1
12.205038,15.191484,0
3.838229,2.931201,0
6.7873363,4.6274333,1
18.849846,2.7734032,0
-4.9023376,-1.9077953,1
12.620531,-2.7894163,0
6.1885195,2.631271,1
3.2793012,16.703348,1
-1.359144,-3.5517085,1
10.538181,-5.16279,0
12.296876,-4.036741,0
13.136795,14.886161,0
8.435135,10.237966,0
8.498199,-4.762622,0
13.621141,15.4546585,0
11.788702,-2.254273,0
15.785858,6.9365497,0
11.525986,-3.1563458,0
2.755237,15.322307,1
-1.3871354,-4.110805,1
5.9897537,2.6988065,1
-5.167782,-2.1434524,1
19.088013,3.9101574,0
2.6907125,15.986789,1
17.760603,3.5518932,1
6.30831,0.32884184,1
6.916609,5.166982,1
-2.5619147,-0.38839164,0
6.2090983,5.3261514,1
-4.228851,12.427561,1
13.330255,14.742892,0
12.172263,15.606675,0
12.378695,-5.5283484,0
6.3780646,1.1931411,0
13.896675,-0.09065459,0
9.999251,14.552849,0
2.7107434,16.147062,1
18.651669,3.8398464,1
12.068922,2.7406855,1
-2.609333,8.184428,0
-2.8158226,-0.3668804,1
3.6602738,3.3954706,1
5.677258,3.1314194,1
11.027043,12.123095,1
18.323008,3.4608395,0
7.436015,4.826932,1
10.338437,7.540178,0
11.862465,6.3472247,0
19.211536,1.5696031,0
3.6641924,16.017014,1
13.636767,7.1473494,0
10.550241,-5.936289,0
19.069386,2.4566555,1
5.598486,3.7173448,1
-2.78252,-0.5758471,1
9.91432,-5.3821135,1
13.5167675,6.70871,0
6.405982,5.29367,1
16.615353,8.098134,0
12.351397,12.959825,1
3.699208,15.959006,1
-4.3265376,3.7080986,1
4.73969,16.904581,0
18.30469,3.3551784,1
10.463225,6.772278,0
15.745426,9.168069,0
-3.0060496,13.81946,1
6.2602415,2.538319,1
-2.1158001,7.2832193,0
6.7152257,12.027758,1
11.694862,3.2724724,1
15.866664,8.979624,0
-1.268023,-3.081799,1
13.164936,-4.7233505,0
11.5746975,6.9732504,0
-1.8673168,3.8328462,0
17.953482,3.8046203,0
9.374827,14.046792,1
8.360644,9.978173,1
7.1032734,5.2725215,1
19.137669,2.2246466,1
-1.3576548,-3.694017,1
-2.7204258,-0.32940134,0
12.184697,2.999722,1
19.240128,2.1537926,0
13.610469,15.079223,0
11.564782,2.9770274,1
1.9728389,15.398577,1
13.180177,-4.601197,1
3.8386042,0.4668915,1
13.18607,14.428316,0
11.019121,12.045014,1
4.6466002,1.3057318,1
12.236108,-5.804733,0
3.1171668,1.0954894,1
18.623257,1.8286889,0
9.850565,11.968178,0
2.5571659,15.098117,1
3.3108847,15.912686,0
-2.8272407,8.368057,0
8.155677,4.2863836,0
18.073114,1.2651113,0
11.694751,-5.706301,1
3.2029998,16.99079,0
-2.650917,8.434855,0
14.075306,4.152932,1
11.141593,1.1221758,1
-4.9274306,3.8004003,1
6.1900105,10.883869,0
13.833785,-0.15056404,0
4.33503,2.8637168,1
11.969084,12.936796,1
16.512169,8.332863,0
7.0964403,0.99964845,0
-4.5037966,3.8052444,1
-1.8676642,4.1105604,0
-3.099757,14.063419,1
13.360693,-5.691114,0
13.026347,15.104308,1
15.783844,3.8621805,1
-1.2675917,-4.225021,0
-3.4485543,13.735441,1
-5.1978235,-2.0983894,0
-1.2583108,-3.128199,1
-5.460094,-2.9034774,1
3.8298037,15.990937,0
16.795671,8.444313,0
12.25477,-6.436391,0
6.3105,2.3286216,1
-1.5470446,-3.0022092,1
13.65201,15.400452,1
-4.112619,3.5463712,1
19.155586,1.5031205,0
12.145671,-4.84798,1
15.605817,9.034543,0
8.884035,9.739624,1
3.9446836,16.018494,1
16.593225,7.9247346,1
4.1309586,3.4156737,1
4.7345424,1.4345292,1
5.5491037,10.686174,0
10.441672,-4.775355,0
19.59547,2.1905966,0
10.805161,1.6014868,1
3.3469923,16.91156,0
17.746332,3.6088934,1
18.033798,1.2110257,0
8.926087,-5.207389,1
18.249838,2.6497302,1
-2.846276,13.132628,1
7.3927984,4.57999,1
7.2086425,5.493252,1
-1.8992525,8.226014,0
17.584946,0.9453898,0
-2.8174984,8.185339,0
-5.1869116,-2.1360574,1
10.772284,12.390132,1
11.865702,-3.7892807,0
-4.944272,-2.1303644,1
-1.7879719,-4.7727537,0
4.64457,1.1532705,1
11.682703,-2.4529717,0
11.677848,2.001051,1
-1.7785825,-3.080506,1
-2.6081033,8.048418,0
10.11564,-5.1024113,0
11.687442,6.519465,0
13.326175,-4.472905,1
-1.804811,-4.004598,1
5.697596,2.9148867,1
4.397324,17.058949,1
4.6231503,0.9511451,0
11.507032,-3.583742,0
3.400552,0.8634969,0
12.943516,-5.623621,0
5.9610395,0.5159536,0
15.777665,3.7855518,1
12.507774,-5.551235,0
13.732766,-0.38315102,0
2.5456812,15.135624,1
-3.3721886,12.219072,1
5.9598894,2.6022496,1
10.875656,12.292912,1
9.526676,10.512585,1
8.549491,9.25403,1
6.4373603,4.0138884,1
-1.8174049,-3.9708493,1
2.0650115,17.490837,0
14.084712,4.053251,1
8.77822,9.912198,1
12.472181,-6.1809254,1
9.904271,-5.864207,1
8.580902,-5.0824575,1
15.831328,6.6350403,0
12.879795,-5.654403,1
8.395551,-4.826092,1
15.746976,9.384888,0
12.388208,12.980905,1
9.893287,-5.5175962,0
13.626928,-4.09818,0
-2.3704324,6.990766,0
11.612396,3.158544,0
9.605504,10.701113,0
16.638315,8.738137,0
11.377926,12.509332,1
11.851716,6.3121166,1
-5.2652655,-0.7434912,0
-2.6783125,-0.48088256,1
6.946112,0.8089291,0
14.022074,4.056521,1
12.096042,6.4058905,0
13.2109785,-4.3409305,0
2.1093228,17.022415,1
-3.0111687,13.898264,1
4.300956,3.5903049,0
8.818809,-4.079787,0
15.308904,7.6044197,0
9.358917,14.051561,0
-2.022662,3.6823514,0
13.766729,-5.1694255,1
2.6894941,15.178167,1
8.402375,9.776479,1
7.2440495,4.1138706,1
12.536434,3.7103915,1
2.1189854,15.830027,1
4.491127,17.064865,0
6.2992196,0.90698695,1
8.422624,-4.446416,0
9.832642,13.826201,0
5.5210037,10.685837,0
8.701626,-5.1141505,0
7.218643,0.72743577,0
18.357449,3.8728793,0
12.351107,-5.4577985,1
13.60136,-4.639005,1
9.009946,-4.225311,0
15.657995,7.6650734,1
13.957176,-0.14717034,0
4.116811,3.7230277,0
6.800161,5.2414036,1
12.9918995,15.392388,0
13.630633,-5.2787924,1
19.02765,3.9882314,1
8.036864,3.8779583,0
11.99683,3.1090121,1
6.50879,12.007838,0
4.169741,3.7383258,1
8.7343855,-4.939579,0
-1.8894432,-3.6439905,1
-1.0567555,-4.3020043,1
17.583076,0.90399826,0
11.80827,6.5586314,0
-2.1243374,4.033375,1
9.153644,-5.6010184,1
14.100346,-1.1978635,0
2.3367074,15.019739,1
13.073552,-5.942358,0
10.999352,-4.618789,1
-3.0722108,-0.73627764,1
-5.2303624,-2.283794,0
12.541,-6.130306,1
12.56937,3.7336671,1
-2.3208942,8.056326,1
13.871747,14.835896,0
7.669672,4.2117987,1
-5.2279406,-0.7909367,0
-2.5786018,-0.4086675,0
13.013383,6.486417,0
18.974598,2.948237,1
3.7228131,16.511913,1
3.4380481,1.4639119,1
2.1219103,17.532227,0
4.696492,3.384491,1
17.587572,0.7906815,0
-2.9919457,-0.74972814,0
8.974995,-4.7347255,1
9.707236,-3.4882205,1
7.0911884,0.9734872,1
10.164977,11.612324,1
13.357637,7.18594,0
-2.453988,8.02118,1
11.326096,-3.6066694,0
-5.2551622,-0.8096665,0
-2.5518355,-0.38899195,1
7.02883,0.81646526,1
18.338482,2.6714752,0
12.302321,-5.12321,0
-0.9749713,-4.059824,0
6.75741,12.1406975,1
18.76118,2.3811598,1
12.287009,15.670866,0
-1.4216098,-3.9107435,0
10.155237,-4.8549905,0
2.243264,15.0688095,0
1.6063647,15.801389,1
11.274046,0.69407856,0
11.322819,1.520115,1
8.506044,-5.0014515,1
17.450851,1.1912085,0
9.904178,-5.406929,0
6.5471573,4.0635047,1
-3.9128141,12.48264,1
15.785874,6.3807173,0
11.237423,1.051344,1
5.5242558,3.4692245,0
7.31097,5.3913555,1
18.33567,2.8713624,1
12.588957,3.8747244,1
-0.9316273,-3.472143,1
12.340584,-5.3334746,1
2.0607495,17.321436,0
-3.711808,12.561711,1
9.223061,9.817733,1
13.444248,-0.9274254,0
13.992475,-0.6945483,0
3.7201881,1.4947199,1
-3.4891977,14.117397,1
13.861056,-1.1052566,0
3.461068,0.7789033,1
19.309673,2.068782,1
14.061099,-0.56457555,0
19.457394,2.4477549,0
3.124305,16.172453,1
6.609494,4.8286595,1
-1.9147639,7.7963243,1
13.412933,15.631392,1
13.434679,7.7001343,0
-2.3357143,6.968066,0
5.3495207,3.2231042,1
5.608849,3.3657749,1
10.048023,13.480493,1
2.4938178,16.816364,0
-1.3479517,-3.0856566,0
-5.480511,-2.9200754,0
12.181197,15.4226055,0
4.012667,3.5123787,1
3.45181,15.909809,1
-2.5639088,-0.31390986,0
-3.3772638,13.323554,1
12.757588,-3.6428666,0
18.674574,3.769196,0
4.137519,3.463131,1
10.9752445,12.106702,0
3.0516899,16.190418,1
1.9871556,15.6115675,1
17.822865,2.762815,1
-5.1320643,-2.4851086,1
10.036482,-5.810894,0
2.1195884,15.388811,1
13.286871,7.098699,1
13.081773,6.594221,1
3.9576554,0.99041027,1
10.350558,-4.4309735,0
18.108154,3.6109753,1
4.3640804,3.4508743,0
18.375166,1.1717923,0
3.7331402,3.1792583,1
11.544897,-6.431664,0
11.703911,12.752629,1
17.850761,2.8078861,1
4.159028,3.6914403,1
6.1216826,3.1440668,1
-2.5916371,-0.5134545,0
11.619191,6.902552,0
-3.2284412,13.383803,1
-3.7986915,12.656433,1
8.196606,4.1293464,1
-0.89457196,-3.4988925,1
1.8445328,16.222921,1
12.279647,15.554079,0
6.971111,12.151291,0
12.998392,-3.076746,1
10.02063,14.589252,0
-3.7372675,12.478885,1
15.813703,6.478564,0
8.745994,9.611175,0
-3.5618906,13.387531,1
13.731867,-0.23141026,0
4.7608914,17.289738,0
13.5419855,-5.4914613,1
3.3764677,16.911896,1
-2.7076802,13.427104,1
15.580349,9.53612,1
2.8259642,16.918758,1
13.625595,15.079565,1
-1.7532471,-3.060071,1
7.9242425,3.927139,1
10.566969,11.421203,0
10.666214,11.998108,1
11.195075,-3.4558625,0
13.553289,7.330222,0
1.7175816,16.22941,1
13.969022,14.938573,1
13.445227,-6.1307826,1
13.8229265,-0.36607084,1
9.695707,11.972469,0
11.222396,0.6842764,0
-3.2472138,13.3452,1
17.633745,1.0661522,1
19.58766,2.1410577,0
2.0909169,15.774446,1
6.6070166,12.28513,0
12.119919,15.327241,0
13.162893,14.158279,0
-2.5466073,8.403656,0
12.958396,-5.242153,0
16.181961,7.163832,0
18.282516,3.6494296,1
8.842639,9.757328,1
11.784547,-4.603917,0
12.298487,2.9787881,1
12.286049,6.4930058,1
-3.9654636,12.174417,1
16.29268,7.7377725,0
-3.4542832,12.230546,1
4.281774,3.656012,1
10.150983,7.2150583,0
9.463369,-5.1554074,0
4.636014,3.406788,1
12.951221,15.438544,0
18.837143,1.268274,0
11.159036,-3.1500754,0
8.368373,-4.8306184,0
8.644594,10.289279,0
-2.1366477,3.868187,1
2.1119742,15.668426,1
9.935346,-5.417453,0
16.185669,7.7728763,1
2.245171,15.848172,0
16.031199,7.395808,1
18.244947,2.602231,0
12.087316,2.2117004,1
11.611995,2.0567513,0
-3.8197973,12.112152,1
10.089816,14.172675,0
-2.8716266,-0.4967933,1
6.1195426,3.1175787,1
17.751945,3.0246158,0
11.243072,-3.98634,1
11.74433,-4.716853,0
-2.2871358,3.371952,1
3.2123358,16.994492,0
3.125018,1.0387741,1
-1.7043228,3.77494,1
12.393651,15.498657,0
-2.891955,7.657111,1
11.221173,2.0198886,1
-1.7759935,-3.2018237,0
10.798442,1.0761168,1
8.734708,9.635023,1
2.9249406,16.974293,0
4.6123424,1.0781333,1
-1.4634074,-4.103306,1
14.109578,-0.31129402,0
3.833523,2.9645178,1
4.197662,3.5886798,0
-2.4862475,8.174876,1
-1.8219813,-3.1175528,1
6.0542073,5.1628585,1
12.755553,14.326618,0
12.316203,13.004422,1
15.610117,7.823277,1
7.1747417,5.4824677,0
16.532019,8.626392,1
14.229505,14.661401,1
9.056211,-4.843449,0
2.4861588,16.8974,0
3.3073235,1.2117809,1
5.9152894,0.8740003,1
16.310915,8.380609,0
13.618151,15.312237,1
10.324865,7.5538015,0
3.71928,0.7196992,1
14.008078,4.0628266,0
13.716104,14.785732,1
-2.6922915,7.621224,0
-2.656008,-0.29917997,0
13.738568,6.9596195,0
4.4170146,17.149519,0
13.517406,7.50774,1
-3.548574,12.980325,1
13.6107235,-4.668856,0
8.530233,9.672023,1
13.72725,-5.195456,1
12.226886,-3.4838326,0
6.6741548,4.2358804,1
-1.2668636,-3.9052997,1
10.912251,12.349022,0
3.2655287,16.52613,1
9.889266,-3.175239,0
2.9275923,17.146833,0
6.338041,0.21097924,0
4.6255517,1.1385064,0
16.553429,8.783051,0
-2.9695334,-0.74120635,0
13.391803,7.7140393,0
-5.079238,-1.9381108,1
18.0938,2.238895,1
9.775096,14.430774,0
5.47645,2.9280913,1
8.157593,3.8890135,1
3.8632584,3.0443819,1
15.584615,8.306096,0
9.634147,14.552058,1
6.3997593,12.097576,1
15.867906,9.270407,1
-1.4165221,-3.5660324,1
7.0291104,12.255175,1
15.703301,3.7905438,0
12.279136,-6.526317,0
4.4423103,16.545883,0
13.048036,6.735744,1
-4.867365,3.8715234,1
9.425196,-5.3475475,0
6.166431,3.0290873,1
8.640822,-5.063878,0
3.7091777,3.1831107,0
11.171021,-6.4375606,1
12.164789,15.506165,0
-2.6368597,-0.42654547,1
4.1709447,1.5302941,1
13.649314,-4.6805906,0
19.594793,3.4783523,0
7.5930405,4.3279705,1
15.467459,7.656187,1
13.105312,-4.1874385,1
9.055053,-4.857565,0
10.761478,-5.438388,0
15.628324,9.878933,0
16.582804,8.5705,0
4.406863,0.79403394,1
12.419125,3.3602476,1
-2.249505,3.373197,1
8.565924,-4.894828,1
-1.9661298,8.514,1
12.94472,15.436479,0
-2.9829795,8.072257,1
11.901521,6.3334365,0
8.579979,9.639576,1
11.877903,-3.0845683,0
-5.154207,-2.4750957,1
-4.0201597,12.304216,1
13.504272,7.8413177,1
-3.0527327,13.9511,1
15.5104,9.412509,1
5.6006756,11.416483,0
10.121156,14.0960655,0
11.952319,3.0726776,1
13.330568,7.1022806,0
8.621428,10.3188925,1
-3.00554,13.162586,1
-3.825325,12.516058,1
12.209519,15.352887,0
6.3064213,0.21739312,1
5.988369,3.203776,1
13.886303,-0.8899935,1
14.0556135,4.049662,1
8.638775,10.355393,1
5.9050827,0.6696846,0
19.278086,3.7712708,0
13.761767,-5.4241,1
5.637014,3.7776637,1
13.9763565,14.786347,1
-4.9224916,3.8020997,0
-2.7932444,7.748166,0
13.338335,15.71013,0
9.288227,-4.840516,0
-1.3648304,-3.8132734,1
-1.8025581,4.164436,1
15.317603,8.975291,0
11.805017,-5.4133964,0
2.1389802,17.566141,1
18.67912,3.550466,0
-4.479153,3.835187,0
-2.1796575,7.4433575,1
-1.6599761,-3.0046952,1
11.720986,-6.462761,0
8.66662,9.519427,1
11.641854,-5.788234,0
8.817279,-4.177017,1
13.754984,14.90841,1
13.585334,4.1265764,1
10.283964,-4.746364,0
6.303745,4.874484,1
7.046973,5.2791395,1
12.163467,-5.811172,0
6.310937,4.066486,1
6.9715304,4.945514,1
13.5347805,7.5478206,0
-1.3431792,-3.044371,1
8.781472,-4.4500976,0
12.984269,15.517097,0
1.6126635,15.609497,1
4.839817,17.304066,1
11.672168,3.205132,1
16.001097,9.981189,0
-2.8480263,8.236357,1
-2.285554,8.027715,1
11.856732,6.3422437,0
8.447973,10.15459,1
8.4647455,4.415141,0
6.103399,2.708445,1
4.529615,16.563263,1
3.7194724,0.69833016,1
16.222946,8.516134,0
11.364579,-5.6217346,1
9.860507,12.128689,0
6.2416673,2.6435316,1
8.412853,10.001731,1
6.3350387,5.127024,1
-1.8083911,7.8289447,1
12.5724,-3.8968155,0
12.015722,2.8836148,1
11.395501,1.1089654,1
9.76685,14.4402485,0
2.9187193,16.070974,1
5.981644,3.456471,1
-2.6671538,13.224207,1
15.699104,3.8441696,1
12.166002,-6.0425215,0
9.361338,-5.308378,0
12.891948,4.1125355,1
19.281096,2.919306,0
9.588757,11.954797,1
9.863974,-4.71989,0
13.037523,-6.349535,1
3.0315678,16.164753,0
-2.7763195,8.395275,1
11.736288,6.7673125,0
10.986949,12.03338,1
15.608229,9.5656185,0
13.871671,-0.16529469,0
8.769066,9.68903,1
-5.417134,-2.7664814,0
5.132816,3.7498236,1
-1.1964151,-3.184211,0
8.086085,4.262687,1
-1.7145331,-3.8548684,1
10.288451,7.3740325,0
9.174509,-5.354397,1
4.7786417,17.328568,0
8.611086,9.590661,1
3.9012184,1.1416618,1
13.562226,7.5873666,0
12.2953615,-4.0521517,1
13.719507,-0.22276254,0
18.151459,3.5281804,1
4.187655,3.6572518,1
17.836487,1.8823831,0
11.601774,-4.6632843,0
2.4094067,16.518057,0
13.654513,6.7930775,0
6.2073817,5.0299435,1
13.587832,15.315321,0
15.535252,9.338212,0
12.46175,-5.3362193,1
10.527609,6.699883,0
6.9937377,1.0055606,0
13.627062,7.817062,0
8.272454,-4.424886,0
19.691778,2.5393324,0
18.703629,1.7019547,0
9.249977,-4.743767,1
12.636642,4.011172,1
8.408936,9.698763,1
-1.8137628,-4.954323,1
18.165047,3.0870898,1
5.6284285,11.335116,0
10.99065,-3.6507647,0
13.840326,15.366623,0
10.39494,14.478276,1
15.579839,6.708791,0
18.25317,1.1899437,0
13.85189,-1.0467268,0
2.2537293,17.7118,1
-2.2418463,3.3770118,1
6.231081,5.1316113,1
11.741097,3.2883363,1
6.7296476,5.2917147,1
13.94438,-5.644927,1
8.427851,4.1713786,0
5.4883223,3.252067,1
6.193439,5.1073503,1
4.5004115,16.792587,0
1.8163106,15.241858,1
15.653863,9.49071,0
2.0199754,15.649785,0
9.835296,11.949973,1
9.463041,10.167137,1
18.809723,1.8402325,0
13.428594,15.634879,0
13.978162,3.95815,1
13.767893,-5.696952,1
8.443497,-4.97318,0
8.69813,10.333018,1
8.283153,4.275245,0
6.308744,5.2932086,1
16.469147,9.396866,0
3.254366,1.2061864,1
5.964072,0.72444844,0
3.359266,16.949707,0
-4.3451295,3.495893,0
-2.6746364,-0.34345946,1
10.528305,14.279543,0
19.636726,3.425467,1
14.029929,-1.1619353,0
-2.5580301,7.617307,0
-5.3160243,-2.6978788,0
4.6268497,17.171717,0
-4.9070024,-1.5557828,1
11.549909,1.9682058,1
4.3359294,16.807993,0
-1.9494609,8.531233,1
-0.7143697,-3.5005493,1
9.499131,10.430507,1
11.736389,1.3497499,0
-3.1256895,14.12065,0
3.0584927,16.940966,1
2.0223699,17.35213,0
10.474366,14.326821,0
18.639608,2.452647,1
16.156193,7.155415,0
-5.21596,-2.5679812,0
-2.6064613,7.6442122,0
-2.106712,7.2532387,0
10.137388,14.320703,0
12.183019,15.6291,0
-3.4968977,12.164563,1
17.095741,1.6859494,0
14.206667,-0.8232196,1
18.029392,0.7531534,0
-1.7849121,4.136031,1
7.341757,4.8892283,1
8.263909,-4.550123,0
1.7509288,16.317085,1
13.440775,14.524661,0
15.5839815,6.675969,0
10.333074,11.854867,0
13.437981,8.006437,0
10.4657345,13.489316,1
10.152442,-3.3076842,0
3.3600976,17.030008,0
12.784609,-6.3934183,1
12.790199,15.697008,1
18.792963,3.8647747,0
12.404784,3.3182065,1
12.202228,15.056909,1
-4.25165,3.5766735,1
-4.5802155,3.9157507,0
18.245575,3.1464865,0
18.265821,3.518147,0
11.63479,6.929388,0
1.7895055,16.289614,1
9.281331,14.00595,1
6.624399,4.252647,1
-3.5683622,13.887142,1
12.915969,-5.036907,1
11.235548,12.418191,1
4.3381586,2.9783423,1
8.345115,-4.4007645,0
10.7776575,-5.880163,0
11.390253,-6.232182,0
10.360711,7.6974635,0
12.373027,2.448174,0
-3.7900152,12.641573,1
2.6824524,16.83639,0
-2.8979537,-0.67016345,1
6.250572,2.5445848,1
-1.8882616,3.8249211,0
12.901564,-4.6676116,1
17.48282,0.9560277,0
10.543781,13.94317,1
17.658169,3.0029407,1
2.4003997,15.651043,1
-3.8561456,12.480634,0
13.475244,-6.100947,1
7.2535176,0.7904013,0
2.3320773,17.621834,1
16.284283,8.700841,0
4.0013795,1.7920722,1
8.319263,-4.5710735,1
-1.8181813,-4.9054723,1
3.4112341,1.5300825,1
5.5599875,11.322695,0
13.659923,4.118846,1
10.962202,1.0695634,1
10.520202,11.417208,1
13.430307,15.674648,0
-1.9175597,8.440334,1
-2.2508826,3.3348207,1
5.222321,3.0236921,0
19.67151,2.7192817,1
18.364735,1.7082924,0
3.351066,16.727148,1
-1.5612488,-3.9174669,1
6.760078,11.999001,1
10.147532,7.427974,0
9.8941145,14.590546,0
10.983028,11.466528,1
11.161821,1.9546232,1
12.400104,15.274401,1
-1.9624686,8.613203,0
16.754658,8.518969,1
13.86315,6.9482374,1
12.1825695,15.309968,0
2.8085907,16.922304,0
3.3972719,0.926126,1
8.468725,9.727659,1
12.405477,-4.702969,0
10.660257,-4.240698,1
14.0483,14.989632,1
-2.9573522,-0.73093027,1
-2.7341914,7.803776,0
5.847022,3.2847812,1
5.890493,0.9223938,1
16.47175,9.2829685,0
2.0512972,17.508453,1
4.4319973,17.083567,0
6.19394,11.9731,0
-3.2426128,13.450422,1
-5.467037,-2.907221,0
15.705004,9.713034,0
-3.7497761,12.381775,1
15.63295,10.003084,0
19.094584,3.7927208,1
10.22188,7.4532537,1
9.623237,11.962357,1
-5.1503615,-2.158388,1
9.288159,10.045252,0
4.1327944,3.533318,1
4.775023,17.286806,0
13.524115,6.7211785,1
8.43951,-4.9047565,0
-3.5153925,13.284665,1
4.8492074,2.3324523,1
3.9364119,16.652262,1
8.743167,-4.4317245,0
7.3968863,5.1922903,1
4.634913,17.150356,0
1.955126,17.408318,1
6.091305,10.887802,0
17.323246,1.7261325,0
12.415407,-5.1461806,0
5.6705103,3.1724336,1
12.222993,-3.473934,0
6.8475866,0.63043606,1
11.402789,-6.07702,0
-3.4856877,12.882012,1
15.932774,8.739429,0
7.040165,12.258197,0
-3.6827104,13.713072,0
16.08957,7.894687,0
10.251304,7.6763988,0
11.001508,12.03803,1
11.916215,-2.8554718,1
12.537392,3.707623,1
13.675548,15.408392,0
13.45588,15.673379,0
1.8438946,15.706812,1
15.801901,7.201707,0
-2.1395862,8.583475,1
-2.180026,3.4158041,1
10.089737,11.610824,1
11.220639,-6.1515336,0
11.9036255,-3.7260718,0
-2.5329647,-0.34418824,1
8.4470005,-4.712361,0
17.764757,3.5827773,1
4.085722,1.6590421,1
15.999867,9.261931,0
11.229886,1.9768327,1
13.900986,-0.07487113,0
13.681006,-0.3159699,1
6.1496153,10.949776,0
18.235203,1.1529049,1
11.975382,2.9845538,1
11.960926,1.5385901,1
12.327549,13.113368,0
9.84478,14.173658,0
16.205124,8.977645,0
-4.080915,3.6993425,1
15.917616,3.5399363,0
15.3922415,9.436022,0
-3.3114722,14.173835,1
4.604456,3.4340916,1
3.4267964,1.5233153,1
2.6304317,15.316386,1
15.527053,3.578478,0
11.074063,-4.9212766,0
17.656689,1.7391967,1
5.9867024,10.756241,0
16.053764,9.752916,0
15.663565,9.335966,1
-2.7077377,-0.27912083,1
3.5450664,0.82789856,0
5.8243117,3.0468671,1
8.528869,4.264395,1
4.1808386,1.7872005,1
-2.8359046,7.7098556,0
15.850757,6.4382644,0
11.152563,-5.006041,0
-3.57251,12.183475,0
-1.8374261,-3.4682107,1
8.56655,4.171746,1
12.148595,6.35467,1
-5.404363,-2.821748,0
15.41114,8.984062,0
11.002581,1.6353691,1
9.884496,14.668318,0
12.4441595,3.1363559,0
-3.7218065,13.71303,1
1.9274355,15.189524,1
-4.444605,3.7266817,1
12.359089,-6.273857,0
4.48138,17.099443,1
-2.7433844,8.190992,0
2.1254973,15.383034,0
13.909836,-0.48826897,0
9.927066,-5.406329,1
4.4632454,17.142893,1
13.796788,14.812088,0
4.6557,2.8954878,1
-2.7172065,13.190563,1
11.093294,-4.051712,0
8.695643,-4.4200644,0
5.8342457,10.79206,0
12.0893755,2.2543015,0
7.67021,4.2725267,0
9.654051,14.549844,0
-1.9543722,8.422713,1
10.207882,7.2126703,0
6.256073,1.3415183,1
18.202637,1.120622,0
18.824335,3.397285,1
10.502058,11.854438,1
6.9528995,4.243672,1
6.365639,0.39273706,1
13.850496,4.026851,1
10.3366165,13.431228,1
18.2163,3.5627751,0
1.912028,16.017454,0
11.9839,3.0236642,1
10.306147,14.493185,0
5.8881135,0.94897085,1
11.809608,12.805191,1
-1.7431446,-3.1294694,0
10.15604,11.564204,0
6.398019,1.2805333,1
4.1484346,1.0116118,1
-5.1373796,-0.906564,1
-1.1825249,-3.2477188,1
16.32113,8.174625,0
9.121959,-5.173985,0
11.674508,1.9554529,1
-2.84501,7.8809724,0
8.685598,-5.0696754,0
-3.6095843,13.724791,1
-5.1358557,-2.4461265,1
6.423849,5.3358274,1
-2.9808412,13.114247,1
6.0982156,2.5335019,1
17.561306,0.8691831,1
18.523169,2.9775672,0
11.342155,-5.0705013,0
6.2523713,3.9379494,1
13.475715,8.067507,0
11.576339,6.9130406,1
3.356897,0.9198425,1
13.867855,15.233102,1
17.681925,0.7172299,0
11.526482,1.9441091,1
7.2187304,0.9386487,0
6.491798,5.01402,1
16.551683,8.215665,0
2.8099785,16.80123,1
5.905932,2.641532,1
1.9750236,17.33094,0
3.435765,17.065472,0
7.3970838,5.250088,1
2.3167799,17.674147,1
-1.3615075,-4.363418,1
18.56401,1.9921143,0
6.504448,0.93302596,0
8.377893,9.915431,0
12.417216,15.272076,0
13.000162,-4.0570536,1
6.8494434,5.105512,1
17.529266,0.8760988,0
11.82617,12.776286,1
12.304943,15.090987,1
15.650235,8.978366,0
10.45658,6.6397524,1
18.220451,1.88841,0
-2.849369,7.6566324,0
10.806338,12.358011,1
8.710954,10.278695,0
3.7516394,0.5886241,1
12.236701,-5.8198323,1
-2.3313813,6.9240217,0
2.6767457,15.972319,1
13.496259,4.134734,0
3.7402399,3.1079197,1
13.894365,15.351695,0
12.144146,-2.2193534,1
8.48715,10.206806,0
-2.178258,8.473313,1
13.470707,-1.1218381,1
17.570045,0.92356545,0
12.433887,-2.667934,1
9.168343,10.041507,1
7.2564206,5.325049,1
-3.208902,13.538872,1
8.061848,4.09794,0
7.1734614,5.51396,0
8.945581,9.454966,0
8.488424,10.130552,0
-3.7338552,12.555857,1
7.5012345,4.6852994,1
8.790235,9.70441,1
19.594263,3.1004117,0
6.3527813,1.0657094,1
13.339473,15.694372,1
15.82146,3.6461446,1
8.130583,3.9216852,0
3.0458858,17.015694,1
-4.775473,-1.8857751,1
16.420156,7.794269,1
-4.65037,3.4792728,0
3.6485786,3.3772378,1
12.966366,14.710946,1
1.5055099,15.9084215,1
2.2406418,15.653599,1
10.815053,-4.8547797,0
14.159079,-1.1400186,0
6.995629,0.5963124,1
11.66768,1.9404613,1
18.0291,1.1865257,0
3.0577004,16.804083,0
10.962517,-5.500119,0
11.04061,-5.092136,1
2.3912544,15.051244,1
19.586313,3.5530353,1
-0.63366306,-3.635797,0
13.860827,-5.087204,1
3.7599363,1.807405,1
11.26331,-6.394459,0
-1.7095984,-4.9125137,0
12.933788,15.437725,0
-1.2698464,-4.287945,1
-3.2498715,13.465941,1
1.9875534,17.32731,0
11.0578575,-3.864797,1
-1.7705113,4.1452866,0
9.263839,9.881468,1
8.305685,9.822736,1
6.0656204,11.353397,0
1.6406901,15.5674,1
-3.9490147,12.423081,0
-2.3799324,8.068732,0
16.613005,9.101415,0
13.599521,7.95644,1
18.801563,3.6383996,0
4.193732,0.6013006,1
13.105468,14.900663,1
13.19354,-4.7316747,0
12.2806225,-2.437431,1
12.229797,2.981319,1
-5.086676,-1.5026978,1
-1.98118,8.5712805,0
9.727586,-5.764035,1
16.22232,8.986776,1
9.7522545,12.117008,0
12.258298,3.0140946,1
-3.5391011,12.300475,1
17.689354,1.7742999,0
-1.5025661,-3.8595462,1
-2.7034872,8.076924,0
7.2444143,5.3716197,1
15.258177,3.4989262,1
9.6710415,14.565356,0
-3.2397995,12.642282,1
-3.6078517,12.816763,1
15.614124,9.967268,0
4.694213,17.195848,0
-1.7538704,-4.956692,1
-1.2898452,-3.745378,1
4.210957,1.7859311,1
14.2899,-1.1157928,0
4.5379844,17.053001,0
1.7770346,16.229816,1
15.720417,9.25117,0
8.785841,-5.102538,1
-3.0024505,-0.7324959,0
12.903497,-6.2750883,0
-4.6061773,3.7591045,0
8.630414,9.470117,1
3.5520117,0.94633317,1
-5.077214,3.919653,0
10.988518,11.705694,0
12.651838,6.002256,1
19.31517,3.8684142,0
11.465975,1.0495143,1
13.871687,-0.15666084,0
-1.8230982,-4.928837,1
12.694138,14.115401,1
17.816399,2.5549278,1
9.446066,10.286613,1
12.685549,-3.3812704,0
-4.608898,3.842018,1
12.382488,13.021064,0
10.689577,-2.8065612,0
1.8241663,15.865854,1
18.717747,1.5530969,1
18.594135,3.9369242,0
-2.7196138,7.6320534,1
10.419162,6.66503,0
13.07614,14.07129,0
13.102063,-3.826321,0
-1.8597753,-3.1362152,1
13.663934,-4.5579195,0
-2.3376064,7.9855657,1
-1.9366411,8.467603,1
-4.5714674,3.92034,1
4.3027883,1.097539,0
18.235374,3.3438156,0
-1.002898,-4.284386,1
-2.3461466,7.0421853,0
-5.250616,-2.5471032,0
12.308854,-4.5111804,0
4.7801185,1.7660153,1
19.119911,2.516999,0
11.833776,-4.2996325,0
12.912659,-4.9844418,0
5.895623,11.377807,1
5.9788623,11.311703,0
6.019329,3.0925474,1
7.164338,5.522856,0
8.980459,-4.256517,0
12.803772,-4.10527,0
16.699846,7.977626,0
11.008485,12.023556,0
15.661392,7.698178,1
-5.126134,-0.83573925,0
13.147353,-4.674575,0
12.897491,-3.0130053,1
12.657361,-2.7975035,0
-5.251227,-2.5318253,1
15.886673,10.049633,0
12.324013,-5.3911386,0
8.54225,-4.1771393,0
9.205118,-3.8483264,0
-3.7478685,12.184194,1
-0.608316,-3.6351197,0
12.752676,-4.1526694,1
11.300064,0.7799535,1
2.2055118,15.507621,0
-1.6139523,3.8935037,0
4.784643,2.2683477,1
8.9107065,-4.1499476,0
15.715332,8.468241,0
6.649844,12.280665,0
15.43612,9.494665,0
12.566036,-2.4494631,1
3.8842175,3.0487163,1
10.20418,7.4264603,0
6.0265193,2.6469572,1
15.730158,7.431471,1
9.5028925,14.476181,0
18.677877,1.4028429,0
-2.8098714,7.893722,0
12.254023,-5.8238597,1
12.308469,13.821681,0
10.74588,-6.068929,0
11.084601,1.9347003,1
13.989747,14.46487,1
9.71394,14.552034,0
10.924818,-4.7621512,0
1.935258,15.281488,1
16.451418,9.024555,0
2.0983617,15.708382,1
10.317488,-2.9510856,0
6.1523237,0.30897734,1
10.878955,1.7521771,0
-1.974565,8.616262,1
15.994083,6.8640547,0
10.790677,11.526652,0
5.962512,1.4801211,0
3.7488835,3.6245542,1
13.544072,-6.09082,1
6.8695617,12.219097,1
4.5816255,16.738806,0
10.066175,13.462314,1
16.150686,9.497927,0
11.39269,-5.6906652,0
4.486266,16.557802,0
3.9259956,1.9114196,1
12.333201,12.998975,1
13.765195,-0.25288862,1
18.898579,2.036801,0
10.301522,11.828157,0
9.454796,10.165083,0
-3.173023,12.67112,1
6.895139,5.272009,0
12.533626,-3.03352,1
18.297655,2.1895084,0
14.063309,4.164774,1
-5.0454497,-1.3492141,1
4.6918216,16.998978,0
15.8551235,6.767023,0
-3.408432,13.997632,0
13.086374,6.65229,1
-2.7197,7.498737,0
5.5202937,10.656981,0
3.8691688,1.8853439,1
-4.814488,3.743744,0
-3.2886906,12.597129,1
-1.7525637,-3.1249504,1
12.83339,15.512928,0
14.042746,4.025243,1
19.327114,3.2095,0
-2.5692995,8.026237,1
12.745884,14.129771,1
-2.2575676,6.9940577,0
13.423186,7.784532,0
3.7372935,2.9734635,1
9.915373,-5.9136696,0
6.651751,12.031235,0
-1.7674336,-4.9584594,1
15.776147,10.101812,0
13.4737215,14.654535,0
2.0338748,15.721049,1
4.170562,0.6029482,1
8.342701,4.3947015,1
5.535517,10.929607,0
6.174999,5.0492883,1
-5.206027,-2.0894747,1
10.576967,-4.421722,0
11.290154,-4.0036507,0
8.104827,4.359764,1
3.767228,1.2515677,1
-2.877176,-0.66537774,0
9.489495,10.316004,1
12.932752,14.849874,0
3.789475,15.976713,0
8.533078,-4.3292727,0
14.071828,14.460366,1
1.8758531,15.296587,1
-4.0968943,3.3034434,0
13.155937,4.0843916,1
10.12391,-4.02966,0
13.849232,14.425435,1
-2.7051098,13.238662,1
3.1783867,0.9215681,1
-4.5948167,3.7957907,0
7.220512,0.7894581,0
4.1105094,3.7523797,1
-5.2018538,-2.1119928,1
5.6142488,1.2721252,0
11.3483305,-6.5372853,1
-3.7280881,13.942355,1
-2.8732395,7.8739967,0
12.501282,-6.15829,0
10.276645,13.520355,0
2.8221788,16.43859,0
15.916084,7.243338,1
11.7099085,6.787009,0
5.498533,3.4296288,1
12.16063,-6.482749,0
2.2606227,15.546375,1
13.651065,15.452134,1
3.892937,16.045149,1
17.479761,0.97261935,0
8.771216,-5.06846,0
11.860468,6.3747253,0
4.1962967,16.920755,0
6.8511405,0.89294255,0
13.823924,-4.5558777,1
9.744411,14.36727,1
-3.7369716,13.972572,0
10.181362,-5.0849414,0
5.596199,2.9296808,1
18.480139,3.7851112,1
5.926236,3.0157077,1
3.8654578,3.0510309,1
17.864662,3.0281537,1
18.122023,1.7635474,1
13.258838,6.6563735,0
9.516528,10.09607,1
13.964056,-5.703758,1
16.000551,9.304718,0
15.270996,3.5265884,1
8.841386,-4.28803,1
15.888724,9.713962,0
11.741725,-5.617925,0
-5.2365227,-2.5588007,0
12.565495,-2.4098837,0
19.235918,3.2001843,0
18.76685,1.8881453,0
19.225119,3.165346,0
10.938795,0.9013201,1
-4.931172,-1.5352863,1
19.118261,3.1810708,1
8.495512,9.79996,1
16.10044,8.814586,0
2.3517375,15.63216,1
13.90572,-0.12867455,0
18.9539,1.9664627,1
11.864892,-3.470414,1
12.561346,14.028095,1
-1.7366238,-4.0684557,0
-1.7704202,-4.828222,0
13.554341,4.1890078,1
7.110644,5.43961,1
11.442874,-5.820365,0
1.5855806,15.365146,1
8.530605,-4.387375,1
3.6526396,0.6639275,1
15.852291,3.8201892,0
3.024186,1.0740296,0
-2.9594667,-0.7263037,1
10.151709,14.081766,0
13.563494,-5.744693,0
9.80559,-3.431968,0
10.184638,7.2861247,0
11.858826,6.34804,1
14.09138,-0.3701172,0
-0.70967174,-3.8732355,0
12.269073,-5.455184,0
10.63779,-6.3172793,0
-3.601554,12.776229,1
10.821067,-2.6375468,0
-3.5407612,12.820741,1
10.380057,6.8248115,0
-2.6608863,8.0299425,1
8.383951,-4.708561,0
12.441628,3.7072482,1
-1.2474585,-3.3201048,1
17.862135,3.767018,1
13.336822,-4.387912,1
12.493133,2.8780398,1
6.469584,0.8680715,1
13.079168,6.4930625,1
13.711238,6.9878016,1
15.96015,9.856453,0
12.842327,13.993593,0
10.505562,14.399232,1
18.112717,1.6230838,1
-1.8697219,3.6381938,1
13.445541,-6.083241,0
6.4316154,4.912224,1
8.369249,10.028916,0
14.217665,14.492819,1
-2.3665648,3.7441475,1
13.617372,-4.335925,1
-2.8399715,8.315189,0
15.397609,9.641821,0
5.995834,11.375633,1
10.508695,11.966119,1
-1.8965635,3.61225,1
-5.1919355,-2.5551395,0
19.065943,3.9558046,0
-4.4328094,3.508353,1
10.295069,7.070982,0
-2.0912256,4.031008,0
18.06943,2.5456386,1
-5.4564137,-2.8512862,0
6.078099,2.7218807,1
15.666528,9.682341,0
12.1418,15.284467,0
15.068341,7.6779547,1
-5.1632843,-0.90578437,1
8.197709,4.119763,1
3.7066803,0.6269165,1
14.003191,14.713275,1
4.2887564,16.802465,1
5.6395764,2.919314,1
7.2815275,0.78879905,0
12.231525,13.531407,1
17.717781,1.1053228,0
9.265737,13.9835,0
3.4706635,1.4979515,1
3.4701464,0.80413955,1
11.381763,-5.547011,0
16.533358,9.32433,0
13.872566,-0.48281014,1
-1.1456409,-4.4912333,0
16.703423,8.496404,1
12.378334,-6.138035,0
18.98921,2.2578838,0
7.0113816,0.7998607,0
10.345906,7.5728416,0
3.9344819,0.49037296,1
13.742888,14.936691,1
9.091033,-4.9048553,0
15.760674,6.5488863,0
3.371755,16.861963,1
10.956842,-6.2040253,1
19.167583,3.0091028,0
-4.336633,3.4303966,0
3.5439072,1.4323492,1
-5.3102016,-2.6641605,0
11.655674,6.8528433,0
10.370123,13.787501,0
18.8897,1.619649,0
-2.3196962,6.970526,0
15.933606,10.07143,0
8.30029,-4.6197357,1
3.1262815,1.0969393,1
17.1489,1.6167444,1
13.586431,14.189371,1
10.98198,11.545885,0
6.7748632,4.9692497,1
-1.871232,-3.133779,1
12.996092,15.35959,0
-2.6746676,13.202231,1
10.786896,11.494824,1
5.732192,11.51049,0
11.9739485,-3.0436459,0
-0.96338266,-4.2616134,1
-5.324061,-2.6919632,0
17.588963,0.92128366,0
7.1541595,5.539934,1
12.347441,15.426853,0
13.629144,-0.5355286,0
11.087074,11.736917,0
6.5728555,12.323726,0
10.482544,-4.306303,1
11.083373,-5.130436,0
12.726886,4.3009276,1
12.307313,-6.167159,0
13.94009,15.324435,0
15.872986,6.5976114,0
7.0952306,0.7288867,0
-4.676511,3.5127645,1
12.512238,3.575385,1
-4.0819345,12.1463585,1
3.0691595,0.99827987,1
13.273586,14.797079,0
8.9740925,9.477801,1
12.863289,15.465094,0
9.396393,9.918533,1
6.243507,2.6443043,1
9.261016,10.114114,1
10.546084,14.331373,1
13.420788,-4.7307262,0
3.7222998,0.51490724,1
15.600404,7.9211698,0
11.730791,1.8920456,1
-5.1338325,-1.1412934,1
13.28178,7.807235,1
2.909891,16.14859,1
-1.9672472,7.650238,1
13.965458,14.540714,0
4.6944423,2.823597,1
11.115518,2.3823605,1
4.482432,1.0288333,1
2.2280385,17.70205,0
6.571593,4.116044,0
11.550142,-3.9979353,0
-1.6103232,3.9122436,0
12.492971,-5.624434,0
-1.8336439,-3.8032756,1
9.887878,13.458627,0
10.425432,14.390264,0
-3.7495043,13.730036,1
-1.8023201,7.9102793,1
14.065534,14.651731,1
9.246668,-4.7640715,0
15.418989,3.44613,0
12.712017,-2.8257358,1
10.189098,11.592529,0
2.8830147,16.491535,0
13.338004,15.525903,0
9.634828,14.298209,0
18.732582,3.0565736,0
15.875891,9.601351,0
12.513386,-3.9705825,0
-2.7055178,8.339771,1
9.872883,-4.8266406,0
13.50986,7.3940883,0
5.624919,11.2895975,0
-2.1136036,8.5921955,1
4.6355014,0.9190512,0
16.60139,8.19016,0
-1.6459581,-3.013357,1
4.76516,16.91448,0
-2.7769215,-0.31657687,1
4.752668,16.920658,0
-4.615784,3.9377136,0
-1.3294355,-3.9702137,1
9.338906,9.976039,0
15.327426,3.5195627,1
7.065171,5.508964,1
-4.2817197,3.6920948,1
12.212647,6.2694564,1
-2.9071877,8.218943,0
15.620669,3.7054207,0
-1.9523423,3.5778282,0
19.563978,2.163698,0
13.118319,-3.7457635,1
12.233945,-4.5182242,0
13.377389,7.3665385,0
5.5537834,1.4058495,1
2.8533227,16.71827,0
2.30419,15.854088,1
15.21,3.4878964,0
10.964058,1.0234902,1
12.278385,-6.404462,0
-2.8123243,8.311437,0
6.8653083,0.5315512,0
-2.9029644,7.427571,0
-4.0622334,12.322143,1
10.562248,6.704755,1
8.704963,9.213851,0
12.148398,13.595526,1
13.391893,7.65212,1
18.332878,1.4328326,0
-3.5560124,12.601491,0
12.286649,3.4950564,0
17.80983,2.605025,0
9.954286,-5.4169364,0
3.9223175,0.48194575,0
11.604009,-4.162304,1
11.603634,6.745292,0
6.5017653,0.66320217,1
-0.8783769,-3.5249045,1
14.553311,3.7166939,1
1.9981676,15.350507,0
1.9551356,15.346904,1
16.518854,7.8942175,0
-1.4613984,-3.5704083,1
2.0911298,17.45807,1
14.293889,-1.0126306,0
-2.7398543,-0.55517197,1
18.273846,2.6886885,1
3.5482745,0.59712726,0
15.809781,10.0765705,0
14.302953,-1.0613377,1
13.618702,4.052284,1
-4.783315,3.8317964,0
17.7547,3.642796,1
4.4008684,17.168945,1
10.236716,11.540891,1
11.680357,1.2963474,1
13.226948,14.5625515,1
12.231462,-3.525672,0
-4.315741,12.285403,1
9.08507,9.528548,1
-1.7925949,7.7904906,0
16.215216,3.438336,1
-1.7311797,-4.9175653,0
-4.9519715,-2.1452117,1
-3.0889122,12.695267,1
-1.6639162,-4.0844073,0
9.320517,-3.731666,0
11.050853,12.310693,1
-2.6894314,-0.40835994,0
6.6114054,12.305194,0
18.860077,2.0742283,0
13.91893,14.529372,0
6.244709,5.086036,1
-1.9448626,8.4259,1
9.572488,11.967644,0
4.4616385,1.3582593,1
6.901663,12.214919,1
15.843357,9.980557,0
15.721882,3.599782,0
11.921289,-4.4279375,0
13.601354,7.032904,0
10.92532,-3.547299,0
-1.4110456,-3.6790884,1
13.622276,15.489122,0
-3.8155403,12.652677,1
5.720274,10.780979,0
12.925094,4.1267586,1
13.708444,-4.725257,1
11.844684,-2.617508,0
6.2011223,0.5891219,0
10.443601,-4.320366,0
11.053993,-6.3346105,0
-2.5440905,3.9172485,1
-1.1583451,-3.1212826,1
-3.8754525,12.472366,1
12.893301,-5.276728,0
8.874927,9.52268,1
4.361409,17.130144,1
7.473236,5.1329527,1
11.6919,1.1756626,1
-3.9149296,12.736915,1
3.839077,1.6064453,1
11.329598,-4.0172744,0
2.77956,16.013885,0
12.015051,2.7221496,1
8.420863,-4.705738,0
5.5641937,3.308269,1
12.499804,-6.4652877,1
13.489369,7.5678825,1
10.198211,7.575923,0
10.464278,-5.7025623,0
6.05495,10.897629,0
-1.872879,8.460816,1
12.283127,14.439288,0
12.843931,-5.7039495,1
2.6132956,15.0983095,0
11.899037,-3.2392352,1
8.8365135,-5.242165,0
5.888642,11.347536,0
16.489977,9.25632,0
-5.1872244,-2.5573604,0
6.2797995,0.93950945,0
13.372433,14.735566,1
7.075275,5.539947,1
6.3515215,5.338033,0
10.348309,-4.4597445,1
7.113431,12.278518,1
11.123619,0.7315367,1
16.137638,9.261227,0
15.793572,6.7762194,0
11.836741,6.3421254,0
10.565701,11.440742,1
9.850437,-4.7127304,1
6.796012,11.994502,0
15.6288595,3.665475,1
11.931272,-3.3436916,0
6.024715,0.470321,1
11.79113,1.1531156,0
11.019772,0.85211855,1
13.646743,15.41925,0
-3.5087814,14.125524,1
13.664455,7.243382,0
4.3417587,3.601668,1
4.119291,0.62660927,1
11.134977,1.0237463,0
10.943984,12.069471,0
10.24919,-2.9394102,0
10.275507,11.642784,0
10.635944,11.409699,0
8.420282,9.703218,1
11.511749,13.45369,1
4.0680556,3.286169,1
8.350335,9.892824,1
-2.8440802,7.47084,0
9.727824,14.715352,0
16.190683,9.743519,0
3.787922,3.594361,1
-3.1141746,12.300826,1
12.525083,3.623354,1
6.6454954,4.7959538,1
6.140387,3.031286,1
7.5762205,4.3495746,1
15.985108,6.696044,0
-4.0140796,12.505906,1
5.895684,2.7509792,0
12.256707,-6.0105996,0
8.433713,9.705501,1
4.0766377,3.5443714,1
11.211624,-6.162328,0
7.2187686,5.425352,1
8.455791,4.3330708,1
17.69915,0.6935782,0
13.470688,15.156956,1
-4.9550886,-1.4955177,1
12.493654,15.786233,0
19.19095,2.2012315,1
9.985224,14.504331,0
-5.378969,-0.59390205,1
13.55551,-6.0794306,1
18.590786,3.0520656,1
10.151181,14.0781555,0
2.5290482,16.84555,1
15.877133,7.0492706,1
11.062338,-4.5610623,1
17.601475,2.3942366,0
4.784303,2.788937,1
12.149842,13.320566,1
-1.9891167,8.60586,1
13.87045,14.584097,0
6.995438,0.7989919,0
10.540461,6.639848,1
11.732259,1.2803884,0
6.575988,3.9690464,1
14.291681,-1.0808299,0
18.715284,1.7210145,1
8.97901,-5.1136556,0
7.81372,4.1242466,1
13.343665,14.91483,0
4.3753495,1.9999657,1
9.808446,14.707767,0
10.437051,6.6554174,0
19.256744,2.9297624,1
15.298415,9.091509,0
17.755991,3.682916,1
8.3985195,9.730987,1
9.825422,11.963497,1
10.278921,11.746714,1
4.465324,17.154173,1
3.3156898,16.664005,1
-3.1722426,12.348335,1
15.665274,9.987951,0
15.737042,9.149615,0
13.145297,15.527856,0
-2.7103705,-0.5144422,1
15.7523365,8.821628,1
11.885356,6.3323503,0
17.74916,1.1423482,1
11.567094,0.81590676,0
13.139813,-4.4633665,0
10.766381,-4.0554833,0
10.592891,6.652123,0
8.42786,-4.6361284,0
8.437239,4.276074,0
3.216561,1.2273444,1
4.1765223,3.6607797,0
12.421071,-2.5594766,0
6.3023405,11.2306795,0
9.994282,13.572709,1
14.104068,14.720349,1
16.001749,7.1691313,0
4.917635,2.3151603,1
16.16066,9.218415,0
10.1391535,11.59657,0
13.784453,14.77903,0
-2.3609443,8.165042,1
-2.2305725,3.405283,1
11.464314,0.9197817,1
6.0726213,2.5641572,1
11.208242,-6.3917127,0
-1.781691,-4.9342437,0
17.770662,1.1313397,0
10.498153,-2.899735,1
8.317863,-4.5756516,1
10.385544,14.431838,0
11.239264,0.72213095,0
-3.3243961,12.98824,0
13.735549,14.215146,1
5.9973893,0.9313196,1
3.6486897,0.6827753,1
10.976896,12.092716,0
5.871736,10.806177,1
18.276878,3.6416345,1
19.310753,2.3165607,1
-1.9172492,3.5915956,0
-5.1852016,-0.75068516,1
11.886269,-6.4271526,0
6.116634,0.79391056,1
6.3367343,5.3199954,1
2.119794,15.394303,1
-4.2535086,3.580776,1
9.177148,-5.6126447,0
6.0808754,2.5364413,1
-5.264425,-2.6051252,0
12.945877,15.508681,0
6.154047,0.50529575,1
15.756576,8.540442,0
19.173721,3.993774,0
3.3410072,15.921824,1
-1.0757284,-4.5737658,0
9.1975565,9.977106,1
8.996866,9.412381,1
9.77648,14.18638,1
18.753696,1.6833415,1
8.545605,-4.329181,0
10.74413,-5.3470206,1
17.947752,2.975372,0
11.003518,1.3911263,0
2.45535,17.262154,0
15.881899,7.029434,0
4.7919283,17.335249,0
12.928344,-2.7935114,1
13.792828,-0.42168832,0
-2.790868,8.10661,0
8.77892,9.557267,1
-1.3438865,-3.7196126,1
-4.243498,12.31336,1
3.9563122,3.5337405,1
6.044626,10.77951,0
-3.790996,12.55835,1
11.320506,-3.3407812,0
4.0670543,1.3674242,1
-4.9879103,3.9109204,0
16.234312,9.203708,0
19.258148,2.4089584,0
3.6926563,3.3453672,1
4.641132,1.0540059,1
19.62853,2.6958477,0
-4.8199654,3.9014397,0
13.038068,-5.856951,0
9.638933,-5.390566,0
14.053991,4.0219874,1
2.4448097,15.807054,0
8.488153,10.18372,1
15.397474,8.024373,0
17.825428,1.1511545,0
-1.7118928,3.9719303,1
18.871763,2.968657,1
11.130998,-4.7771072,0
10.458031,11.46839,1
13.470034,7.363565,1
-1.0803987,-4.5770183,1
6.252861,0.23529263,0
10.181399,13.988329,0
-3.5050087,13.593338,1
-2.661757,8.224063,0
12.320435,3.398572,1
-3.1322162,12.421974,1
6.0821476,2.8223894,1
-4.176064,12.497253,1
3.3953846,17.22948,0
10.808159,1.0226325,1
11.403786,-6.4644775,0
-0.7046247,-3.6656365,1
3.7173867,3.3834722,1
12.844283,15.477914,0
12.370988,15.2839365,0
9.238048,-3.780134,0
17.937176,0.743657,0
3.5806925,1.5104136,1
-2.1296563,7.239972,0
6.906422,5.4285064,1
15.292183,7.7413936,0
15.91608,3.6148496,1
1.603329,15.405246,1
6.5344453,3.9574876,1
13.8813095,-5.111959,0
18.520622,2.1197288,1
-2.7597399,13.139731,1
17.573618,2.0139697,1
9.562648,11.049909,0
4.944122,2.3301125,1
6.285973,5.0540757,1
17.612318,1.0346353,0
10.013727,-5.481538,0
10.429283,6.665256,1
4.6386814,1.4459083,1
-1.3236941,-3.9690986,0
12.185793,15.172691,1
18.332369,2.7841096,1
13.866408,-0.767506,0
11.058218,0.7697571,0
6.0832763,0.5211177,0
10.515375,6.6287804,1
12.834411,14.975317,0
10.516554,-5.3321614,0
18.329517,3.0642848,1
9.154458,-5.0640683,0
17.955606,0.8292367,1
3.5494628,1.2038604,0
12.191521,-5.8406553,0
18.312181,2.9488554,0
11.2121105,-6.509553,1
9.071546,-4.185386,0
-1.7825433,-3.1363797,1
-1.9644885,8.515788,1
11.511466,-3.4311695,0
13.532381,4.1867375,0
11.877338,-4.984618,1
3.2845342,15.844137,1
11.799647,-6.4606996,1
12.179434,-3.5518508,0
11.008443,11.691217,1
10.855714,12.151084,0
13.496113,-1.034045,1
10.94194,1.9942188,1
-2.1483514,8.125891,1
12.131574,15.292656,0
11.127474,1.2576009,1
8.523755,9.292901,0
11.432429,-6.2836375,1
13.985716,-5.3062787,0
11.020705,-4.6115155,0
12.216376,-3.5342581,0
14.213195,14.688959,1
-5.3910174,-2.7176888,0
8.509128,-4.3526654,0
2.7093384,16.415194,1
16.679535,8.069566,1
11.062934,-6.543319,0
10.68991,-6.1131682,0
12.200604,-5.9035926,1
7.387915,5.276979,1
10.46046,7.257265,1
-2.0699875,4.0310373,1
18.021875,3.5130162,1
12.808948,-4.4794016,1
13.401922,7.717073,0
-4.17419,3.268032,0
18.59172,2.3723552,0
10.39934,11.475655,0
15.90642,7.2691717,0
19.15443,3.991865,0
8.53322,-4.325766,0
13.803908,-0.42776015,0
16.555595,9.189427,0
10.458977,6.7872562,1
6.5991583,12.311048,0
8.681056,9.454316,1
10.541288,11.402977,1
2.6835887,15.979723,0
17.62263,2.8724635,1
11.375153,6.6852045,0
5.56661,10.720651,0
10.410141,-4.5471435,0
14.081513,-0.53869104,0
-3.5388582,12.958604,1
3.9782124,3.5698698,0
10.245818,-4.736349,0
3.8574605,3.28088,0
10.828864,0.9336654,1
10.232347,6.978464,0
11.158664,-3.3880448,0
9.642933,14.589773,0
-0.65061295,-3.6334295,1
11.137531,1.6144058,0
3.471512,0.80088305,1
-2.6880033,8.050241,0
-2.9980848,13.817501,0
16.127161,9.708413,0
13.953259,-0.20298013,0
3.4779346,15.919999,1
9.193266,-3.7022347,1
8.48807,-4.362204,0
-3.557336,13.285481,0
7.1965775,12.295003,0
13.73087,15.555793,0
11.823187,-4.6673455,0
13.483328,15.646288,0
-4.438462,3.6945848,0
10.954042,-4.667649,0
8.261723,4.330674,0
3.5630455,0.5836879,0
13.671954,14.386017,1
-4.3047767,3.4476278,1
12.8312235,-5.389723,0
7.3162165,4.561418,1
8.596639,-5.1046743,0
9.406486,-5.144045,1
4.0697,3.203908,1
-3.5558815,14.045253,1
10.720454,-5.432884,1
5.9813566,10.75501,0
14.003224,6.940034,1
5.6814594,2.859571,1
7.942325,4.1076956,0
11.82165,-5.393628,0
-5.1189947,-0.9492338,0
13.504839,-6.1030183,0
17.92292,0.7995318,0
6.607784,4.923964,0
5.534125,10.677691,0
5.881459,10.713045,0
10.860297,11.635236,0
8.862088,-5.2250338,0
15.182138,8.078497,0
3.676571,0.97585595,1
2.720679,16.01202,1
10.3632765,-4.434118,0
8.423009,10.239767,1
16.3354,8.139274,1
13.332438,7.122475,0
15.880915,9.892406,0
17.68517,3.638247,1
6.152727,0.29545215,1
4.631494,2.2269347,1
18.335854,3.0906444,1
-4.6523976,3.7770107,1
11.160194,12.292168,0
14.091368,-0.33461422,0
19.122677,3.2685294,1
19.664135,2.7743094,1
-3.6675844,12.7441025,0
-4.908002,-2.0427637,1
6.5313835,0.87976867,0
15.231115,8.353127,0
16.339916,8.910459,0
12.4966955,3.9846344,1
13.430303,-5.382942,0
12.942695,-5.5270696,0
18.561375,2.4121552,0
-1.8163579,7.8643327,1
13.139697,-3.7943769,0
-2.1101584,7.2099986,0
-1.1352521,-3.2590353,1
-3.504957,13.484598,1
8.584512,-4.2900567,0
2.1899753,16.699127,1
2.5142171,15.047392,1
2.2408717,15.681461,1
-5.1880693,-2.5282876,0
17.076515,1.7047296,0
-1.7110505,3.7957432,0
-2.1697464,7.307435,0
15.712067,7.3349285,0
2.6543064,15.5503435,1
5.5983367,3.1266096,1
4.5788245,17.181517,0
-4.1217513,3.8971355,1
17.725985,3.687885,1
8.147975,4.103331,1
11.986874,1.5056307,1
16.22839,8.26261,0
12.876311,-5.168644,0
12.877165,-3.9034014,1
15.744757,8.855076,1
-1.9141177,8.421259,1
4.6771026,1.2545954,1
-2.8852923,7.675814,0
9.749229,-6.0490155,0
2.3474355,17.60981,0
6.2344136,0.62215585,1
8.983436,-4.4976506,0
-4.9591727,-2.0659292,0
-3.0650115,13.639087,1
2.1818771,15.821648,0
-2.5928612,-0.4277676,1
2.85549,16.517082,0
5.66513,11.278827,0
1.8684827,15.66702,1
3.0533724,17.058998,0
11.684753,1.2424173,0
11.892387,-3.4558992,0
2.8891065,16.937326,0
-1.9262693,8.510989,0
4.789356,17.26901,0
-4.259724,12.244727,1
13.4911995,14.633265,0
9.629699,14.530625,0
15.753273,7.353466,0
12.276529,-6.167197,0
4.6347203,0.9050768,0
-2.7400723,-0.54140234,1
10.762385,-5.7658362,0
-2.1516266,3.7119036,0
12.222972,-3.6784554,0
12.921575,15.535404,1
7.1061363,5.470409,1
-3.621337,12.816198,1
9.062962,-3.8912876,1
12.39858,-5.4559393,1
10.220656,11.479753,1
17.609686,1.0408219,0
5.7550898,3.008565,1
10.21247,7.3863554,0
5.784822,3.3069074,0
12.27744,-2.2889273,0
11.745387,6.7142186,0
5.621957,1.2438325,1
10.540146,-4.6327906,0
5.6247993,1.3231308,0
19.661615,3.3798835,0
17.566689,1.9284227,1
13.027922,-3.6439946,0
-1.8559742,7.793243,1
9.262058,13.925361,0
7.222449,0.72676533,0
16.571905,7.8590355,1
-1.8492193,3.8312314,0
-3.2808566,12.480393,1
-1.5927407,3.8914137,0
10.802938,-5.997278,0
12.411184,-5.3404503,1
4.666666,3.3263304,1
13.17465,-3.991794,0
13.729406,-5.2862735,1
18.295292,1.8491418,0
9.718138,14.26003,0
9.539943,10.477821,1
13.525207,4.1240764,1
18.631912,1.3706149,1
18.471329,2.7622292,1
-5.227507,-2.1135557,1
12.632768,14.321881,1
6.157462,0.92405975,0
3.3644145,16.795944,0
13.911641,-0.100855,0
18.787899,2.2163372,0
1.7057042,15.14668,1
16.52213,7.8659744,0
12.161811,-2.0025504,1
8.992136,-5.1187553,1
10.7736225,-6.038619,1
13.307938,7.788465,0
10.870455,0.9791795,1
17.82811,2.6439204,1
3.377055,16.68592,0
3.9084725,0.7804818,1
-2.4512537,8.4718075,1
6.5947394,4.935433,1
-5.207561,-2.0984917,1
8.634458,9.450854,1
1.9387484,15.219721,1
13.692251,-5.654744,0
10.272219,14.508064,1
18.304417,1.5414494,0
10.378743,-4.8525286,0
5.920003,0.56865555,1
16.647339,7.951079,0
-3.1703491,13.889172,1
3.7202306,3.0779114,1
13.371309,7.1835666,0
9.429793,14.190397,0
19.61139,3.063354,0
9.713791,14.560463,0
9.101633,-4.59593,0
-2.8763447,8.226221,1
10.985373,13.737853,1
-1.8295116,-4.0377293,1
5.9610195,0.5234507,0
12.6159115,3.897157,1
16.45836,8.735419,0
16.06273,6.9894967,0
12.552778,3.6930628,1
12.688654,-3.3721757,1
-4.879464,-2.0431507,0
13.0249405,14.364295,0
7.0547523,12.140645,0
19.586653,3.3452604,0
4.578258,17.160257,0
13.937347,-0.14227675,0
3.6808534,3.3598058,1
13.090948,6.4855313,0
17.680885,1.9005278,1
-3.422442,12.125629,1
17.949594,2.446556,0
18.635473,3.8048131,0
11.156817,-3.943681,0
13.531885,-5.9388585,1
10.986904,12.259323,0
11.088482,12.270584,0
2.3024592,17.761053,0
15.217872,7.611599,0
9.398808,9.935493,1
-4.936738,-1.5038165,0
-3.32718,12.74778,1
4.469417,1.6959674,1
6.401328,11.305595,1
3.4605098,17.165478,0
-1.9383544,3.5831573,1
12.298323,-6.4937677,0
11.996305,12.944768,0
-3.5099359,12.891942,1
19.414045,2.1204958,0
-1.7278693,3.82589,1
3.6643014,1.684244,0
12.226073,15.031703,0
10.320173,6.961875,1
-3.7614372,13.972454,1
19.203568,4.0198936,0
3.3327193,16.599699,1
-1.3853918,-3.9301696,1
6.0783753,5.2130117,1
8.360808,-4.6342664,0
15.489535,7.0176864,0
-0.8838379,-4.2517767,0
18.667055,2.28248,0
11.124365,2.046131,0
3.762893,1.6840454,0
6.259312,2.3499215,0
2.0655212,15.31688,1
11.927039,-2.309152,1
-3.6079504,12.867302,1
4.657862,0.8458619,1
3.4455428,17.178305,1
5.71896,3.396574,1
13.136762,-6.0295134,1
4.22974,1.6179618,1
6.7870083,12.1363125,1
-1.181947,-4.2515182,1
9.2337265,9.831773,0
10.396735,6.9596047,0
6.2138104,0.2528596,1
8.489212,4.354738,0
11.209581,-4.2273855,0
13.449164,7.7165594,0
2.8089721,15.281466,0
2.5038583,15.057297,1
13.012344,6.630758,1
5.5561056,10.708873,0
8.298811,4.3800488,0
3.1294436,16.73342,1
10.160129,11.8581,0
1.6046176,15.541814,1
-5.3215218,-0.71115696,0
11.453993,0.69866014,1
8.563173,9.771211,1
11.333558,1.543554,0
9.5210495,11.923207,0
-1.478896,-3.2300406,1
7.0793257,5.043004,1
13.758128,-5.0647583,1
5.994821,3.464978,1
-4.645447,3.7366107,0
-1.7591393,4.1748176,1
2.9035308,16.101288,1
4.0791206,1.7781444,0
-5.074042,-2.4166782,1
13.984792,-5.712719,1
13.907908,-0.09373451,0
16.550287,8.5886345,1
-2.654878,7.8285446,1
8.438913,10.242996,0
2.6991527,15.23395,1
5.742582,3.6759477,0
-3.5471246,13.653499,1
5.9654746,10.7613945,1
13.765751,-5.5596547,1
12.543229,3.5999093,1
-2.2635381,3.4435198,1
15.507682,8.927134,0
-1.6920793,4.0983214,0
12.453784,3.18533,1
12.50093,3.9139884,0
9.857777,11.85222,1
4.6302614,16.82652,0
15.748156,8.8096,1
17.590376,0.92715657,0
6.897178,1.0153117,0
4.134579,0.6011614,0
14.151736,-0.5529923,1
13.367259,14.230136,1
13.283606,-6.3181825,1
19.014887,3.8270967,0
13.019823,-5.7658296,0
13.048042,6.616755,1
14.044563,4.0203366,1
4.0873294,0.8919779,0
10.785839,6.61661,1
-1.9400846,8.462876,1
6.329157,5.3083763,1
5.8563404,0.8662654,0
-2.1223183,7.209441,1
8.825283,-5.1581903,0
13.3885975,7.8921084,1
16.040556,9.970487,1
-5.1548247,-1.9468364,1
3.166184,1.1779758,1
11.00032,-4.6238084,0
10.244253,7.6414785,0
13.819176,6.9723372,1
4.146668,0.7068929,1
9.3571005,14.063123,0
-1.7640187,-3.8261273,1
2.3146586,17.65443,1
15.879018,3.7635133,0
-1.9379816,7.673183,0
4.0514774,3.4428556,1
11.85829,6.3545094,0
8.745825,9.578661,1
-2.9366415,13.188948,1
8.750573,9.439221,1
-1.9881458,7.8014483,1
13.847695,7.026816,0
10.716796,11.636077,0
12.259564,-6.5061035,0
6.995055,12.158971,0
10.056513,14.545407,0
18.213045,3.0557806,1
16.185583,9.667186,1
10.90967,12.147775,1
8.766413,9.570169,1
12.360138,12.958417,0
18.44296,2.3285503,0
5.619925,3.6256866,1
12.583653,15.587664,0
18.34318,1.470676,0
9.904292,-3.1374052,0
1.8612983,15.60303,1
12.823313,14.452605,0
12.025654,3.295548,1
13.840551,-5.0876756,1
-5.1603312,-2.484007,0
-0.6228847,-3.5184796,1
8.475669,4.3874993,1
10.194544,-5.109048,1
17.980255,2.577577,0
13.382602,15.6732235,0
10.668276,-6.308381,1
-4.1687217,12.264101,1
16.574251,7.940353,0
8.922498,-5.3643575,0
9.045899,9.453182,1
-2.8768475,7.452817,0
13.094288,14.701716,0
8.295404,-4.5258183,0
12.7889185,-4.002511,1
11.400702,-3.9375048,1
-4.528579,3.4690967,1
5.2365913,2.7882652,1
10.934348,-5.1359653,0
3.3254504,16.679186,0
19.031403,3.8386219,1
11.972428,12.792035,1
-2.1787388,3.3638577,1
18.571388,2.2597346,0
5.0695143,2.9971714,1
12.727185,4.350521,1
18.648836,2.2930477,1
-3.6579988,12.899867,1
13.735207,-1.0635343,0
13.015219,-5.3703613,0
2.0584776,17.07748,1
-5.3466325,-0.6509918,0
-5.1646633,-2.046865,1
15.80779,6.840328,0
11.623866,1.1606003,0
12.875685,-6.2812624,0
12.142565,-3.5917423,0
10.41672,6.676786,0
11.230193,2.5396876,1
6.34362,12.134522,0
19.283972,3.930096,1
4.02065,0.99286616,1
-3.73526,12.178196,1
6.328856,12.092758,0
10.779284,-5.9579983,1
-4.2093945,3.6090434,0
15.778246,3.5012574,1
19.323298,2.4572716,1
12.435635,12.959657,0
15.327192,7.6936064,0
7.9314313,4.383936,0
5.6265407,11.449038,0
6.9198766,0.9245801,0
15.63113,6.8423185,1
6.2768574,3.9691467,1
13.436053,7.9564037,1
-1.069122,-4.5985365,1
9.069556,9.533378,1
7.393861,5.1515,1
-1.462939,-2.9924934,1
5.85122,1.0213319,0
10.772896,-5.451657,1
-1.7814431,-3.7467854,1
13.767734,-5.2050533,1
1.8318279,15.12957,1
16.721336,8.112831,0
9.554306,10.430725,1
15.746883,10.098105,0
12.331648,3.0118537,1
-2.2098243,7.065922,0
8.402796,9.727035,1
13.5442915,-5.3794785,0
15.932304,9.121452,0
-5.3858128,-0.5776879,0
-4.956466,-1.4587051,0
9.367747,10.49124,1
-4.0771685,12.259062,1
13.601066,14.152529,1
3.387433,15.945325,1
-2.3449795,6.9297013,0
9.546567,10.545872,1
11.12754,-6.330481,0
-2.1851912,7.500427,0
3.7514691,16.010735,0
12.201894,-6.0466795,1
8.70326,-4.022314,0
15.827544,6.4443808,0
-3.1506474,12.331934,1
4.5091124,1.6048409,1
1.556057,15.823072,1
6.4357977,4.968855,1
12.457899,12.943253,1
9.093786,-3.8193135,0
6.229996,0.69082147,0
8.844965,-5.273446,0
12.33282,-2.2277365,1
5.671081,2.6993272,0
9.504143,14.355926,0
-5.0363894,3.9071486,1
1.9464065,16.210527,1
12.889983,-4.3903813,1
6.489834,0.9186694,0
13.996754,4.081626,1
8.742855,-5.0658326,0
10.09115,14.594113,0
7.41442,4.537784,1
4.750035,16.918497,0
13.736881,-0.19579269,0
3.1551733,16.15923,1
12.390298,15.567572,0
11.0817995,-2.4901145,1
5.0418463,2.2923236,1
13.347614,-4.2609067,1
-2.6147132,-0.43624708,0
18.689627,3.844931,0
-1.8736894,7.849462,1
12.237,-3.6908758,0
11.355769,-5.6088977,0
-2.7527447,7.927646,0
11.731408,6.676978,0
-3.3545191,12.243388,1
15.4075165,7.886334,0
13.204438,-3.9970357,1
-1.7767562,-3.553716,1
-3.1799572,14.023224,1
15.5589285,8.224087,1
12.691483,14.1352,0
5.336357,3.4448497,1
13.502588,-1.0663061,0
-2.8449254,7.667088,1
12.67767,15.571505,0
13.340627,-5.539223,0
13.550296,14.252398,1
15.685752,9.748397,0
16.628916,9.166056,0
8.892347,9.549296,1
15.748266,9.120076,0
10.817946,1.6018585,1
12.514838,-6.0948772,1
3.7680166,15.839806,1
-4.470819,3.479248,0
6.107755,11.400138,0
4.9219112,3.2631824,1
17.951569,2.8352299,0
-4.071758,3.4247737,1
14.0826435,6.950889,0
11.284645,-6.199293,1
11.056365,-3.71348,0
6.516554,11.6889105,1
12.626402,3.914844,1
9.825935,12.091123,0
2.7939794,15.986672,1
16.524307,9.294874,0
6.345203,1.3031427,1
5.388667,2.085872,1
1.7831733,15.258988,1
7.413203,5.176865,1
13.8103485,-1.0761122,0
3.6711187,3.2396374,1
11.812676,-4.5729747,0
10.732537,11.594948,0
-5.0310545,3.9277437,0
9.353606,14.071362,0
19.297256,2.832732,0
11.952442,-3.1582334,0
13.926563,-0.11747797,0
18.774399,1.6104105,0
19.31587,2.3341944,1
4.5687675,3.585156,1
6.346478,1.3049302,0
9.135881,-4.8593636,0
9.82995,-4.4506907,0
19.474226,3.8422174,0
7.991077,3.9462266,1
11.984652,-1.8786216,0
-2.426793,8.137128,1
13.191879,6.736879,1
16.57488,7.804979,0
15.885977,6.6048527,0
1.8689432,15.1754675,0
4.399062,2.832698,1
12.685238,-2.603837,1
17.13765,1.8065999,0
2.2985618,17.63264,1
9.573822,11.971848,0
8.487452,9.791257,1
10.215502,7.372354,1
-3.179679,13.976611,1
13.627818,15.4922495,0
8.460755,10.206393,1
-2.8126025,13.174352,1
-2.3094027,8.256338,1
10.8717575,1.0048903,0
-2.5227387,7.4950185,1
17.953684,1.0571119,0
11.548934,3.0748763,0
15.940638,9.909576,1
15.879194,9.875479,0
-1.2580638,-4.2563257,0
14.059633,4.1611276,1
-1.644765,3.8499134,0
12.991816,-4.130213,1
4.900374,3.3608122,1
9.134224,-3.7698047,0
10.18069,-4.951071,0
12.49856,-6.4947653,0
9.79158,-3.4430559,0
4.135938,3.727314,1
3.7079096,16.482777,1
-5.2721543,-2.6380167,0
-3.9919522,3.3702314,1
13.276016,6.6891203,0
-2.1157382,7.2946506,1
15.721671,3.8215091,1
11.238666,-4.2836504,0
9.280138,-4.7266426,0
5.301266,3.4696016,1
-2.7933757,13.0931225,1
12.51259,-6.0518217,1
12.459666,-6.2447414,0
17.55322,2.078215,0
16.627731,8.241237,0
-4.9432497,-1.5054663,1
10.348241,14.002686,0
9.898855,11.759742,1
-5.4280787,-2.8602521,0
2.1973908,15.505854,1
10.349481,6.758134,0
2.5989738,15.104542,1
11.123181,-4.448672,1
3.8300323,1.4355955,1
2.2856166,17.726078,0
5.9487095,0.56166065,1
3.669016,3.368461,1
3.2715266,16.58297,0
-2.8593009,7.7065496,0
-3.8930209,12.353711,1
-1.8732862,7.7755446,0
-3.1468909,14.119137,1
13.340687,7.1598883,1
-3.8199894,12.140632,1
-1.7632854,3.7158642,1
12.978585,-3.6633964,0
13.988585,-5.43015,1
11.568776,6.7297473,0
8.508305,-5.0152645,0
-4.9515834,-2.2262437,0
1.7985376,16.141445,1
7.2032094,5.4804754,1
8.440867,4.3092165,1
4.662117,17.029898,1
-4.071182,3.5427864,1
8.404825,10.008838,1
17.814611,3.32646,1
-4.949093,-1.4932733,0
12.811828,15.468523,0
19.636225,3.3247073,0
15.786161,8.342753,1
18.4546,3.836258,0
10.8154125,11.437355,1
13.389427,15.653545,0
11.365151,-5.388153,0
-2.4982305,8.474177,1
11.350238,0.78145206,1
13.105422,15.576193,0
4.2008185,3.1717157,1
-1.8923434,-3.1389496,1
7.8718543,4.6248612,1
18.237442,1.1461385,0
13.711377,-5.7812877,0
9.844632,12.034584,0
4.4318104,1.3300092,1
13.715697,-0.23366682,0
9.6462345,14.593355,0
9.731694,-4.3593254,1
3.2883337,17.103464,0
14.05008,4.0589476,1
12.874541,-4.6930933,0
12.226107,13.436542,1
10.466402,14.460356,0
-0.9361543,-3.47174,1
3.7738883,3.5907848,1
3.5746186,1.6218089,0
18.383045,1.7476697,0
10.952601,11.437301,0
16.17653,7.1319327,0
5.382168,3.1983774,1
12.451734,-2.5540507,1
2.199544,15.657684,1
4.391756,17.166857,0
11.870176,-4.2350144,0
18.929901,3.4372952,0
12.211203,-2.1881714,0
10.554349,7.4358845,0
1.5720663,15.83437,1
6.213612,0.2550158,1
5.980458,3.4240766,1
13.443613,-5.1561494,1
-5.2998424,-0.66641617,0
4.2261376,2.1759043,1
12.470726,2.7760994,1
15.2851715,3.4704752,0
11.061936,11.684034,1
3.050774,16.75529,1
14.070044,4.066493,1
9.544334,14.401057,0
11.778958,-2.223355,0
3.5141435,0.97298133,1
-5.343442,-0.62873465,0
3.3799372,16.99148,0
7.996118,4.22,1
13.9575205,-5.4781547,1
13.218285,-6.3026695,1
7.3190327,5.216038,1
9.684694,-4.5933695,0
6.085513,10.814394,0
4.0056996,1.0667582,1
11.78136,12.748578,0
10.432548,-5.6851025,0
13.799825,-5.151439,1
-5.2528167,-2.5938942,0
2.7990398,15.997478,1
1.5732725,15.81043,1
9.500946,-4.5251164,1
16.407747,8.646966,1
-3.7584093,12.218478,1
1.6420263,15.5373745,1
9.581896,-3.738172,0
16.212688,8.127469,0
12.23716,-2.2105792,1
9.798716,11.867983,0
18.412788,3.0991666,1
17.650724,0.73816884,0
15.77108,3.8626873,0
12.32747,14.897486,0
3.679214,1.6981771,1
17.802849,3.7673218,0
10.618239,-6.2994547,1
13.897196,-0.08076603,0
10.568963,7.2369285,0
-2.779906,7.4796796,0
6.1868596,1.0543528,1
3.1236567,0.9362409,1
18.007627,0.7209776,1
10.242315,14.508314,0
11.203239,0.6271878,1
9.382128,14.039308,0
4.3059306,1.9631047,1
14.3387785,-1.0275261,0
-4.6134176,3.8181255,1
-1.3030541,-4.190998,0
11.9126215,13.180041,1
9.8442745,11.824656,0
-3.4023683,13.343858,1
13.435455,15.628667,1
10.153335,14.080644,1
-0.58324337,-3.625186,1
12.554367,15.421256,0
9.232963,-3.7153203,0
15.728059,6.663695,0
17.91623,0.7173686,0
-2.9728234,13.785359,0
18.601385,2.3044548,1
12.46781,-4.7934647,0
19.274204,2.9364805,1
10.097938,-5.3475914,0
9.393711,10.255989,1
19.343594,3.5118449,0
12.334699,13.118899,1
10.968859,-4.3487062,0
-3.157867,14.010134,0
12.132704,15.510369,1
2.664632,15.317283,1
-2.934927,-0.7045056,1
-5.2510676,-0.7165874,1
14.057197,14.62422,0
13.514368,-6.135243,1
-1.844226,3.8515606,0
19.38057,2.4029894,1
-1.4852747,-3.006174,1
10.9682,12.112612,0
14.084109,4.077594,1
14.187662,-0.7068298,0
5.883938,3.3515828,1
4.088957,17.011156,1
9.860566,-4.716235,0
9.712746,-5.8309174,0
14.257515,-0.9828255,1
15.560619,9.490438,0
10.485665,-6.099485,0
4.3208365,0.7634912,1
17.89056,0.8098395,0
19.643408,3.4462175,0
-3.5019374,14.120182,1
10.923274,11.614832,1
13.4781,-5.074814,0
15.807835,7.791789,0
15.613515,3.752682,0
12.2546625,2.9699626,1
12.499266,3.0144005,1
16.725597,8.066492,0
18.924938,2.5538461,0
18.72639,1.7743105,1
12.511624,-6.3641796,0
19.04742,1.4494632,0
4.5282598,16.55121,1
-5.187562,-0.8337086,0
6.7101793,4.0014577,1
12.335608,13.089647,0
-2.6417224,8.470488,0
-2.3313644,6.9316316,0
7.5254946,4.6857576,1
9.225813,13.907303,1
3.372211,16.937641,0
-2.8160427,-0.31798685,1
13.664614,14.5521145,1
13.524995,-0.646939,0
3.636946,0.55187076,1
4.81053,16.951912,0
4.479484,3.4808028,1
8.406449,10.196797,1
5.764139,3.0358207,1
8.5007925,4.3828435,1
13.8414755,3.9973698,1
4.526645,16.572903,0
12.556711,15.453596,1
9.878338,11.966523,1
10.35197,-5.9190884,0
10.298369,6.831785,0
-5.087924,3.94703,0
10.118503,-5.036072,0
-3.1983967,12.509538,1
18.661694,3.4430175,0
8.019143,3.9075978,0
3.7437568,0.73282754,1
8.294368,-4.5928636,0
-3.186732,13.957439,1
17.630535,1.2000598,0
7.4967775,4.0444994,1
10.085481,11.789883,0
6.056006,1.2246591,1
18.294981,2.1652887,1
6.902199,1.0584507,1
3.1399608,17.038649,1
12.331577,-5.255327,0
9.729862,11.917878,0
4.7588286,17.31389,1
6.0576787,2.755741,1
14.006555,-5.5742645,1
11.132472,12.300416,0
3.923788,3.0059214,1
10.109063,14.580899,1
11.573674,-6.219106,0
8.647281,10.305056,1
16.54508,7.8223233,1
6.4901047,0.8119365,0
9.273755,-5.276026,0
2.7262743,15.243521,1
11.862295,-5.043184,1
12.247753,3.3237343,0
13.589848,14.932791,1
-2.3870788,8.116175,1
11.33272,-6.404652,1
18.398857,3.2392116,0
12.152832,-6.4999833,0
17.850863,3.7669432,1
1.5395361,15.83486,1
4.371208,17.130846,0
13.699734,7.2525377,0
-3.1642563,13.617287,1
10.15955,-3.162358,0
2.3334298,15.075011,1
12.329368,-5.461123,1
9.558306,10.636521,0
15.994153,6.707048,1
-4.8444,-1.4546108,1
-2.6367524,13.235607,0
-2.3275912,6.975051,1
-1.8257183,-4.939358,1
-2.049755,8.349743,1
6.124298,2.5496814,0
-2.016199,8.648591,1
12.250666,15.627002,0
17.615276,2.7828503,0
13.6523695,-0.39192796,0
-1.4068909,-3.0678082,0
6.1966023,0.29641747,0
-1.2065953,-3.1487913,1
2.720285,15.262215,1
-4.3494654,-1.3213066,1
-0.603274,-3.6217704,1
-4.599569,3.4905741,1
13.136158,14.853731,0
13.085605,6.651207,1
19.645163,3.2778013,0
10.698655,11.441732,1
14.005094,14.461274,1
-0.5740101,-3.519755,1
12.808651,-3.9843752,0
2.6352496,15.095577,1
11.451375,-3.4385448,0
11.017284,11.513334,0
5.507051,3.4907165,1
12.41457,-5.5352387,1
2.7964022,16.140982,1
13.717434,-0.5558158,0
13.242348,-6.0507097,1
19.302025,2.0738244,1
6.9999356,4.8819394,1
-2.631434,13.152977,1
10.340848,7.0486984,0
-4.379924,3.5327516,1
6.132688,0.43403682,1
18.282497,2.9556427,1
-4.981616,3.8295646,0
5.9178696,0.52365875,1
6.0402994,2.5821216,1
-2.749113,-0.5474318,1
15.461894,9.442184,0
9.990629,13.542572,1
16.151472,8.243968,1
11.160466,2.5255902,1
6.043748,0.55234915,1
13.4742155,-5.0388446,1
4.315627,17.122921,0
3.7319658,0.64816254,0
12.669146,3.852398,1
8.65304,9.373397,0
3.9241755,0.8238395,0
16.221933,7.952495,0
-2.1621099,8.211035,1
13.521879,-4.21076,1
10.371113,-4.683225,0
10.54399,7.2313886,1
18.780214,3.2587545,1
10.528095,13.477445,1
19.238632,1.6385683,0
7.2726164,4.5866146,1
-1.5510949,3.9682631,0
-3.4774303,12.1984415,0
17.572699,0.87310165,0
-1.639402,3.8460383,1
-1.7708764,-4.864527,0
10.458338,11.726549,1
12.32045,12.9437065,0
-2.7060206,8.506951,1
14.216572,-1.0628086,0
-4.1291866,3.556955,1
-0.88217163,-4.36503,0
13.566217,4.185351,1
3.5773683,1.402744,0
3.7412877,3.4204,1
14.233016,3.931173,1
2.4815197,17.344002,1
1.9932137,17.349855,0
4.084699,17.106365,0
-3.706604,12.647557,1
8.224559,4.2567935,1
15.831194,3.8984904,1
13.545026,-5.484487,1
8.858645,-4.0769897,0
9.558704,11.262525,0
-2.9628856,13.217703,1
17.696678,2.303648,1
10.028824,-5.422899,0
18.137934,3.6744292,1
9.711681,-5.7501764,1
18.4658,1.496121,1
3.1281672,1.0727167,1
9.997303,-5.45033,0
-3.923149,12.738272,0
2.1121671,17.563492,0
-2.8935013,13.1526375,1
-5.462802,-2.891294,0
11.834972,6.3818293,0
13.310973,7.123159,1
12.866904,14.559505,1
3.38038,16.85119,1
13.5800495,4.188293,0
10.513781,11.527529,0
12.989828,-3.0665197,0
12.037215,-1.9131476,0
7.0522003,0.67457396,1
2.2303793,15.548146,1
12.915851,-3.12223,1
3.1172988,1.0966325,1
2.4795878,16.889137,1
11.065603,2.0868917,0
2.258309,15.023343,0
6.0817933,3.0797062,1
-3.1981082,12.491382,1
9.53231,10.553984,1
10.136213,-6.2346616,0
1.705198,16.156918,1
4.451133,2.7184134,1
13.417444,-5.96007,1
8.360876,-4.597064,1
14.117332,14.55359,0
11.776546,6.6987762,0
15.835174,6.4508004,0
11.591192,6.956508,0
11.87568,6.351247,0
10.568748,11.457074,0
9.99649,14.5579,0
18.773878,2.3191166,0
5.698646,1.2554808,0
12.711161,-3.5198803,0
6.744587,4.024105,1
19.040052,3.8784637,0
8.485996,4.3156824,0
11.91651,-2.4113374,1
2.056654,17.489305,1
-2.793729,7.534102,0
18.024734,3.531771,1
12.062102,3.1472425,1
6.6146727,1.1293303,1
13.676168,15.391006,0
15.250412,8.706644,0
13.964202,14.8089485,0
11.433136,-2.9507449,1
15.510967,6.884213,0
16.44473,7.7515416,0
-4.3306293,3.7100167,1
5.7478147,1.1533362,0
-2.5146272,7.8511605,1
10.639171,-6.392789,0
-3.0351686,13.747748,0
-4.98231,3.8949826,0
13.321459,-6.066014,1
13.38127,15.5533,1
11.222238,-4.8025646,0
14.16723,14.4595585,1
2.779963,16.104483,0
12.262527,13.206146,0
5.9775805,2.544385,1
15.884889,6.606912,0
18.166029,3.6534338,1
2.7717016,15.961348,1
15.893641,6.5685616,1
12.920631,-3.9605763,0
10.655764,13.548882,0
10.507228,6.6525507,1
4.6145844,1.2331222,0
-1.7452055,3.7952375,0
13.057919,14.955203,0
19.23175,2.3499277,0
13.449541,14.223324,0
16.418497,8.819044,0
-1.1138058,-4.549893,0
6.0965037,2.5595317,1
13.34694,14.987577,1
13.154376,15.587025,1
10.944303,11.454835,0
4.298831,3.1314662,0
3.8438935,1.8407478,1
19.130148,3.838402,1
17.580057,1.4266201,0
13.853582,6.9790435,1
-1.7146901,-3.0244246,1
10.962989,-3.394919,0
3.4114404,16.71879,0
12.177443,-4.938623,0
5.690264,1.1824843,1
6.71127,3.9988406,1
13.380968,7.8304,0
19.23504,3.7979581,0
14.163421,-1.0552629,0
9.572998,11.953963,0
4.304395,0.7191958,1
17.44061,1.1902751,0
17.70259,1.3766644,0
16.055033,6.8925114,0
13.704914,15.546806,0
9.606675,12.02169,0
-2.7107754,8.392235,1
11.423792,-6.0929866,0
11.68675,6.740577,0
17.472195,1.4106952,0
-1.909387,8.765222,1
9.393873,14.041785,0
10.729238,11.647567,0
15.499667,8.895842,0
19.532108,2.7004054,0
6.0988064,0.3472022,1
8.642712,-4.8954415,0
3.7103524,3.408883,1
4.289475,16.696058,0
12.440268,3.2389755,1
5.7952332,1.1239681,1
18.326721,1.6374198,0
-4.725163,3.8142512,1
10.983696,-5.007342,1
11.545756,6.986513,0
11.238959,1.2171077,0
13.908511,14.738777,1
10.524536,-6.296099,0
6.2968917,11.243787,0
-5.3987837,-0.559957,0
12.418482,12.988535,1
10.977722,-4.591707,1
11.833416,6.3978133,1
10.593064,6.647502,0
10.889705,-6.373392,0
6.969836,5.3421183,1
13.232371,6.7927384,0
9.519027,10.513439,1
-2.6565988,-0.31080663,0
-2.616068,8.123595,1
7.250682,5.249968,1
10.510329,-4.238053,0
19.07226,3.726608,1
-2.854878,13.162662,1
-5.1852365,-0.80931014,1
12.95417,-3.5655057,0
3.6238015,17.074852,1
10.798511,-4.3512955,0
-1.8064324,-4.9370728,1
5.927914,1.0544102,0
13.63092,7.8323684,0
19.093668,2.1699436,0
15.833944,7.7476907,0
18.693468,1.3633301,1
6.296429,2.5555022,1
3.256207,0.94179374,1
13.456631,15.603986,0
-5.501845,-2.930203,0
12.97024,-6.382111,0
4.6291294,1.4095845,1
8.897888,-5.182189,0
14.0776005,-0.22358444,0
-3.723818,12.594706,1
18.091537,3.5218372,0
17.563536,2.024655,0
-5.0255947,3.9276965,1
-2.7161396,8.063484,0
-5.236282,-2.3357525,1
13.500537,6.723369,1
-1.4926867,3.9928958,0
9.60341,11.922891,0
7.0631824,0.77551323,1
11.837582,6.5568104,1
6.62649,4.8116894,1
-3.5785873,13.730379,1
11.010853,12.133346,0
-3.0644982,14.062354,1
12.130778,-3.7194343,0
12.126226,-4.227637,0
5.5537953,3.7052598,1
11.223271,-4.165897,1
15.526104,9.525527,0
12.185592,15.0637455,0
6.3374343,4.033916,0
8.299063,10.028846,0
7.0522547,4.9970093,1
-1.9048208,3.754369,0
6.0361996,0.4964133,1
9.259448,-5.482855,0
3.60289,0.57008743,1
4.2393513,17.13748,0
3.864128,1.6724597,1
9.720348,11.877107,0
8.7443695,-4.725627,0
17.887377,2.0025792,0
3.4402885,17.112993,0
12.246232,-4.200971,0
-0.8755692,-4.199988,1
-0.9168952,-3.537579,1
17.578733,1.9777522,1
1.7735541,15.266254,1
5.699184,11.3650255,0
2.5420702,16.895994,0
16.160206,9.030688,1
4.2447886,3.4574454,1
11.910996,-3.6697042,0
9.451121,10.225614,1
-1.9351351,4.1255245,0
18.929077,3.4440193,1
6.5219603,11.828637,0
18.563156,2.8079162,1
18.55252,1.8237813,0
17.72938,2.6333234,0
-3.9024916,12.449261,1
5.6996837,10.768312,0
10.288777,14.488045,0
10.244674,14.545427,1
12.373924,15.593318,0
10.082975,-3.0378525,0
18.948433,1.4086223,1
6.1365747,2.845592,1
-1.1408278,-3.1856227,1
2.3356595,15.577059,1
13.03803,-5.605094,0
13.581901,15.024959,0
16.362503,9.56349,0
11.821451,12.771399,1
17.736193,1.1444788,0
11.674,-3.9739811,1
11.149652,1.370391,0
3.303001,16.928255,1
6.719445,11.98108,0
-2.9901414,-0.7422389,1
16.112495,9.019647,0
8.8163185,9.609343,1
5.8758335,1.0302571,1
-5.3032737,-0.6849705,0
-2.9184895,13.055364,1
10.979632,-4.877227,0
5.91685,10.834123,0
10.869689,6.5975466,1
16.503515,7.951093,0
5.9749703,0.4732189,1
11.638261,-5.877053,0
-2.7342412,-0.5514066,0
11.285796,-3.7103102,0
-4.533726,3.540618,0
15.6308775,3.6072962,1
-3.9096892,12.733226,1
-3.1640072,14.132629,0
16.480413,7.9582715,1
-0.70973045,-3.7241173,0
-2.5639844,-0.40341732,0
16.703873,8.580649,0
-3.203754,13.561623,1
13.872079,-1.1183109,1
3.4152124,17.143728,1
6.6228447,12.04532,0
9.798777,-4.5165715,1
1.6620452,15.717375,1
18.694696,1.2962942,0
10.530781,6.6206,0
13.108972,14.094626,0
13.437394,8.080893,1
-3.7008033,12.294747,1
14.070183,4.0480847,1
12.213052,15.647341,0
4.80539,17.301146,0
11.640851,1.9754059,0
18.993214,3.3653135,0
13.999546,-5.3338723,0
-2.7827756,-0.5069748,0
18.084347,0.8058411,0
4.347058,17.228224,1
4.0612345,16.148746,1
6.321801,11.214371,0
8.640906,-4.8757815,0
12.476274,3.2052078,1
-1.8486677,7.804669,0
16.335163,8.963805,0
4.4846754,0.73073965,1
13.66779,7.9285407,0
16.617752,8.002823,0
14.121239,15.126763,1
15.159345,8.145839,1
6.590454,0.8542106,1
8.658581,9.438192,1
8.921459,-4.763606,1
10.840584,1.4642799,1
-0.8171576,-3.6333916,0
7.811052,4.115894,0
12.970388,-4.5020394,0
10.254493,7.662077,0
11.014364,13.81222,1
5.372356,3.2542152,1
11.061363,12.040913,1
-4.9350834,-1.5017177,1
-3.3887517,12.9372835,1
-1.778117,-4.862833,1
8.354921,9.89882,1
12.394964,-3.9839704,0
3.4062529,17.026154,1
-1.5878054,-4.054836,0
6.3089776,0.71043867,0
12.828706,-2.9675677,1
18.095423,2.9299197,0
3.5614345,1.2051607,1
5.504411,3.2780151,1
-2.8262033,13.213838,1
-4.8054323,-1.8989815,0
-4.1860237,3.390407,1
10.711906,11.99307,0
16.395117,8.649799,1
4.543016,1.7376319,1
-4.5887833,3.526678,0
1.829217,16.15065,1
15.686313,3.8110454,0
9.796806,13.76598,0
13.604481,-5.792814,1
9.323931,-4.8665023,1
13.85361,15.166916,1
15.557437,3.6610315,1
-1.6107917,3.896953,0
15.357689,9.247974,0
11.016668,2.0816386,1
15.505892,3.6787362,0
13.422292,-0.8677202,0
6.054192,5.1495414,1
11.640355,2.916445,0
16.094149,8.823521,0
10.503568,14.304484,0
15.226722,3.4548416,0
10.301103,7.0155563,1
9.780704,11.857048,1
11.417059,-5.5327406,1
-3.9484055,12.435218,1
9.253854,13.919847,0
10.847953,12.162178,0
12.402907,15.340506,0
10.338126,11.486493,1
-1.1653217,-4.266518,0
-1.1664209,-4.524737,1
5.534524,3.1827984,0
3.8748348,16.000803,0
3.9372997,1.8557624,0
5.607659,11.270991,0
-4.63484,3.5688992,0
6.5176964,1.1312269,1
-1.2464224,-4.2493386,1
7.4781656,5.143364,1
-5.4583545,-2.8930464,0
-1.6033562,3.9121017,1
2.2439516,15.85408,0
10.089239,-4.910701,0
15.351331,3.5478275,1
9.747977,14.264894,0
3.4605484,1.4240853,1
12.215764,15.337899,1
10.41065,-6.0786886,0
10.46538,-4.2899284,0
17.470417,1.4892457,0
2.8053076,16.982496,1
6.2265525,0.71147525,1
4.4084578,1.8482326,0
9.830849,-4.6433144,1
4.694775,17.056791,1
13.645371,15.457034,0
12.409454,-5.702902,0
12.295286,14.382833,0
-3.1233478,14.038132,0
8.908766,-4.153292,0
7.398226,5.2177677,1
8.748426,-4.5800576,0
10.49792,11.735686,1
10.38019,6.7294636,0
3.824361,3.6291647,1
8.710892,-4.6745844,0
12.846254,-4.404249,1
13.427796,-5.3761134,0
8.039103,4.5365157,0
13.518058,-4.9482617,0
18.91263,3.4923844,1
10.545809,11.375353,0
-1.262655,-3.1006184,1
12.894168,15.05882,0
-5.1547284,-0.970276,1
9.2215395,13.749598,1
12.298427,3.3883584,1
6.6475544,3.9978554,0
13.456125,7.6644106,0
10.24678,7.0682144,0
3.011081,0.9454218,1
6.868932,4.819984,1
8.974133,-5.254742,0
6.9686985,5.39968,1
13.495808,-1.020885,0
11.197164,-6.502089,1
3.6303954,1.1120679,1
-3.2092705,14.08157,1
-2.2765613,6.9645605,0
-3.5808,13.89781,0
6.1447177,3.15504,1
6.912256,4.1388593,0
15.734411,10.092576,0
11.372491,-6.226527,0
7.415316,4.689488,1
9.934149,-6.0165625,0
3.439586,1.0806015,1
2.948901,15.4080515,0
12.637542,3.8556771,1
7.441406,5.1628566,1
3.5611365,1.1743104,1
2.710043,15.927815,0
-3.7361968,12.257106,1
12.310212,-5.7878857,0
9.251067,9.830455,1
6.0336614,3.1505945,0
-2.443984,3.7294574,1
10.211424,-5.0401893,0
4.2756124,16.900278,1
3.9330227,16.622925,1
2.0774434,17.559113,0
-2.2345548,7.0097446,0
-1.8747559,-3.847191,1
15.765337,3.854958,1
11.334088,-6.2158732,1
11.555506,-5.952976,0
13.86006,14.390365,0
3.241182,16.554155,1
8.824855,9.807292,1
7.1054516,5.5294404,1
10.973107,-5.2205405,0
9.583046,10.149854,1
18.476805,3.5301144,1
3.9871876,3.5056083,1
2.12377,17.240295,1
3.1108725,16.184757,1
-2.0726752,8.424317,0
12.124284,12.815604,1
10.470283,7.4409423,0
18.728533,1.7908549,0
6.4784136,4.960673,1
11.797197,-3.6908007,0
17.90076,1.0691516,0
19.04122,1.4429318,0
7.2765517,5.404279,1
17.613298,1.7197571,0
3.1257894,16.000067,1
12.504283,-6.164086,0
5.869603,11.233888,0
17.837765,3.757915,1
-2.2793682,3.3496127,1
-1.5782053,3.9630327,0
-2.4000962,8.358012,0
-3.7243261,12.177359,0
3.5316265,17.032555,0
5.6767097,3.5556343,1
10.1497755,14.4843445,0
9.457554,-4.9788647,0
-3.1200898,14.091293,1
16.666395,8.360624,0
7.02873,0.93411237,0
13.909105,-1.0808531,0
17.569048,1.0985659,0
15.7395315,6.7539563,1
-2.7505631,-0.5518436,0
18.600742,2.0155516,0
11.700482,-3.7645328,0
15.658152,3.7755344,0
-2.945722,-0.707317,1
11.863994,6.349736,1
5.813653,3.5362296,1
4.6695137,1.3311977,0
6.1594615,2.966176,1
8.840211,9.503848,1
10.926693,-5.145601,0
13.650105,-6.0887685,1
9.269653,14.013192,0
10.480666,11.620632,0
13.524532,-4.1530976,0
6.9478865,5.411869,1
13.0889,6.6469793,0
-3.5524943,13.387109,0
18.525118,2.7707984,0
15.682516,8.10154,1
3.8801987,0.9650234,1
9.777443,13.659393,0
-4.3385224,3.3291333,0
16.092676,7.89669,0
13.25577,6.543778,1
-2.624564,-0.3470733,0
6.969159,5.04436,1
-1.079765,-4.259564,1
3.9584143,3.5581453,1
-2.8637178,13.158847,0
3.4877987,1.554153,1
11.286417,-2.5618513,1
13.630338,-0.46065637,0
-5.3710794,-0.73291534,0
-0.574713,-3.5199277,1
19.127996,3.541648,0
6.1949983,2.492191,1
8.5538845,4.277362,1
10.557682,-6.3072057,1
9.433778,10.073828,1
-0.6474461,-3.6582382,1
10.843983,-5.9985833,0
10.98272,12.191666,1
11.430209,0.7637475,1
10.166733,-3.1647472,0
4.4274035,17.111662,0
12.515219,13.919979,1
-4.6164536,3.476351,1
-0.8809319,-4.2752833,1
-3.222501,13.381838,1
18.702185,3.6578844,0
16.728807,8.5624075,0
6.4899244,3.9362655,1
18.971836,3.6928709,1
15.672841,6.6079316,0
6.9294076,12.229512,1
5.788044,1.4746755,1
6.678781,3.9763258,0
4.1087527,16.726654,0
1.5450525,15.850931,1
13.179919,6.6024184,0
3.4462106,17.275581,0
2.2905207,17.158447,0
12.043695,-5.109217,1
9.963094,-5.3997955,0
11.585171,-5.855843,1
11.608279,6.9420023,0
11.293195,-6.5167036,0
10.831687,12.329214,1
19.107872,3.897885,1
-5.1601686,-1.9197212,1
4.3886447,2.8349636,1
6.4449415,1.3140996,0
13.609668,15.244311,1
-4.78877,3.7494237,1
12.716773,6.760073,1
13.586291,-4.3694444,1
1.6187019,15.508696,1
8.734902,-4.1694384,0
12.746822,14.65329,0
17.512552,1.3457683,0
2.195253,17.101984,1
16.608505,7.8681507,0
10.237085,14.55039,0
9.514296,14.416541,0
4.4431314,16.774574,0
15.676749,6.678915,0
16.398481,8.72254,0
11.347735,-3.6388576,0
3.090959,1.0545021,1
7.48032,4.8375225,0
4.291954,16.877787,0
12.979963,15.389292,0
13.498335,7.118494,1
2.019175,15.301975,1
13.690655,-4.3898125,1
-0.6990867,-3.505346,1
-5.4216013,-2.8181849,0
13.572436,-5.2872257,0
9.821654,14.250292,0
13.406621,7.931181,0
16.44955,7.6582623,1
-3.220165,13.568047,1
-2.0558057,4.0656133,0
4.6406765,17.066813,0
5.8065147,0.90083134,1
4.1901045,16.925913,0
12.317741,3.393738,1
16.153078,7.897891,0
-2.1234608,3.5910509,1
-1.7463773,4.154016,0
-2.8737314,8.062747,0
18.634558,1.8362634,0
12.431268,-3.1159844,1
11.803778,-4.664117,0
1.5334047,15.401443,1
8.754812,-5.010095,0
13.650549,-4.2693396,0
12.52907,3.7811368,1
5.569527,1.3804946,0
10.429922,11.604212,1
-1.9699584,4.1142244,0
1.7054511,15.731283,1
9.994834,13.562185,1
13.31929,7.566208,0
15.8398695,8.1636,0
11.825644,3.3554232,1
10.180692,7.184589,0
13.529388,7.3840103,1
-1.0797522,-4.5931625,1
15.598135,8.3503475,0
10.118924,7.2978067,1
9.250212,-3.8837538,1
15.886487,9.448276,0
6.0966415,11.4060545,0
6.858928,12.210795,0
8.544134,4.21478,0
18.397358,3.982318,1
-2.8146026,13.120214,1
9.735721,14.563895,0
-2.9272468,-0.7004944,1
12.995145,6.534457,1
10.976556,0.9682796,0
16.487562,8.210012,0
5.927877,2.899805,1
11.432317,0.7851202,1
3.4765978,17.193512,0
2.715908,15.331601,1
17.413504,1.4289728,0
6.336728,4.098296,1
-1.8517823,-3.6199484,1
-4.6419883,3.7804234,0
12.831984,-5.4319835,0
13.335404,7.396724,0
-5.324474,-2.7172136,0
15.722221,9.17285,0
9.498658,-3.7425728,0
4.757553,16.958157,1
11.78707,6.6043596,1
11.909412,12.939583,1
-4.219568,12.356301,1
-1.9511976,3.7198536,0
9.495333,10.001492,1
18.504818,1.3392638,0
10.9068165,-5.1928153,0
2.7391982,16.139578,1
17.560621,1.0272936,0
15.622469,9.464303,0
-4.027638,3.4441526,1
6.300582,5.316497,1
2.342539,15.076675,1
-2.0636618,8.572577,1
16.254099,8.230066,0
12.220032,-3.365431,1
18.416758,3.914807,0
10.886362,11.511964,0
-4.2078023,12.475795,1
-2.593105,-0.43900853,0
1.9317204,15.3691225,1
13.404757,4.2868667,1
10.384045,-3.3043237,0
5.755865,1.3016188,1
15.687643,9.464089,0
10.986473,11.499407,0
6.8932147,4.211612,1
10.075141,11.872824,0
16.156954,3.7089431,1
14.190156,14.823051,0
-5.4594727,-0.49821416,0
16.019526,6.835085,1
-1.7845998,7.9372106,0
13.842323,-5.0936046,1
6.9458957,12.1556835,0
11.079201,0.8031626,1
3.4513812,17.290287,0
19.604168,3.1981516,0
12.196708,3.5248108,0
3.1115983,16.21887,1
-1.7422152,7.8759212,1
4.967181,2.9269898,1
8.581274,9.552539,1
-3.8717306,12.739707,1
17.781448,2.932774,0
12.529101,13.912922,1
11.7265625,-5.289405,1
12.974332,-5.6099167,0
11.267069,-3.1501896,0
13.7942705,-5.5447187,0
-3.635933,14.044417,1
17.575369,1.0493135,0
4.30278,17.11487,0
14.1007595,3.8840923,1
17.723537,2.1708653,0
-4.4590964,3.6947827,0
-1.0711555,-3.407202,1
17.77229,3.1656744,1
-0.70600116,-3.51021,1
3.0502253,0.94294846,1
18.614372,3.4825363,0
-3.4341438,13.564122,1
7.901805,4.2381163,0
15.698698,9.020877,0
15.616591,7.735736,1
14.043812,4.037334,1
12.536864,3.7141407,1
-3.0627449,13.8689995,1
6.624017,3.964254,1
15.485172,8.76526,0
6.382835,12.131618,0
4.5107403,17.083166,1
8.777332,-5.0448422,0
-3.5978382,12.729242,0
6.3316693,5.294073,1
8.519916,-4.978903,0
12.633208,-3.1026602,1
5.550409,10.705458,0
9.080116,-5.11798,0
11.967664,12.824923,1
-1.8877712,-3.177095,1
18.665243,3.8789427,1
11.694659,6.810094,0
16.635355,7.931303,1
9.258819,9.987024,1
3.596716,1.5338473,0
4.0786147,0.5776817,1
7.0068583,4.1652045,1
18.89276,3.141696,1
3.6245742,3.3262641,1
13.072446,-5.35848,0
8.542035,4.208078,0
-3.3865478,12.683863,1
9.152755,-3.9991562,0
-1.9167367,8.427436,1
11.04584,11.803242,0
7.5038886,4.7029123,1
3.974047,0.46203676,0
13.049122,15.458328,1
12.502371,3.118551,1
11.721537,-3.797042,0
9.5039835,-4.867187,0
8.559937,-4.859228,0
4.822436,17.294455,0
13.784789,4.078568,1
9.995497,11.607708,1
-2.0997775,3.6370947,1
12.540476,3.6927805,1
10.718318,-4.4182553,0
4.2647376,16.724483,0
6.2723927,0.60948557,1
11.734534,12.854371,1
9.349168,9.833631,0
7.458343,4.6691084,1
-2.1317732,3.5376108,0
7.8850393,4.062929,1
-4.170282,3.745348,1
15.430524,9.494225,0
12.854445,15.105168,0
6.8460207,0.5452208,0
15.474587,8.048497,0
13.950596,14.865367,1
4.0830693,3.7500827,1
12.759779,-3.7540274,0
4.463219,16.53094,1
11.122354,0.69139576,1
8.658158,9.371584,1
13.34479,14.194369,1
10.102505,14.533658,0
18.928322,3.6785073,1
-5.2029552,-0.7885579,1
-1.6589435,-3.020595,1
6.4362473,1.6437201,1
18.312593,2.8804502,0
18.032133,1.8491943,1
8.884061,-4.6334496,1
11.560949,0.90348905,0
16.141558,7.0873203,0
11.87678,6.3656154,0
6.075886,10.785535,0
-1.6302049,3.8844125,0
3.8657627,3.0881288,1
-0.87561554,-4.2161508,1
-1.0784037,-4.6477623,0
-3.519615,13.43555,1
10.1903305,14.551139,0
-2.7958589,8.247087,0
6.3051744,5.039909,1
12.228511,-2.1519153,0
-3.639999,12.724782,1
12.336425,-6.1400347,1
18.841951,3.204516,0
-1.5310136,-3.03222,1
6.3963737,1.2322394,0
13.764344,-5.6816673,0
1.656711,15.770374,1
15.456272,6.8473153,0
8.020625,4.2108603,1
12.552035,15.075595,0
-3.96659,12.328332,1
18.747892,3.9922426,1
15.363173,8.106651,1
15.587255,3.605921,0
-3.0517771,13.853137,0
2.3437507,17.633486,0
-2.7773802,7.544981,0
12.981013,15.4657345,0
16.221045,8.872452,0
13.733465,-0.46849346,0
4.788535,2.2938488,1
17.457403,2.3775995,1
6.674846,12.00516,0
-3.724209,13.963752,1
-4.093081,3.439931,0
9.533355,10.5476675,0
8.552351,4.2274694,1
12.5816555,15.507331,0
6.31365,5.197117,1
17.742401,1.1435267,0
11.722061,6.8084292,1
9.988606,13.461161,0
1.8625051,15.67398,1
-2.2548678,6.932671,0
-3.478861,12.467014,1
12.3267765,13.010309,1
6.3028994,4.049563,0
15.93615,9.827283,0
6.902439,12.175229,0
-1.6541439,-4.0708914,1
10.853032,-5.151649,0
7.397382,4.0962343,1
8.491817,4.3541565,1
-2.1953092,7.143483,0
10.300754,6.8517942,0
-1.4427373,-2.963662,0
7.3534226,5.1276965,1
1.7495687,15.616163,1
9.779714,-3.430146,0
5.7616944,10.767981,0
8.574762,-4.3125944,1
15.430249,8.132381,0
-4.7053933,3.7621264,1
6.31066,0.39402914,0
-2.8131373,-0.60708714,0
6.24707,3.9260342,0
18.639526,1.7978103,1
3.4118237,0.6263587,1
-4.934054,-1.5338937,1
6.4314795,5.198566,1
8.44892,-4.46326,0
-1.8852645,3.8384788,1
-2.8511615,-0.6413122,0
11.059166,12.255448,1
15.332065,9.110973,0
6.6478558,1.1181562,1
-3.7660255,13.935419,1
10.330468,14.027395,0
12.742044,-5.924238,0
-3.2305956,13.341214,1
12.281658,2.9619555,1
-1.8594877,-3.8861291,1
10.9673815,1.012849,1
-2.5228798,8.4371605,1
-2.9011505,8.085604,0
18.730297,3.9923725,1
-5.216758,-0.7458697,0
-2.5742855,8.412543,0
-3.8446648,12.488482,0
18.741016,3.9559793,1
11.411183,-3.586424,1
15.452474,9.650668,0
15.640188,6.860626,0
9.813996,14.372472,0
10.363609,7.6319575,0
2.1376262,15.731248,1
9.6401825,11.939947,0
11.729074,6.71776,1
12.531992,-2.4112768,0
15.479954,9.589335,0
19.409418,2.3613544,1
8.874742,9.794092,0
15.834753,6.429172,0
8.157265,3.8561392,0
13.423664,14.237683,0
13.963429,-0.7010416,0
15.701653,7.9248915,0
4.395397,1.9059983,1
11.362884,-4.026771,0
17.727238,1.2061427,0
3.3720217,16.765976,0
8.521563,4.200037,1
-2.7211363,7.9168034,1
10.2038355,11.779921,0
14.060213,4.1518426,1
10.810571,-5.814633,0
15.8663225,9.609163,0
3.3899918,16.777836,1
9.985339,-5.3943954,0
-1.4503365,-2.941595,0
11.183521,1.6019821,0
12.248844,-4.4822097,0
6.249579,0.6455972,1
12.9808,-6.155749,0
13.954814,-1.0158169,0
15.4230585,8.16201,0
7.662642,4.2559958,1
13.18896,-4.2161927,0
9.846346,11.812444,0
18.29528,1.6210414,0
12.491972,3.7453647,1
18.991253,2.8985746,1
10.608017,11.521856,1
10.082867,13.447624,0
8.9313135,9.463535,1
4.028055,0.6249713,1
3.4792895,0.8339681,1
12.46817,2.7115438,1
3.6376631,3.314327,1
15.735171,9.486051,0
10.989026,12.041131,1
8.998777,-4.0200977,0
19.673082,3.1604233,1
6.9016185,5.4020543,1
6.2677917,0.22472242,1
13.626392,-0.53011477,1
8.519638,-4.793352,0
18.016155,2.2054303,1
-3.3136084,12.490233,1
15.847324,8.040852,0
8.943309,9.452095,1
16.499569,9.397617,0
5.5418,1.5167687,1
10.493424,6.6204967,1
9.912211,-6.070548,0
5.872814,0.78184766,1
6.021254,5.1902328,1
10.485496,13.909776,0
5.7106404,3.0942974,1
13.779863,15.083591,0
10.250064,7.4052854,0
-2.5124857,3.9838054,1
18.043535,0.7721107,0
19.035406,2.2086642,0
10.476394,-6.0755043,0
12.091824,3.3617811,1
-3.1246994,14.102612,1
10.9774275,1.5495417,0
12.944956,15.449121,1
6.440364,4.856463,1
11.933076,1.6437749,0
6.093012,11.410575,0
-4.860357,-1.9219527,1
-4.2734466,3.4180903,0
9.326137,9.994444,1
10.363265,14.518873,0
8.609303,9.850774,1
3.7459838,0.68287855,1
11.674447,1.9388236,1
-4.670823,3.4969513,1
6.1637454,5.181082,1
16.626616,8.438035,1
13.890133,-0.05129977,0
2.719757,15.199369,1
-3.98132,12.402518,1
9.845788,12.126365,0
3.7210736,3.2094638,1
-1.8293694,-3.1351407,0
-4.0881057,3.5440972,1
7.454436,4.7506313,1
10.219926,14.458024,0
-3.5852745,12.916591,0
17.97469,1.1241552,0
-5.1894193,-2.248723,1
9.422337,9.947627,1
15.85506,10.059774,0
8.445253,9.506383,1
11.599881,0.80573535,0
-3.6222417,12.74335,0
12.476447,-2.6944788,1
19.167625,4.0266643,0
-1.1831832,-4.25544,0
-4.054662,3.353326,1
12.423443,15.188472,0
7.2137175,5.360639,1
6.003498,1.1096857,1
13.478358,7.0968127,0
-5.161789,-2.446866,0
-1.867632,7.8437967,1
4.5173564,2.152828,1
3.720304,3.096972,1
8.447213,9.720696,0
4.0003843,3.250388,0
-2.6494515,13.245045,1
9.825834,-3.418012,1
15.519828,8.266328,0
18.321316,1.4698557,1
10.717237,1.1692474,1
2.5958796,17.040218,1
13.768483,7.2027807,1
8.113751,3.9158533,1
-2.1847107,7.296481,1
9.477583,10.15032,1
2.0174534,17.353645,0
-1.821519,-3.0734818,1
10.131428,-3.075716,0
18.849054,1.3191782,1
13.9504795,-0.21463652,0
15.485078,8.193862,0
17.593348,2.9623044,1
13.741945,14.9905815,0
7.1825614,5.452923,1
10.444197,7.417247,0
-0.75402343,-3.5354323,1
12.889021,-5.0631557,0
8.154258,4.1411657,0
2.2616212,17.739918,1
-3.8383,12.53661,1
6.3281198,0.77259994,1
13.456086,8.034383,0
9.921232,-3.9004488,0
3.8111346,1.8456025,1
15.748787,10.094758,1
-2.8158305,7.499168,0
8.487994,9.461981,0
17.809093,2.631669,0
6.13665,5.1226473,1
-1.4739795,-2.9732172,1
18.844519,3.980103,1
13.992169,-5.403128,1
5.7273035,3.7591496,1
11.718736,-4.006153,0
-2.540052,8.015577,0
9.4882965,10.017892,0
16.173843,7.1372194,0
12.488877,2.9007535,1
8.703894,-5.044115,0
13.007615,-6.457155,1
-5.2538605,-0.7084696,0
2.4962308,15.140221,1
11.785782,12.928551,1
11.77994,-3.4534228,0
-1.9051808,8.49241,1
-3.6593552,13.582184,0
8.856171,-4.0308127,0
16.165253,8.989577,0
-4.0325007,12.158394,1
-4.3610363,12.323176,0
-1.9253308,3.6332061,0
6.3634853,5.1456017,1
3.346946,16.961859,0
10.462527,13.966724,1
9.356792,-4.0130544,0
-4.778607,-1.6704752,0
13.636758,-4.3370075,0
16.13563,9.893604,0
3.3084493,15.920107,1
10.55899,7.2482533,0
13.669048,15.627866,0
4.1487627,3.6698208,1
9.600995,10.547358,0
1.6636297,15.23364,1
13.632188,-0.45458126,0
17.734364,3.1163714,0
6.2418323,0.44886765,1
3.6744561,1.2515417,1
13.502416,14.596293,1
19.456886,1.9132997,1
1.6451339,15.9047785,1
3.4880502,0.8668671,1
3.917067,16.018568,0
13.68942,15.026446,1
13.626539,-5.832108,1
7.0504837,5.5218863,1
18.52356,3.9203846,0
7.0662556,12.138191,1
1.6978241,15.550792,1
4.5108523,16.554502,1
15.665005,9.2595825,0
17.823202,0.99756134,1
11.8829,1.6021711,0
13.881939,-0.10020807,0
-3.157653,13.636661,1
18.807281,3.3057988,1
15.511169,7.8339314,0
4.6711984,1.4327832,1
13.729738,7.949741,0
18.046917,1.4014513,0
3.0429413,17.019585,1
13.375555,7.144463,0
-4.2590747,12.27463,1
-2.2312095,8.190275,1
5.5704303,11.346366,0
11.2527,-6.4969816,0
12.106822,6.485567,1
9.903481,12.00212,1
-0.65474766,-3.621063,0
-5.158177,-2.55762,0
9.229,-4.7807913,1
3.0980995,16.242884,0
10.304074,-4.7628508,0
3.6016746,15.890552,0
9.72645,10.849518,1
18.696571,3.899157,0
3.0144799,16.179014,1
-4.0619826,12.593216,1
19.652353,3.4914627,0
19.589624,2.1437464,0
-5.246043,-2.2405758,1
7.868939,4.0533323,0
12.151099,-6.023138,1
13.5312605,-6.166208,1
11.660677,6.8698,0
8.852257,-4.0667863,0
9.741535,14.55815,0
6.1681037,2.6239445,1
8.671818,9.415689,1
-5.4831667,-2.9270692,0
15.528974,8.131944,0
11.682418,-6.520004,0
11.74362,6.551909,0
9.5276165,12.008161,0
10.909155,0.9569734,1
-2.8540666,13.152638,1
-2.05832,4.063243,0
10.277471,14.53164,1
14.026605,-1.1147105,0
-4.566012,3.5027373,1
16.204313,9.602009,1
-3.3096302,13.983819,1
-2.9101195,13.176595,1
13.699301,-5.112335,0
-3.1748495,12.416082,1
2.5268338,16.927803,0
2.0915194,16.559591,0
6.157446,0.30231577,1
11.72865,-4.7671285,0
10.074554,13.448381,0
-4.39169,3.412161,1
-4.7391047,3.736172,1
13.435763,7.925369,0
4.4024954,17.088837,0
6.31424,12.148935,0
11.210504,12.367307,1
6.4405913,4.078307,1
16.38438,8.2709,0
-1.9096824,3.7114568,0
19.652216,2.3050482,0
12.54975,3.0316968,1
12.8565,4.212379,1
-3.2441585,13.285367,0
6.099352,0.45492354,1
12.875355,15.117499,0
5.787246,10.712566,0
-3.4827125,12.151312,1
12.7647,-3.0628304,0
-2.6439953,13.205754,1
-5.217382,-2.0683491,1
11.5478945,-5.8595905,0
13.773696,-4.501328,1
-2.7770526,-0.5744977,0
9.735744,-5.87647,0
2.2372978,17.699575,0
-1.0523188,-4.5390797,0
9.665495,14.656617,0
12.726036,4.25074,1
17.665049,0.7250832,0
12.52244,-2.8665233,1
4.613056,1.1894976,1
10.810889,11.512797,1
6.1452203,0.92992914,1
12.395982,13.043808,1
13.943545,-0.18558645,0
8.461417,-4.3985777,0
10.154563,7.5374618,0
12.268377,13.906392,0
18.98764,2.2222269,0
-3.530678,12.479266,0
1.6740235,15.266139,1
9.851133,-5.2500205,0
15.584871,3.6648302,0
2.1144035,15.828301,0
13.855578,-0.8795745,0
-5.3117275,-2.692711,0
-4.379375,12.323517,1
11.835316,12.767718,1
11.33295,-6.2681828,1
10.6271925,-4.44097,1
-1.2368658,-4.171322,0
12.255672,-6.464903,0
10.23719,7.0630608,0
12.0742,13.36911,0
9.51162,11.985853,0
10.6870775,-3.431982,0
7.2967024,5.3137546,1
4.581306,0.79744965,1
9.170994,9.631744,1
12.350349,2.820804,1
5.787429,10.634841,1
9.890134,-5.437601,0
9.589398,14.270281,1
2.5554934,16.920382,1
5.6131787,10.705351,1
12.735123,-2.8852317,1
5.935632,2.6262672,1
13.552519,7.920941,0
14.00077,14.675872,1
4.2662363,16.884754,0
10.367457,7.5732355,0
4.960106,3.3007197,1
9.1559,-4.117535,0
11.10842,-3.2145631,1
-1.8145208,3.7730517,0
9.913349,-5.390921,1
15.680342,7.793157,1
-5.4338703,-2.8531268,0
6.355184,4.080399,1
12.219289,15.6595545,0
15.460616,7.6384363,1
-1.9447193,7.7184525,0
19.599472,3.3230402,1
19.120874,4.0258427,0
3.6903026,15.940177,1
3.7605956,1.5543427,1
13.541836,7.362598,0
9.599813,-4.4702396,1
8.540067,9.715537,1
4.6330194,0.86429936,1
9.82403,11.81196,1
6.557867,4.1341715,1
-1.1826065,-3.141149,1
-2.9246962,8.037124,0
9.301232,10.134229,1
10.063131,-5.234571,0
8.989539,9.606426,0
9.282556,9.782758,1
13.433947,15.56215,1
3.2589467,17.197824,1
4.6178975,1.4775429,1
9.640711,14.615606,0
4.2823715,1.5983477,1
-5.251474,-2.5920691,0
15.6174555,7.7477617,0
19.608292,3.383491,1
18.660732,3.5176878,0
11.809173,12.746461,1
5.8057976,0.9156622,1
-2.1782832,3.5604866,1
10.897719,12.021766,0
19.144691,2.7770958,0
11.757997,1.8765144,1
17.668602,0.7283258,0
8.753716,-4.643124,0
11.974042,3.3210678,0
5.5789714,10.703312,0
-1.534632,-2.9979105,1
8.733839,-4.959967,0
-3.07361,13.7501,1
3.307526,16.962357,0
-5.369484,-0.60931504,0
6.3079953,5.035615,1
7.3418703,4.7399163,1
11.48684,-2.717525,0
-4.085018,3.3560984,1
17.581755,2.010589,0
3.922081,1.6294867,1
7.4193645,4.537874,0
10.417643,14.441317,0
16.67047,7.9968514,0
6.1691346,2.6340268,1
10.273641,11.487001,0
3.9707677,16.155832,0
10.629097,11.938858,1
13.305278,6.664062,0
9.81981,12.051172,1
8.540288,4.2476153,1
4.6288624,0.9378551,1
12.507071,13.955676,1
13.103382,6.637904,0
11.595985,1.0420245,0
-5.1615458,-1.9723799,1
19.339884,3.1959233,0
10.701507,11.588925,1
6.9508185,12.192227,1
4.180808,1.7109467,0
5.6191163,10.698457,0
6.5213084,0.8622118,1
7.464726,4.8658695,1
-5.487571,-2.9258277,0
15.55605,6.7645216,0
15.707857,9.392038,1
-3.9208848,12.182858,0
6.1391454,11.112399,1
13.375517,15.50966,1
17.57192,3.0505438,1
16.59061,7.9148407,1
2.8148017,16.38827,1
11.907219,-3.4076009,0
14.138157,-0.6578114,0
17.665546,1.9371016,0
18.769318,2.740393,0
14.938026,7.49231,0
-3.4247794,14.1822195,1
16.350239,7.9282703,1
-3.2852921,14.174944,1
6.5304327,12.334391,0
9.372887,9.954163,1
-4.9017334,-1.0882261,0
14.26411,-1.0810964,0
13.054721,14.783904,0
4.3676906,2.884779,1
18.035374,1.1686392,0
-1.7132035,3.8126671,0
9.483734,14.319502,0
15.435138,7.40068,0
11.421689,-6.031388,1
9.673278,10.784083,1
1.6122773,15.776769,1
11.061632,-5.73151,0
18.203518,1.6832578,0
4.3965406,16.894077,1
-1.1550059,-4.5087805,0
10.160202,-2.98987,0
12.603285,15.640265,0
10.685388,11.393855,1
-2.8144438,8.080876,0
-1.3836044,4.0671935,0
10.428082,11.831717,0
-3.0606096,14.022421,0
13.816578,15.223636,1
5.643238,1.2323812,0
1.8609772,15.137576,1
11.650567,-4.7150917,0
3.4427075,17.247154,0
7.298781,4.6154175,1
13.0695505,14.957587,0
4.337405,2.8493984,1
13.4400425,7.9816356,0
6.5751686,4.3358517,1
10.2754545,6.982432,0
19.028276,2.5248308,1
6.672934,12.019822,0
13.475069,-0.9890203,0
6.6226463,0.5909642,1
12.531153,15.612726,0
18.49231,3.128917,0
12.397149,13.05394,1
-1.2418894,-3.0860753,1
4.9643455,2.4315882,1
12.240174,-2.0910237,1
-3.2857945,13.275765,1
12.157047,-5.6096783,0
9.7722845,13.688716,0
9.270349,14.000923,0
12.760797,-3.0332594,0
10.935235,12.153076,1
1.7941273,15.146849,1
11.385088,-4.027189,0
14.077709,4.0589166,1
5.5701146,10.689901,0
-3.6603339,12.403661,1
13.777455,-0.18651494,0
4.5155873,3.0516617,1
9.972815,-3.9111164,1
10.796345,-4.4939837,0
13.866339,6.900007,1
15.612599,6.8108187,0
18.08094,1.2555023,0
8.713577,9.440157,1
11.002752,-5.752955,0
15.733725,7.3716087,1
3.864369,1.7544477,1
8.907277,-3.988842,0
13.524295,7.036991,1
12.545371,-6.380792,1
6.3944964,0.6241245,0
3.9188557,16.016262,1
10.462039,7.4952655,0
9.769841,-5.6115475,1
-5.0218654,3.9152172,0
11.997908,2.9767694,1
5.641706,11.381219,0
-2.7204819,7.6289067,0
8.557515,-5.085566,0
3.8172908,1.7900411,1
-1.8181679,-3.661208,0
13.6006975,15.085863,0
8.711626,10.369511,0
16.223093,8.301184,0
6.1774607,0.75552076,1
9.623782,-4.464058,0
8.6180725,10.309484,1
9.281079,13.906204,0
11.351691,-5.602405,0
-2.9376385,13.258849,1
10.129272,14.522331,0
13.469476,8.0472,0
2.6164415,15.2845545,1
6.786856,5.000244,1
5.453956,10.615716,0
13.135528,14.813511,0
7.3504667,0.9381363,0
10.347893,11.471861,0
16.115156,8.842107,0
16.332153,9.347053,0
-1.5648557,-4.022144,0
12.43186,-3.7031155,0
19.425493,3.1614044,1
12.162746,15.37105,1
10.2137575,13.9131155,1
-1.8632652,4.2074714,1
2.874678,16.098032,0
16.774698,8.585391,0
19.221714,3.898908,0
9.780941,-6.0774693,0
-3.5154965,12.323899,1
10.820668,1.0117451,1
15.234517,8.041854,0
6.0449758,10.842184,0
6.1565185,3.0103157,1
15.2917385,8.991351,0
11.631269,6.851158,0
-4.2983294,-1.2134528,1
11.471452,-3.8264244,0
-4.7517066,3.8542554,0
15.63234,3.756196,1
-2.9405823,-0.7110148,1
-4.411216,3.9259622,0
9.5117445,14.395449,0
13.781206,-5.5600667,1
5.8211055,1.0216427,1
16.608286,7.9630055,1
9.8530855,11.760885,1
9.181899,-5.196256,0
13.507685,14.619576,1
-1.8602248,-3.9878657,1
8.502657,4.3373227,1
8.463612,9.590197,1
3.610563,17.299788,0
-3.4948215,14.073078,1
16.487936,8.640854,0
2.1532264,15.697187,1
-1.6035309,3.8097994,0
12.573135,-3.0009937,0
15.332139,9.141735,0
3.6879485,3.2781043,0
11.711079,6.572013,0
4.6850896,17.040482,0
11.817069,-3.8920906,1
9.800612,-6.0782614,0
10.748829,-5.9212265,1
-2.153277,7.300341,0
-1.7744265,-4.9108295,1
9.012199,-4.7446632,0
16.780212,8.500157,0
11.750895,-4.638149,0
10.331543,7.610814,0
19.552656,2.5409896,0
2.0274043,17.19817,1
16.078424,3.7389858,1
13.167069,-4.637611,1
11.452526,-3.1602569,0
-4.1285434,3.4534826,1
1.6396452,15.729054,1
12.70221,14.223884,0
13.680663,14.312087,0
2.024561,16.989925,0
2.7489111,15.261268,1
4.5767493,0.80131793,1
16.207775,8.075308,1
6.246875,11.166628,0
11.53706,7.0326314,0
-2.247089,7.0124903,0
3.616669,0.57051796,0
12.890468,14.03396,0
-5.1445045,-2.5058346,0
15.932898,9.653147,0
18.211136,2.9041617,0
15.982627,3.804437,1
-2.0871503,8.641187,0
11.952005,-6.5129786,0
17.615274,0.7818259,1
13.194695,14.93888,0
16.282295,7.7042484,0
3.6781912,0.66171753,1
-2.9167392,8.088396,0
13.503785,15.082015,0
8.470789,9.692696,1
18.468676,3.9691079,0
-5.3700275,-2.8132632,1
4.087476,1.630301,1
18.906284,3.0489202,0
5.659296,11.285878,0
9.767799,-5.8847113,0
3.555348,3.295155,1
13.135261,14.692955,0
3.8706956,1.7234269,1
-5.205294,-2.2520423,1
8.628771,9.363714,0
8.769945,9.888279,0
14.7568865,3.6258826,1
10.893841,0.9340025,0
-2.3544037,8.0998125,1
13.186471,-6.1356077,1
-1.7074602,-3.0170653,1
-5.3345685,-0.6519991,1
5.949247,3.0043874,1
-1.9855108,7.6556797,0
8.827823,-5.0723143,0
4.561129,16.578285,0
3.3488085,16.98875,0
14.240296,14.579109,1
8.145034,3.9108188,0
10.359701,7.6887,1
12.892761,-5.4143085,0
10.916681,1.1085432,0
12.363674,-5.153681,1
12.551118,3.0353477,1
-4.4798408,3.748702,0
11.996627,12.745976,1
5.7789435,11.276217,0
-4.4608297,3.707832,0
-2.867954,8.150412,0
-1.0831523,-4.593955,1
3.2510016,15.928166,1
3.0893724,17.190948,1
10.155576,-3.174761,0
11.728557,3.2612832,1
16.27039,8.007721,0
13.86354,6.9190025,0
11.174731,0.9623781,0
2.1679974,15.779455,0
18.221695,1.3750867,0
2.185102,16.944149,0
5.7945805,3.2497058,1
12.309814,13.087755,0
4.4109144,2.815538,1
-1.8354212,-3.1333368,1
12.478496,-2.6885114,0
16.458328,8.724568,0
17.594612,2.6517916,1
13.673065,15.492751,0
5.5306478,10.65366,0
10.6447115,-3.9225454,1
10.473372,13.964941,1
12.757405,-4.0503063,1
16.379211,7.7445116,0
13.6038885,15.577002,1
-4.585687,-1.3433745,1
16.722847,8.646978,0
16.505108,7.7381363,1
15.861163,9.892836,0
12.036045,-3.5973887,1
19.529543,3.456176,0
-5.4045267,-0.5523223,0
3.578944,1.04758,1
11.292455,1.3436408,0
11.357375,-2.7485747,0
2.4954505,16.889338,1
11.038141,12.038505,1
12.736501,15.491913,0
12.8819475,15.606509,1
-3.1325293,13.152135,1
13.171102,-5.4842033,1
1.676102,15.524763,1
11.806833,12.786485,1
6.4294763,0.73718804,1
4.5454535,3.3161552,1
11.621861,1.0917505,1
10.507567,13.863582,1
17.575975,0.8751843,1
11.6022005,1.9860147,1
-5.218991,-2.111292,1
2.1656995,15.386617,1
-1.4969159,-4.103226,0
9.640136,10.774262,0
10.999928,12.089874,1
-1.6724498,3.817901,0
9.919684,-4.8009815,1
15.892321,6.5678186,0
10.403862,-5.743122,1
12.547095,-2.5783856,0
-2.4213443,7.8871636,1
-1.3468971,-4.15358,0
7.3423166,5.342801,1
14.028677,-1.2085819,0
11.450494,0.6902262,1
11.6827135,-5.858029,0
10.141603,11.917953,0
-4.451136,3.9078264,1
3.6424406,3.3082893,1
12.240891,15.629625,0
15.827626,6.483267,0
12.235148,-6.346982,1
17.884058,1.2964852,0
4.113408,16.876925,0
13.539046,7.1001716,0
-5.3841133,-2.7839332,0
-4.6360207,3.837679,0
13.159785,-4.04577,1
5.4517937,3.13937,1
12.932242,-5.797341,0
12.832308,-4.0135927,1
11.298176,-5.9389663,0
18.985008,3.3411014,1
-4.622809,3.7161517,0
-2.5010593,3.906228,0
11.309228,-4.0457773,0
8.137742,4.1220484,0
-2.2579024,3.3420959,1
5.882927,3.3792062,1
-2.8381064,7.4438033,0
12.843787,-3.990187,1
-1.0161408,-4.210155,0
13.367791,7.196357,1
13.973673,-5.17797,0
1.8961208,15.650572,1
6.2724624,0.3038199,1
11.621101,6.846499,0
11.344939,-5.567225,1
7.365342,5.2806606,1
11.188152,0.65423506,1
-1.1679168,-3.1237004,1
9.8106575,-5.6755295,0
-3.698412,12.635576,1
14.078093,-0.3052165,0
10.819686,12.362196,1
12.419028,15.215481,0
1.6584964,15.72171,1
-2.2827754,6.969273,0
12.440425,-6.4800253,0
13.677039,7.931572,0
6.2036104,0.2695338,1
-2.8555303,7.529586,1
-4.0627365,12.292672,1
-3.746868,12.579178,1
11.369568,-6.2342916,0
-5.4632616,-2.910709,0
17.783173,0.69676775,0
2.133312,17.078144,0
9.454413,10.157453,0
8.907995,-5.394676,0
11.363722,-5.692743,1
6.7908883,12.254971,0
5.7856307,3.2266,1
6.0309615,10.779192,0
8.621594,9.753434,1
19.426159,2.3676765,0
11.813925,-2.2009413,0
11.744024,6.4767914,0
12.492671,-5.334922,0
15.617177,3.6546443,1
11.983217,6.305173,0
9.93844,-5.3847876,0
15.756219,8.775261,0
-2.9581802,13.818925,1
10.276974,14.564476,0
-3.5750062,13.648018,1
-3.8390887,13.742803,1
-2.6712449,7.9576426,1
3.0648375,17.049955,0
-1.7467009,4.1239505,0
-3.3355324,12.530452,0
4.1685886,1.6368359,1
3.2602208,15.922517,1
6.308103,12.121901,0
3.9383802,3.153588,1
-2.7364228,-0.30390742,0
16.206964,8.255537,0
6.149727,5.071567,1
-4.9091234,-1.8307651,1
10.278941,7.1243014,0
10.485206,6.7824616,0
2.276798,17.672935,0
16.315378,8.931635,0
6.85772,11.962242,0
-1.9380035,8.615909,1
9.931481,-3.1081893,0
11.868824,-3.805905,1
-1.8271192,-3.0624197,1
-4.436407,3.5783713,0
-2.588998,-0.41332266,1
17.077444,1.6917062,0
4.4191446,1.540254,1
-2.1913316,8.159578,1
-0.8078274,-3.6033423,1
5.7500334,11.33729,0
4.0109553,3.6116617,1
2.0447454,17.502405,1
3.1841643,16.994568,0
19.613934,3.3778229,0
-1.5755184,-3.6600378,0
-5.429953,-2.8667133,0
-2.2822452,3.3553457,1
-3.1862767,14.105024,1
18.199661,1.4331735,0
10.374785,13.791699,0
5.8382397,11.38413,0
12.707915,13.874442,0
6.4137836,0.72650754,0
4.9807434,3.533923,1
10.269424,11.629155,0
-1.5284238,3.9476404,0
10.776145,1.0573146,1
1.7435762,15.347115,1
5.9371605,3.5047495,1
7.1235895,5.474379,1
6.89165,4.9935346,1
17.888176,2.373646,0
3.784931,15.964884,1
18.72004,1.8523711,0
4.23092,3.6243968,1
-5.1824074,-0.8207711,0
10.363586,6.721048,1
13.470166,7.4259977,0
-3.6434712,13.709569,1
5.92863,10.747681,0
17.061993,1.7284167,0
13.427092,4.267677,1
-2.1974354,8.121291,1
13.791915,15.405796,1
-2.7171488,7.64811,0
13.548086,-0.6955481,0
18.949951,2.0917003,0
18.677132,3.8242414,0
18.213589,3.1088598,1
4.7520876,2.7628767,1
2.1223044,16.016481,0
10.232795,11.690357,1
13.89655,-0.11434713,0
6.1000032,2.533633,1
11.57439,2.9948096,0
15.604117,3.559876,1
9.877759,-5.4011025,0
10.551547,11.363954,1
6.0551033,0.58941424,1
-4.0472775,3.2325892,1
14.260343,-0.73480976,1
-5.189629,-2.4054894,1
2.6703913,15.192366,0
12.6261215,14.060478,0
3.886281,3.0109615,1
-3.6549604,12.845121,1
-3.7176983,12.618545,1
8.302903,-4.588069,0
3.3087432,17.26572,0
12.460313,-6.1032257,0
6.258754,5.337161,1
8.719176,-4.1732736,0
15.253577,8.402826,0
3.5918212,1.3146306,1
6.9470215,5.351651,1
13.643793,-0.59121937,0
15.660392,9.985777,0
-5.3160067,-0.6598777,0
12.351996,-5.071134,1
19.079876,3.9648488,0
15.578938,8.209463,0
-2.0978618,7.2877574,0
10.247197,-4.1993713,0
17.553438,1.4287499,0
9.792197,-3.3641818,0
9.33419,10.263178,1
-4.370623,3.7672517,1
12.246139,3.2867377,1
-3.464475,14.102598,1
11.741367,-4.799418,0
5.4978614,3.059959,1
8.871491,9.484796,1
12.358499,15.656151,0
3.0513356,0.9930677,1
12.238899,-3.4749515,0
13.9848175,14.685231,0
13.212264,-4.6157603,1
-1.8419951,-3.0752218,1
9.58518,11.933301,0
17.581432,0.93118453,0
3.4803967,17.250101,0
11.003638,-5.136162,0
-5.1993046,-2.0748758,1
11.68984,6.8056183,0
8.428483,10.231746,1
16.572485,7.9897275,1
6.606535,0.9357185,0
17.033264,1.6672165,0
17.618101,2.3251598,0
-2.3015862,3.3446405,1
1.8180336,15.6982155,1
-4.50471,3.8514256,1
6.91514,0.6338591,1
8.41882,-4.952575,0
3.1520371,1.1107042,1
10.932681,1.531137,0
6.27443,0.969633,1
-4.134958,3.371664,1
-3.173036,12.676332,1
10.223959,-4.3910704,0
10.347443,7.658064,0
6.3276157,3.873083,1
16.640121,8.8611,0
12.100788,3.010141,0
-3.6930325,12.796794,0
9.449509,-5.035928,1
8.91367,-4.3154535,0
9.430242,-4.854339,0
10.055814,13.4639435,0
6.613276,0.99977,1
-4.2128186,12.238538,1
13.96743,-0.75482094,0
12.15353,-4.11968,0
12.537917,3.0808203,1
2.0207334,15.430169,1
15.662107,8.248732,0
6.6761184,4.911165,1
-4.489053,3.4114227,0
-3.0840619,12.494192,1
11.415491,-3.600331,0
6.8198366,12.155414,0
11.652528,-6.1091685,0
4.013315,1.3310753,1
-5.32105,-0.64549375,1
11.220396,2.3375728,0
19.303406,3.759494,0
10.451284,14.377919,0
10.992665,11.499171,0
-2.1032705,8.60651,1
3.1818864,1.0770319,1
16.201366,8.820172,0
6.128725,1.1638259,1
-1.2516987,-4.2504888,0
5.516799,10.678966,0
10.315941,6.7950892,1
6.3992934,11.205901,0
9.856934,11.772739,0
16.074026,9.844629,0
19.614273,2.7324672,0
13.059976,6.589379,1
11.934707,13.091103,1
6.137995,5.058237,0
8.742266,-4.1917167,0
2.211653,16.599335,1
15.618863,7.6900716,0
11.982506,2.884961,0
-0.81486225,-3.5226104,1
8.720868,-4.0183997,0
12.72073,14.063899,0
12.27241,-6.542655,1
6.7756133,12.157491,1
13.669331,14.600886,1
10.676778,-6.3552656,0
11.830567,6.471212,0
11.698349,1.9904323,0
2.4258318,16.844383,0
19.665335,3.3300414,0
12.201175,13.52154,1
-1.9678776,7.6562357,0
6.3886137,4.92767,1
9.017443,-4.4500246,0
13.070579,-6.3628006,0
8.718196,9.260324,1
15.80443,6.516141,0
11.253484,0.76184344,0
4.1485534,3.389768,1
8.8798,-4.104855,0
10.26572,6.94559,0
3.8073497,3.0130253,1
10.847958,12.145325,1
-3.4454389,14.022869,1
18.191053,1.1660526,0
-2.3402665,6.9646144,0
13.692666,-5.200918,0
10.376224,6.8227034,1
8.614053,-5.1413093,0
14.093473,15.250993,1
11.153918,1.4465606,0
11.254288,2.2498178,1
12.822968,-3.341611,0
8.628374,9.355822,1
13.673534,15.064748,1
14.092085,3.919539,1
-2.8689158,7.605725,0
16.507145,9.070583,1
-2.6650238,-0.5015051,0
18.524569,3.5509493,0
14.059053,4.0271926,1
13.450375,-5.987019,0
-2.1757872,7.1315145,0
12.852832,-3.9576647,0
6.119731,3.1306138,1
7.1051283,1.0139831,0
15.837735,3.863176,1
15.581661,3.745357,0
-2.2579746,3.3521047,1
10.709478,-5.861328,0
-2.6075566,-0.30349344,1
13.152381,-6.126364,1
4.7207637,3.2514741,1
-2.0181663,8.56605,0
10.2837715,11.710306,1
5.666156,11.402657,0
11.632622,6.9101725,1
7.170516,5.4160905,1
6.4496193,3.9542625,1
12.222314,-5.9799485,1
9.977952,13.79688,1
18.102747,2.8049421,1
-1.5071305,-2.9887862,1
4.288018,1.2846988,1
11.760832,3.210816,1
11.443966,12.541334,1
12.24312,-4.6037116,0
5.86074,10.713499,1
4.15453,0.75126946,1
15.311749,9.052424,0
3.311875,16.622444,1
9.966249,-3.143618,0
15.638688,6.8319173,0
-5.2048035,-2.4633446,1
12.34536,-5.1921062,0
17.579496,2.0522666,1
13.295146,7.1797643,1
10.086304,11.58826,1
9.544476,14.276683,0
2.2801921,17.74272,0
15.661072,7.679703,0
-1.0402489,-4.215401,1
-4.7884836,3.6604297,0
12.156983,6.271974,1
5.527863,10.677212,0
-1.6133693,3.9659948,0
16.157196,7.942705,0
-3.1754308,14.1361065,1
-1.3486756,-4.0364494,1
4.483521,0.9488815,0
11.974532,-2.7966146,0
-2.8545682,8.117858,0
1.6816019,16.245525,1
12.1962,3.0200748,1
7.721209,4.1848807,0
4.2601967,3.2525048,1
9.303314,9.898083,1
15.567545,3.7658885,1
17.48353,1.3939726,0
-1.4863412,-2.916873,1
12.099154,6.399691,0
12.244889,15.018163,0
13.620272,15.54572,1
18.460121,3.7917485,0
12.16007,15.482874,0
9.695236,11.985975,0
13.426549,7.9241495,0
-4.132979,3.360976,0
18.297655,3.0153563,0
-1.4843687,-2.9295063,0
13.555899,-4.7124376,1
-5.2477,-0.76353973,0
10.970112,-5.09756,0
-2.184449,8.046353,0
6.2448754,5.34293,1
14.092705,-0.49131966,0
3.3536296,16.919144,0
-4.8925333,-1.5581036,1
11.632032,3.0726426,1
-5.19045,-2.0596273,1
8.801939,-5.031392,0
6.1325464,5.1166635,1
9.472602,-4.9998546,0
-5.3095756,-0.66638345,0
11.784864,3.292442,1
15.494687,3.7536328,1
5.8618207,10.708408,0
8.857305,-5.218985,0
7.1260056,5.540604,0
-4.6970854,3.8417687,0
13.152105,15.579606,0
8.271595,-4.53469,0
6.288597,5.044073,1
12.236606,13.864798,1
9.178039,-5.3551126,0
2.018043,15.351442,0
10.08002,14.580316,0
9.63282,11.902075,0
9.420147,10.365256,1
18.708858,2.732375,0
15.8905525,6.620937,0
13.4523535,-6.174116,1
-4.019282,3.334139,0
-2.3309975,8.522124,0
-1.7296174,-3.4487948,1
-3.6309927,12.761072,1
12.338879,-4.757657,1
4.7677503,16.914387,0
-3.4967275,14.1055155,0
8.896445,-4.150241,0
3.936881,3.5593193,1
-1.3043096,-3.1322267,1
10.586817,11.676524,1
11.923554,13.082063,1
9.605863,11.921946,1
-4.4371905,3.804079,1
11.615041,6.7856097,0
10.319621,6.8734527,0
13.547881,14.163301,0
9.994045,13.551871,1
9.232898,-4.016849,0
-5.125533,-2.4852054,1
5.873183,2.8922305,0
6.250496,2.1152313,1
15.883801,6.547199,0
16.713905,8.04934,0
-2.902319,8.013166,0
13.823702,-5.575621,0
13.441978,14.532805,0
13.560993,-5.982388,0
-1.3026164,-3.0339696,1
3.3728957,16.857874,0
12.226695,-5.9646297,0
5.6639843,11.381114,0
3.9473014,16.162731,0
5.892356,3.0209126,1
14.325408,3.8517773,1
15.819855,8.178532,0
13.908794,15.314844,0
4.4202633,16.591167,0
-5.21727,-0.7959179,0
9.923443,-3.3400896,0
12.383161,-4.2379127,1
16.524893,8.590827,0
19.451996,3.502505,0
2.881536,15.376743,1
13.403582,7.1850224,1
-3.7170324,12.734555,1
15.6669445,9.902979,0
8.484196,-4.821672,0
-5.286083,-0.7241441,0
3.8199117,2.984439,0
15.198533,7.7742405,0
-2.0029154,8.568695,0
11.4974575,-3.0535605,1
2.15964,15.37047,1
3.6331322,1.228335,1
13.088491,6.6347594,1
-3.9203544,12.683704,1
2.016455,17.323692,1
-2.0416207,4.035313,0
17.90425,3.5373242,0
-3.6231961,12.317235,1
-1.2579536,-4.2554092,0
2.3509138,17.468145,1
2.4006155,15.104687,0
10.96072,-4.810006,0
6.182825,5.0384574,0
2.7091713,15.887911,1
10.002997,14.563853,0
11.609971,6.946053,1
15.793182,9.249691,0
11.028896,-3.7714891,0
-2.168157,7.3331237,0
16.297512,8.109683,0
11.077885,1.5504297,1
13.280194,14.578132,1
10.428412,-2.861626,0
2.7552803,16.130322,1
-3.7174497,13.737854,1
11.737432,-4.2542634,0
1.7977597,15.772021,1
13.204068,-4.4620056,1
17.77326,2.9384058,0
-4.5519953,3.372045,0
2.480423,16.899944,0
12.2740135,-6.451036,0
19.164013,3.9756534,1
15.439159,7.8608265,0
10.363359,11.736012,0
14.191371,-0.4618998,0
-4.994362,-2.0399756,1
-2.549375,-0.30943936,0
8.68489,9.904308,1
5.366369,3.2016776,1
13.996726,4.079082,1
15.793429,10.027784,1
3.3972144,16.98942,0
3.7947342,1.1646812,1
13.669348,-4.6998553,0
-3.847702,12.601808,0
8.606846,4.156241,0
-1.6815186,3.8212821,0
9.7611065,13.629775,1
15.837287,3.8874562,0
9.703222,14.601333,1
8.640518,10.312218,1
14.320013,3.8514898,1
15.393159,8.046522,0
13.63055,-0.49799973,0
12.181865,15.5764475,0
5.8311763,3.496842,1
2.3490608,15.0281315,1
-2.9467347,8.033986,0
9.270621,-3.741538,0
6.147902,5.1440988,1
16.268286,9.581182,0
-4.321553,3.3349187,0
2.006621,15.323581,1
7.1248975,0.6868478,0
-1.5403064,-3.4205315,1
12.516078,13.121799,1
13.885611,15.037682,1
7.0050583,5.326675,1
16.15381,7.7702093,1
-2.9867887,-0.75990784,1
-3.205715,12.435457,1
15.7696495,8.789051,0
3.0819194,1.0084938,1
13.227178,-3.7338197,1
13.966907,15.302323,0
-5.2469563,-2.2405317,0
4.6999917,16.955175,0
7.0419574,0.58574414,1
-2.8179965,8.440765,0
15.268257,8.811644,0
9.567432,10.296574,1
13.625509,14.509036,1
3.088984,16.966854,0
12.872753,-3.008271,1
2.7406774,15.224184,1
8.400118,9.674854,1
-5.065092,3.901498,0
9.266334,-3.7517824,0
9.743116,14.568815,0
13.738263,14.685112,0
-3.4994469,14.101512,1
-1.8069378,-4.9003215,0
-5.413277,-0.5532741,0
9.145751,-5.665283,1
9.853666,11.875821,0
17.522682,1.595284,0
13.627952,15.098391,1
-1.7059356,3.8304558,0
10.445316,6.642868,0
8.523942,-4.358951,1
10.168383,7.413038,0
8.977891,-3.8809586,0
-2.9558883,-0.7160812,1
9.181185,-3.9824824,0
13.519632,-1.0876588,1
-2.0856888,3.6825178,0
14.064438,4.1490564,1
10.416578,7.4474697,0
5.1140084,2.4799116,0
13.783456,7.8805203,0
13.943838,-0.8109676,0
15.797134,3.712931,0
13.440852,-5.4207783,0
11.289115,1.5192341,0
10.054152,13.476501,1
-1.7545966,-4.87063,0
12.937214,14.91139,0
15.362676,3.4110792,0
-2.261693,8.093536,1
11.14256,1.3871356,0
15.857463,8.108593,0
6.2873507,0.6075345,1
19.688774,2.6958232,0
-4.3196,3.7227597,1
7.0462365,4.4758167,1
13.657632,-5.903,0
2.7977262,16.417282,0
10.375508,7.438636,0
11.7641735,12.975047,1
10.812098,-5.543223,1
7.3995113,4.6886673,1
4.3538876,1.7173233,1
3.9466834,0.5113934,0
13.979407,-5.69185,0
18.018751,3.543568,0
6.0670643,11.312322,1
-2.7778618,7.8058743,0
8.700424,9.26631,1
13.698153,-1.242849,1
-1.1630044,-4.2813144,1
11.46299,-5.546278,0
6.891735,12.225446,0
13.111239,6.6136203,1
10.979859,0.96887577,1
7.126052,0.656932,0
-0.92515427,-4.312328,0
8.475799,9.671958,0
-3.848885,12.4917555,1
-1.9130802,3.6163933,1
4.6129436,17.161701,0
-2.3566613,3.810714,0
-4.1260753,3.372514,1
8.340526,-4.6721754,0
-5.2725797,-2.5039353,0
13.995279,14.811254,0
5.5560665,10.705292,0
13.563579,-5.3879514,0
10.881063,-5.192782,1
6.516172,5.3651586,1
-2.0285258,3.6803906,1
6.150381,1.1498734,0
13.591973,-6.003085,0
12.218296,-3.5676816,1
-3.384646,12.191868,1
13.2459135,-4.264647,1
13.316258,7.1673098,0
10.99241,11.473205,1
9.62719,14.361724,1
7.544351,4.6805167,0
19.31344,3.9370956,1
13.0168915,6.6952825,1
9.712658,-5.7310796,0
4.3419805,2.9420798,1
-4.137194,3.7500918,0
-1.8691455,8.297298,1
11.777758,12.859302,1
13.02742,6.9980073,1
10.733761,1.0697627,1
6.269501,5.306963,0
-2.6266387,-0.3051894,1
11.665582,1.0084115,0
12.947866,14.048615,1
2.9040823,16.806969,0
4.5035586,17.125908,0
3.993506,0.74231285,1
-1.8189604,-4.916115,0
2.0503864,17.157417,1
7.1968484,5.218091,1
11.730416,-6.0443196,1
7.0811906,0.55951434,1
16.218706,9.623152,0
7.030581,0.700842,0
16.37005,8.484717,0
12.344184,13.121747,0
8.52365,-4.1736207,0
11.039794,-3.3992882,1
13.882969,-0.09939424,0
9.266374,-3.6982665,0
10.417247,14.385449,0
16.054522,7.7824216,0
2.9025514,15.998307,1
11.279365,-6.377724,0
10.28852,14.513702,0
-4.3442364,12.314577,1
16.666538,8.6000805,0
7.1905603,5.4752865,1
-3.4530103,14.015797,1
2.7375064,16.474703,0
-1.8842255,-3.8647277,0
3.8388066,16.0012,1
8.789383,9.474497,1
4.1454473,3.6773157,1
2.274259,17.70576,0
-1.0939741,-4.207136,1
10.473468,7.245,0
16.273233,9.126412,0
-2.8094378,13.1071615,1
2.4735477,17.075115,1
10.094899,7.223287,0
18.24295,3.623992,0
13.5395,15.65426,1
12.3982,12.95473,0
-5.516512,-2.9554286,0
7.4106708,5.2532744,1
9.288781,13.880609,1
16.79871,8.565249,1
4.8295455,2.3114305,1
9.929091,-5.399416,0
16.4362,7.7933273,0
5.715556,3.1052394,1
11.475198,-3.2635012,0
19.611233,3.417538,0
-1.7035147,-4.9514446,1
1.58955,15.393862,1
8.785721,9.297063,1
1.7966877,15.168775,1
12.725365,-3.0372174,0
3.3116949,16.981237,0
14.064938,-1.2051994,1
18.752071,1.4116924,0
2.3135607,17.645145,0
1.5540369,15.623576,1
-2.9411385,13.120078,1
12.389243,13.130962,1
17.821648,2.658165,0
6.2521815,3.8975966,0
5.8914156,10.780408,0
2.229849,15.596656,1
-2.2262404,6.9164376,0
8.448711,-4.734036,0
-3.1650026,12.369211,0
17.264996,1.62564,0
12.937948,-5.405466,0
9.727752,-5.887473,0
-2.0562305,8.597036,0
10.562623,14.248446,1
-2.781941,13.137505,1
-1.6896116,-4.8719587,0
-1.4480855,-3.871498,1
6.9760904,12.183802,0
5.972334,10.741298,0
10.049917,13.513764,0
15.880502,9.881294,0
16.075937,9.923479,0
-1.8120488,-4.9204197,0
15.85034,3.9008489,1
11.0506115,-3.3949916,0
4.84454,16.99616,0
2.4803448,15.137934,0
12.8662195,14.390549,0
17.959452,2.2827687,0
13.237183,15.612624,1
2.4390938,16.17646,1
9.39299,-4.754807,1
9.408891,9.951045,1
13.856099,15.351556,1
12.622147,-3.5185232,1
6.6235156,12.272695,0
-5.2235627,-0.82687217,0
-4.6545405,-1.5100847,1
8.36876,-4.844321,1
10.40729,6.8776526,0
6.611195,12.314371,1
-1.9972788,4.1008306,0
6.7312784,4.015542,1
10.358973,7.1075788,0
11.743838,-5.646886,0
16.351587,7.442039,1
-1.9180247,8.757249,1
5.976405,3.4687238,1
13.804959,6.9870567,0
11.903851,-3.7674005,1
2.059168,15.925022,1
3.4476597,1.5290195,1
-1.925035,7.6795006,0
15.600349,9.988619,0
-1.8697073,-3.62993,1
-4.08491,3.6119754,1
15.888358,8.021794,1
10.598782,11.730186,0
4.8774767,2.3651047,1
13.99088,-5.5090246,0
11.542656,-5.422857,1
12.8110895,-2.9952567,1
7.104094,12.262233,0
2.6657352,15.947405,1
6.221297,0.26060995,0
13.584309,7.616759,1
19.224716,2.0955005,0
11.8676815,12.933532,1
13.48278,8.074802,1
11.7174,6.5300727,0
11.202456,2.4719512,1
-3.0301557,12.612479,1
10.929187,11.522596,1
11.765173,6.4648,0
16.001774,6.9916005,0
9.345743,-4.759597,1
9.489842,10.286178,1
18.025671,0.7761244,1
4.783677,2.8515835,1
-3.730195,13.976414,1
3.8348045,16.581345,1
15.997766,6.984779,1
1.789618,15.806832,1
-0.9092241,-3.4716554,0
9.126846,9.5849285,1
12.676097,14.36499,1
10.45304,11.487985,0
12.15133,-2.9990082,1
5.687243,3.145946,1
-0.6121627,-3.4757855,1
-2.9730396,-0.73347896,1
4.5423036,2.1225471,1
15.369221,3.481862,1
-1.8156376,-4.9132833,0
2.708558,16.171423,1
-2.1355565,7.207645,1
-4.049102,3.507707,1
12.271945,3.0591362,1
10.45244,6.6526923,0
4.0135193,1.8923038,1
18.904928,2.1959167,1
8.726352,-5.0101457,0
10.762246,-6.4622316,0
12.013523,-6.4119706,0
17.539534,0.8771956,0
15.890965,3.4960606,0
-3.2243004,13.934554,1
19.590944,3.457018,0
3.0946527,1.0145414,1
18.897284,3.8398519,0
12.818547,14.074842,1
18.018976,2.1667325,1
14.114049,14.490034,1
-5.155518,-0.82339746,1
3.180474,16.728487,0
2.5842986,15.686476,0
15.835995,8.751678,0
-0.90304273,-3.4465213,1
-2.8560243,13.076924,1
3.7314348,15.898906,0
16.18595,7.199354,0
4.6425323,17.10549,0
2.9481943,16.76037,1
6.446134,5.312657,1
19.30418,2.494353,0
16.712475,8.556844,0
6.2065997,2.6965442,1
11.303827,2.0550025,1
3.0982976,0.912852,1
7.452371,4.8041306,0
13.08692,6.7680173,0
10.277899,11.605554,0
11.822208,-5.3072815,1
3.9545977,3.2192478,1
13.1777935,6.642151,1
9.665591,11.996726,1
-1.0726951,-4.5957837,0
12.89824,14.896295,0
13.308285,15.685396,0
11.731519,-3.645564,0
13.587472,-4.25595,1
19.407497,2.0138333,0
14.390875,3.8161929,1
8.850064,-3.9564013,0
6.2400217,2.60298,1
-2.7904782,7.4750533,0
18.54481,1.8418561,0
5.5773115,3.7094767,1
-2.2888134,3.3733552,1
3.384236,1.0167607,0
6.327554,11.226766,0
11.8316965,6.4058104,1
6.834746,12.198142,0
16.192404,7.697138,1
8.437929,-4.511524,0
10.854416,-4.9187446,0
19.582853,3.477234,0
6.305506,4.0589604,1
-3.5840676,13.436648,1
9.299947,-3.8747332,1
10.407082,6.6209836,1
10.153892,-3.1774712,0
12.32009,-3.9812605,0
5.688179,1.5561922,1
6.312799,0.66477287,0
5.7058673,3.2039504,1
-4.704629,3.6312861,1
-3.917462,12.111658,1
13.517427,7.1282406,0
15.992057,3.7240036,0
5.3509817,2.8560612,1
-0.9791429,-3.4706821,1
17.75713,2.5574057,0
9.8640375,11.799134,0
11.94057,1.458105,0
19.127466,3.8129342,0
3.4404116,0.86170834,1
-2.1021883,4.049633,1
9.737316,-5.6621265,1
1.9909264,17.421886,0
13.931403,-0.1462604,0
13.447349,15.606448,0
15.452535,7.682536,1
13.396539,-5.3960857,0
2.722547,16.247633,1
9.141811,-3.909519,0
10.719226,-5.93382,0
16.124506,6.9941382,0
16.108772,9.025335,1
-3.7187114,13.981769,1
6.6423554,4.8258924,1
-3.7550006,13.956686,1
13.274062,6.6730943,0
13.291864,7.21085,1
5.9132347,0.7686593,1
-2.8468482,8.090167,0
-3.2737267,12.432834,1
-5.4029737,-2.9126635,0
3.7970924,0.7835154,1
19.344572,2.3313165,0
8.628776,10.038376,1
-2.1654365,7.3037233,1
13.281984,14.5027685,0
16.533218,8.5154085,0
8.356227,9.968061,1
-1.8382738,-3.0699244,1
16.466406,8.741801,0
-4.341797,3.810948,1
-2.1534274,7.4659867,0
-1.7243243,-3.0689373,1
-1.8494269,3.8213594,1
14.030817,-0.2359454,0
5.659397,2.6901221,1
-1.1739932,-3.4683106,1
16.074512,3.7496254,1
13.939566,-0.6731647,0
18.351065,3.7031817,1
8.396523,9.995826,1
15.43589,7.4099674,1
10.160601,7.6177096,0
3.361086,1.2797543,1
18.433445,3.9246435,1
-4.523078,3.5914361,0
5.503828,2.7961044,1
19.089695,3.9435556,1
12.291393,14.702207,0
-3.831547,12.359088,1
11.78855,-5.283656,0
14.198674,14.705457,1
-2.004702,3.5453324,0
2.4135656,16.863998,0
10.953342,-5.416018,1
14.085901,14.750332,1
11.68146,-4.979429,0
3.5679426,0.7317341,1
10.946235,1.7546304,1
13.76882,-5.2672143,1
-0.76243025,-3.495189,1
9.52101,10.096845,1
-5.241024,-0.7258287,1
-5.285635,-0.6826462,0
11.065271,11.540444,1
-0.8078313,-3.4932163,1
12.880168,-3.9355433,0
1.7937177,16.374252,1
15.313247,7.9961276,0
11.786877,1.1918309,1
18.798956,1.8483521,1
-5.094657,-2.4319496,0
-1.499355,-3.487663,1
19.43124,3.8974092,0
18.782969,3.9743013,0
-2.7799022,-0.2814267,1
5.9379783,0.5625384,1
7.393635,4.8708906,0
7.393472,4.73499,1
9.629556,14.587753,0
17.836302,1.1868633,0
12.2472725,-3.791154,0
17.664438,0.8911067,0
10.204112,7.0479355,0
18.018877,1.4922551,0
13.850971,-5.059831,0
5.743119,3.3897052,1
16.506031,9.268092,0
9.989826,13.517967,0
11.328743,-4.0728807,0
10.150391,11.591516,0
-4.3986363,3.6701999,0
-2.547515,-0.36320695,0
10.867139,0.9305245,0
15.527325,9.507213,0
19.404709,3.721195,1
8.465985,4.3625035,0
9.541679,11.935897,0
18.13739,2.58547,0
19.119654,2.583306,1
9.331451,-5.0473876,1
-2.1695266,7.5314016,0
9.925327,-5.3646593,0
7.03107,4.9094524,1
1.870848,15.331235,1
11.781378,12.736602,1
9.779316,14.753189,0
14.303399,-1.0544664,1
-5.3279905,-2.7275457,0
14.31666,3.8563325,1
6.98742,0.97969574,0
-3.6382585,12.772919,1
8.487001,9.690789,1
6.231099,5.287653,0
11.811972,-3.6305406,0
11.7963915,-3.3988247,1
10.361482,7.648693,0
6.1082697,0.6601139,1
1.6658412,15.794836,1
13.234203,14.643611,1
6.29759,0.6268194,1
13.33055,7.1455126,0
8.927743,-5.208191,0
8.61205,9.847152,1
10.223536,-6.270921,0
8.745206,9.572585,1
-4.9357886,3.9247549,0
8.604837,-4.3595343,1
-1.1493767,-3.515101,0
7.083406,5.1586685,1
-2.8139224,13.082979,0
1.5376697,15.549221,1
-5.220174,-0.73853534,0
11.256402,2.4133894,0
5.897767,1.3058274,0
10.474748,7.2253776,0
12.232342,-3.1429648,1
13.406722,14.595306,0
16.092293,6.9766808,0
-2.102219,4.043312,0
-3.339573,13.2762985,0
9.439181,-5.0872345,0
13.667211,-0.53966576,1
-0.8662014,-3.503679,1
-1.3610361,-3.044713,0
12.217063,-6.498458,0
-3.9512558,12.451181,1
7.29289,5.3026414,1
12.327715,-4.256564,0
13.467168,14.157482,0
5.600869,1.3882129,1
11.548146,7.005112,0
1.8889328,15.738866,0
10.893417,1.1343839,0
16.274979,8.554095,0
7.9708123,3.9320464,0
14.263988,14.727428,0
-1.3328068,-4.1705503,1
2.275197,15.85907,1
8.005494,4.1491885,0
2.2389493,15.871106,1
-3.0837376,13.06751,1
13.291867,-6.0282855,0
-2.802904,7.5913453,0
9.851413,-4.5162435,1
13.4259205,14.275098,1
4.823622,3.1879387,1
-3.5145264,14.065572,1
3.650606,1.6117486,0
13.600043,-5.5042906,1
4.1706595,17.119534,1
12.642269,-3.3667295,0
2.8533733,16.912498,0
4.498472,3.4670541,1
11.434232,-6.4281044,1
12.303053,14.86773,1
7.9179454,4.433166,0
3.1438124,1.090686,1
10.393468,14.450317,0
5.652063,3.3104725,0
13.091363,14.505114,0
12.422482,-5.3885665,0
-3.362847,12.253562,1
15.686085,7.896995,1
3.7827191,0.8596762,1
9.575469,10.298723,1
19.552404,3.273705,0
-4.2514863,3.2777069,1
12.2973995,-5.290027,1
-1.0951685,-4.1542463,0
-3.5580835,13.673064,1
-3.3311553,14.155169,1
8.946592,-4.2985115,1
8.027833,4.1868086,1
9.671134,14.645021,0
5.8785133,11.379639,0
-0.9266183,-3.5523424,0
6.194313,11.433381,1
15.972474,6.8028,0
3.261624,15.852029,1
2.201365,15.763556,1
5.830372,2.9203203,1
11.814022,6.488439,0
8.798349,9.593321,1
1.6464076,15.224046,1
-1.3405632,-3.7111995,0
11.79959,-5.249206,0
10.159137,14.571156,0
11.080576,0.82336134,0
7.332168,5.024757,1
10.592079,-5.8038206,0
-4.7843633,-1.8609667,0
-2.8142583,-0.2567171,1
18.243292,1.5128332,1
4.264853,1.8565625,1
7.189063,12.280551,1
10.486941,11.697798,1
10.269676,-4.645284,1
4.2085366,1.6011065,1
15.930109,9.638069,0
11.334736,2.6430392,1
12.8102455,-3.3065112,1
12.084575,13.354618,0
3.7199922,0.7112642,0
11.817476,-5.4788365,0
15.510312,8.006106,1
-1.6071217,-4.0719833,1
3.7447639,15.987345,1
-4.6569905,3.7427392,1
12.1810875,15.457808,1
6.5213056,5.2545485,1
7.98241,4.184783,0
15.873448,6.6115875,0
4.122994,1.812999,0
1.7073791,15.285847,0
4.99952,2.7682383,1
16.641733,8.621511,0
19.660059,3.0309618,0
10.207737,14.511302,1
16.207645,9.122748,1
8.239405,-4.5633507,0
11.871005,13.362875,1
9.710757,-6.072945,0
15.542124,8.195445,0
7.2425246,5.416355,1
-4.3299356,3.7458494,1
8.772085,10.07116,1
2.6528056,17.02814,1
13.504579,-1.1049125,0
3.566628,1.0679727,0
-5.144001,-0.94800544,1
6.246449,5.2489824,1
-3.2613282,14.199349,1
-2.6870174,13.344457,1
6.9105134,0.75994074,0
13.584464,4.1990924,1
13.6187315,-5.891025,1
11.080428,1.1857381,1
-1.790041,7.8387103,0
12.494938,15.072398,0
17.618326,0.98579305,0
19.077211,3.0902407,0
10.524656,14.461746,0
-2.8406792,7.8106775,0
15.764872,8.376143,0
12.191527,15.66086,0
11.727905,-5.7247257,0
2.2819989,17.749887,0
10.711572,-6.0890102,0
15.878013,9.856138,0
-4.1847615,3.7329435,0
9.584338,-4.498876,0
18.909752,3.3300781,1
11.045822,11.597574,1
7.2339406,0.7916588,0
2.2954617,17.740643,0
-4.950845,3.8957374,0
3.1393712,17.277239,0
10.337078,-4.4439764,0
6.236632,2.6928031,1
1.9347262,15.264873,1
10.408111,11.607971,0
-5.248618,-2.222468,1
12.867967,-2.9976137,1
12.727008,6.6608315,1
13.522313,-5.6676874,1
-1.8740379,3.8093545,0
18.11857,3.0856845,1
4.078599,1.8484834,1
5.932616,10.744118,0
12.174871,15.353992,0
18.617708,1.3879366,1
-2.5457802,-0.36939391,0
6.2960467,0.70267844,1
5.6818595,1.2925696,0
12.472617,3.292153,0
6.9927974,4.1221747,1
17.50796,1.4230589,0
-1.6324475,3.789473,1
6.074189,2.5200796,1
5.969669,0.54493195,1
11.809174,-3.6936867,0
13.44307,7.999652,1
2.6840773,16.497633,1
-2.136254,7.174246,0
9.716512,11.879095,1
13.047552,-5.951299,1
15.569596,8.925117,0
-2.7221344,7.853434,0
1.5542535,15.369908,1
-3.008791,13.873394,1
18.254288,2.0946913,0
1.9025793,15.434106,1
10.9724455,11.453002,0
-1.7658882,-3.0144756,1
-2.8451352,8.162828,0
12.337944,13.078081,1
7.2608967,5.349411,1
-2.11545,7.305611,0
11.584049,-4.9417186,0
15.628688,6.626919,1
7.068686,12.133095,0
3.672156,16.06534,1
10.417782,14.382117,1
4.071776,17.06214,1
15.815409,6.9201846,0
12.235267,-6.4863005,1
-2.7323651,13.130523,0
18.68792,3.481345,0
4.122476,3.73181,1
10.537087,14.389775,0
14.3796835,-0.756004,0
12.277568,-2.5618172,1
3.8290915,3.6188087,1
4.847172,3.7130122,1
15.579074,10.046692,0
11.047231,1.0358036,1
13.667529,7.900635,0
9.782244,-5.9820733,0
8.513624,9.898709,1
19.289991,2.429918,1
3.3279545,1.3631487,1
14.276789,-1.0773797,0
4.220996,3.07624,1
-2.1731877,3.4120405,1
4.4638667,16.798393,1
9.729626,-6.083017,0
11.167083,-2.3547962,0
-5.295634,-0.7158795,0
8.427959,9.609438,1
11.602174,6.9430485,0
13.848435,-1.2255807,0
-1.2228231,-3.1272478,1
10.973275,1.1060793,1
-5.1895795,-0.8670788,1
10.726085,-6.3516345,0
2.0850823,15.418245,0
5.090819,2.7914956,1
11.952464,2.6481287,1
13.91562,-0.14242426,0
9.931309,-5.4203696,0
14.063306,14.360228,1
12.330605,13.15213,1
18.736244,1.3327262,0
11.754927,-3.7592285,0
2.764837,15.311061,0
-2.7962985,7.4407706,0
-3.1229038,13.654039,1
17.060072,1.7365593,0
10.867577,-3.2578213,0
1.9143951,15.400966,1
18.868618,3.7418191,1
-2.843258,13.14288,0
12.730129,-4.051564,1
11.628087,6.9309635,1
6.0620923,0.83634835,0
15.905899,6.586396,0
9.756016,11.866652,0
8.600747,9.820845,1
3.4197645,0.9032353,1
7.0049715,0.59857047,1
11.670863,1.203756,1
12.130975,-6.41874,1
-2.0860229,7.2201796,1
10.915217,-3.7221415,0
12.164479,-5.93003,0
17.834518,3.3518379,0
-2.1045349,3.514085,0
9.857626,11.92277,0
17.706121,3.6733484,0
19.453806,3.5994673,1
13.857669,-1.2289739,1
-3.6736717,13.57325,1
-1.9108647,-3.1295676,1
13.6451235,-0.57358193,0
13.686284,-5.8077636,0
11.311819,0.753234,0
11.037204,11.890071,0
-2.9247196,8.026315,1
5.558924,10.69332,0
13.030589,14.134128,0
-2.8153467,-0.3223024,0
7.9323645,3.909501,1
8.113248,4.121548,0
3.867719,0.5609757,1
10.2993,11.462684,1
15.953481,3.5717087,0
-4.7571645,3.8302805,0
15.842833,6.443916,0
11.994757,2.8427029,1
2.7311256,16.09953,1
12.436009,3.4145525,0
2.5596852,15.945876,1
11.318479,1.7329354,0
-3.0817327,13.917094,1
9.758638,14.530783,0
6.3089414,5.018697,1
11.158788,-3.3523076,0
11.616904,6.940617,0
11.652999,1.1882509,1
-5.329204,-2.7315788,0
3.9809902,3.4138622,1
8.782856,-5.027754,1
5.8114967,2.9738286,1
11.994715,-4.903734,0
9.655927,14.646349,0
4.4745226,1.0635198,1
12.368406,13.100015,1
-0.6070842,-3.508904,1
7.268866,5.2942677,0
6.2120647,5.1929817,1
5.6242757,3.8038156,1
10.066998,-3.178466,0
13.708207,-1.2078671,0
17.759806,1.3513016,1
13.48007,14.252156,0
14.013103,15.064176,1
3.460529,17.25542,0
13.766911,-5.708918,0
13.078924,-3.7806501,1
-3.237826,14.208816,1
-1.7523639,-4.874735,1
12.535565,15.261094,0
19.441336,2.4362783,0
9.827318,13.629303,0
3.8969686,3.2336164,1
8.751781,-4.781682,0
4.5000916,17.024595,0
3.269611,16.595804,1
13.158571,-6.288554,1
12.447788,15.535524,0
2.488901,15.049374,1
2.279429,17.744953,1
5.611481,3.726695,1
16.216782,3.7025232,1
-4.201921,12.443512,1
-2.587822,8.454401,1
-1.7363763,-3.1942513,1
9.72518,11.852687,0
16.17424,9.611937,0
9.9516535,-5.470207,0
-2.7727785,7.4494686,1
8.96617,9.426412,1
10.071773,13.424592,1
-3.7229297,12.479224,0
4.2237434,17.01514,0
17.697771,1.9719403,1
-3.617245,13.523624,1
-2.5493324,-0.37212074,0
2.7603536,15.266247,1
-5.0883436,-0.92715144,0
1.6113348,15.742868,0
13.332306,7.1227484,1
7.214078,5.3050456,1
12.652556,14.22088,0
11.079362,-3.3692229,1
9.503056,10.952339,1
6.2938104,5.218368,1
1.9537439,16.13226,1
-1.7361727,-4.345858,1
-2.674327,-0.46770436,0
-5.0740914,3.954431,0
3.5107744,15.982758,0
-3.0253487,12.910214,1
13.643464,14.475232,1
3.3645265,16.941065,1
-3.3162515,14.18643,1
-5.189287,-0.84294087,0
11.273266,-2.9936724,0
-2.5961168,7.965672,0
6.1231837,11.410071,0
13.079519,-6.1877947,1
6.0292716,1.3913445,1
19.26652,2.1062722,1
12.951581,-1.7068638,1
4.138133,0.96257097,1
18.91567,3.7551813,0
11.708769,3.1203806,1
-3.665843,12.57979,0
10.4515705,6.627004,1
-2.6375546,-0.29274648,0
18.66065,3.991905,1
-1.5600487,-3.0379765,1
15.334907,3.5544746,1
13.8540325,-0.18905124,0
11.105357,-6.535128,0
12.183636,-6.3351016,0
13.539311,7.3689504,0
-5.1760354,-2.0008888,1
9.569295,14.273171,0
3.8935275,15.993381,0
9.844594,-5.3588142,0
13.327725,-6.290693,0
13.397988,15.5460825,0
10.239888,-3.0995684,0
-2.7542686,-0.33997566,1
11.398442,-5.65285,0
3.6478484,3.351946,0
-3.7072587,13.600387,1
13.4259205,7.886597,1
-2.9364333,8.022156,0
12.47087,2.831996,0
-5.0156193,3.843412,0
4.1427813,17.126848,1
15.956713,9.30201,1
15.30593,8.6931925,0
9.964631,14.497769,1
6.2532506,12.047604,0
2.238097,15.841549,1
15.823369,6.4300733,0
-4.9417415,3.8274884,0
-0.6725508,-3.5990133,0
3.799663,16.983643,1
-5.1530337,-0.8906317,0
1.7565354,16.274885,0
17.592342,1.0643456,0
14.091311,-0.6839598,0
-2.5027864,7.804948,0
14.145522,-0.6672699,0
9.786232,14.577466,1
11.863841,6.2955933,1
10.603348,-6.2873015,0
17.905437,1.1497532,0
15.3902025,3.419539,1
17.997719,2.4136868,0
17.712133,2.4600308,0
4.469449,16.542116,0
16.040878,6.8113523,1
18.30288,1.6853294,0
13.49443,-1.0943391,0
-5.402537,-2.8148565,0
-2.7625003,7.89336,0
11.264348,-3.049283,0
12.190089,12.908341,1
-0.8328522,-3.662701,1
10.582983,11.386005,1
10.002592,14.568696,0
19.369589,3.3705893,1
13.333582,7.3146343,1
-1.9254825,3.7334707,0
10.683918,-5.8044453,0
4.886254,2.3340268,0
8.577796,9.938846,1
11.50104,1.4548538,1
13.766109,14.970231,0
12.976741,-6.3955045,1
13.549495,-5.2390637,0
6.6679363,1.177558,0
10.425045,13.9855795,0
-1.7445835,-4.876416,0
11.691598,6.7651315,0
-1.8007519,8.092908,1
7.2635183,5.079479,1
19.204065,3.2632308,0
-1.615126,-2.965868,1
11.36031,-6.1242895,0
-2.7685366,7.530413,0
4.468216,3.4905026,1
4.075778,16.189585,1
3.9929764,0.5432733,0
12.546094,-2.6485841,0
15.38825,7.635447,0
13.553493,7.457149,0
16.11213,7.196579,0
13.163046,-4.6541147,1
17.950878,3.533129,0
13.3797035,-3.6684077,0
15.299546,7.7338877,0
11.934149,12.947365,1
14.046379,-0.62871873,0
-3.4492717,13.430256,1
17.817823,2.3923607,0
8.512286,10.307142,0
11.164887,-6.37937,0
-1.8190145,-3.070973,0
14.069031,3.9940457,1
-1.0601614,-4.577572,0
11.1149845,0.8374717,1
-4.660543,3.4530654,1
19.030209,2.5365105,0
13.468451,8.086477,0
11.964875,12.791315,1
-3.7984288,12.105316,1
13.794676,-1.0544426,0
-1.221134,-3.137888,1
11.449132,12.554048,1
6.5205665,1.6990752,0
13.043339,14.004581,1
13.031465,-5.088359,0
6.1432242,11.432356,0
2.1317408,15.817836,1
3.514225,1.480978,1
-1.6752127,3.8006399,1
13.964766,-0.75419414,0
7.1517015,5.282784,1
-1.1977803,-3.126101,1
18.94781,3.290903,0
4.374059,3.5442789,1
3.1113646,16.189665,0
18.22586,1.0894887,1
-5.3349757,-0.66624963,1
9.79639,14.556581,0
-2.637772,-0.4438616,0
4.067864,1.8387827,1
-2.0467927,8.585909,0
3.666628,1.5226871,1
-3.0185251,14.132932,1
11.146507,-3.0907788,0
11.061265,11.876849,1
-2.3992593,3.8028755,1
4.4799495,0.99358267,1
10.395028,13.998602,0
17.734814,0.7416496,0
11.444308,-6.0158305,0
7.73944,4.2288337,1
-1.7179203,-3.8579733,1
6.5100284,4.849403,0
-1.4773355,-3.3908112,0
9.766969,-5.930501,0
13.619478,-5.5678883,1
10.477604,7.3965945,1
11.810713,1.1019198,1
4.945153,2.3502371,1
-3.0623279,13.661832,0
16.273598,8.169126,0
10.328026,7.493161,0
1.9089279,15.403387,1
3.34796,1.3104876,1
2.7404814,15.251026,1
-1.7076838,3.6720006,1
10.258334,11.744398,0
2.7573814,15.828985,0
1.9943136,17.135088,1
15.735408,6.5832973,0
12.91571,-5.4275937,1
2.3116155,17.693079,1
-4.525618,3.4694757,1
13.832825,-0.2600959,0
19.052727,2.2176347,0
9.621447,11.935839,0
6.8825264,0.8626426,1
6.1094027,3.13072,1
12.976699,-4.0221696,0
9.822336,11.813534,0
6.73691,4.0306787,1
11.695103,6.6783094,0
13.311423,-6.275558,1
-1.0767301,-4.6038737,1
6.0441403,5.173799,1
-3.1906166,12.595683,1
3.3963106,16.69523,1
-4.058199,3.351301,1
12.942913,-3.953564,1
12.126873,15.334862,0
9.646205,11.9335375,0
19.212252,3.228973,1
3.4862294,15.919932,1
13.901713,-0.68592006,0
3.5428383,0.67695576,1
10.712583,-4.8398795,0
8.410892,-4.9647293,0
3.7309272,1.7247821,1
12.348526,13.892346,1
18.729527,3.2829194,0
4.753052,1.897446,1
2.4874651,15.208952,1
-0.8396302,-3.493587,1
2.0093336,15.481453,1
12.718831,14.268862,1
3.776823,0.89201134,1
17.971191,2.5040512,0
9.269475,-4.0038366,0
3.2575607,16.93407,0
13.396329,-5.3968034,1
15.951213,3.7261913,1
-1.0411208,-4.610687,0
10.486343,-2.877956,0
12.774716,14.2181225,1
3.3716571,16.808413,0
-2.772839,-0.37027192,1
-1.401952,-2.995931,1
11.825492,12.79741,1
-2.0412471,8.60998,0
13.503811,-6.140526,1
10.490293,-6.1329484,0
-3.2556436,12.49526,1
-5.241491,-0.74139786,0
-4.0902677,3.4087338,1
-0.9326106,-4.245068,1
-2.916335,-0.69082063,0
6.3729467,0.60340714,1
11.723598,1.2750022,1
-5.4264326,-0.53585166,0
7.021746,4.220688,1
11.705167,-4.72968,0
10.3301115,7.5481005,0
14.272549,-1.0825915,1
3.9746633,16.115726,0
2.2629771,15.58247,0
11.782229,-5.8236322,0
-4.940113,-1.5168326,1
13.305823,14.707239,1
13.589281,15.043555,0
11.07871,-5.0514903,0
15.652229,8.768028,0
11.360528,1.580001,1
-3.301393,13.892631,1
18.13367,2.5653474,0
5.801151,10.846905,0
12.408291,15.176793,0
6.8756742,4.0300226,1
-2.8721871,8.299825,1
1.9684649,15.81297,1
8.283402,-4.5052996,0
15.920407,9.810451,0
-1.3073808,-4.1636744,1
12.711999,4.3675656,1
11.017092,2.2105577,1
12.381665,3.0834851,1
8.485602,4.3480883,0
-1.5715648,-3.0230258,1
18.351881,2.1354647,1
-3.3719594,12.178067,1
6.234109,5.3489885,1
3.0640008,16.156647,1
-5.2671742,-2.6512136,0
-5.2420144,-2.5815618,0
11.207482,-6.373528,0
19.702673,2.7482693,1
17.511986,1.0834104,0
10.421504,12.009676,0
-2.222888,3.3695595,1
11.683521,-4.9359846,0
-2.128979,7.2660713,1
11.745959,1.0662504,1
6.2264466,5.1456804,1
4.4739227,16.517847,1
11.963926,12.843394,1
10.318457,11.839098,0
9.250476,13.996091,1
-1.2179732,-3.14463,1
6.1008754,11.421617,0
-3.9875774,3.4298565,1
10.57948,7.0898905,0
18.963617,3.8346272,1
-1.7987164,-3.9886036,1
3.9064348,1.282012,0
9.70698,14.665407,0
10.692923,-4.5649476,1
9.63595,11.948472,0
3.808262,0.48970443,1
8.497104,4.3762965,1
10.914063,12.306769,1
9.1469145,-4.8035064,1
3.4155624,17.218655,0
13.183255,6.6222134,0
10.343176,-4.426316,0
6.0568156,10.785197,1
-5.1240015,-0.87231356,0
18.436367,3.2450185,1
3.9471567,2.940801,1
1.8416388,16.192223,1
5.5452,2.9550245,1
9.788427,12.128612,0
-3.2378657,14.027164,0
7.0181065,4.129258,1
-3.1813085,14.160677,0
-1.7927103,-4.1668854,1
2.6435187,15.082215,1
-1.1754453,-3.1282737,1
-2.4730227,7.982765,1
-5.2209377,-2.0992377,1
9.946876,14.0521345,1
19.43744,3.8101628,0
6.1264443,3.0828469,1
-3.1893036,14.147599,0
3.9639852,1.7544204,0
9.659575,14.394686,0
-4.622799,3.5236976,0
5.496761,3.2595625,1
13.83918,6.9617124,1
11.08223,1.9675944,1
10.726501,1.120863,0
-2.207926,3.550113,0
7.4576225,5.1134977,1
-4.363178,3.4750645,0
9.348414,14.010504,0
11.799052,-2.1159322,0
-2.1973128,7.333266,0
13.750726,15.404905,0
9.639051,14.599295,0
-2.169628,7.504963,0
16.296417,8.143983,1
10.169491,14.506224,0
-3.0869956,13.588524,1
7.7636137,4.2495728,1
10.208702,14.058779,0
13.684367,4.06943,0
8.386912,-4.760013,0
13.273297,-5.5610886,1
6.8989797,0.5471455,1
11.659603,-5.117326,0
10.975934,-4.939476,0
9.605067,11.937314,0
12.893925,15.548742,0
9.696655,14.402262,0
16.605827,7.908253,1
13.357468,7.6518435,1
-3.78075,12.307757,1
-3.191645,13.9907465,1
16.289062,9.651002,0
-1.01024,-4.539162,0
6.6972175,12.026305,0
3.3717349,16.838947,0
3.347957,16.986639,0
15.680041,8.168348,0
-3.096196,13.61093,1
15.957301,9.309624,0
9.28653,-4.668736,1
12.18691,-5.460939,0
11.191231,0.676925,1
6.253662,3.9055998,1
10.037786,14.574947,0
7.0211277,0.95393664,0
13.290656,15.06092,0
11.77032,1.8471725,0
11.365599,-4.0235305,0
11.729516,3.2841182,1
13.196156,-3.955272,0
-4.3188515,3.6965845,1
-3.8936806,12.751297,1
6.061784,0.48236126,1
6.6698956,1.0735644,1
15.4046,9.451452,0
13.629784,7.9649367,0
6.5789676,4.9573407,1
8.670485,-4.873416,0
10.945314,1.0394766,1
-1.8511006,-3.0697932,1
-5.136764,-0.833662,0
-2.7306852,13.156284,1
10.394351,-3.1859593,0
12.742456,13.953369,0
12.382454,3.3368766,1
8.946209,-5.0630465,1
9.55992,-4.4974174,1
18.510254,1.6423795,0
3.3352141,16.955118,1
-1.6657742,-3.9353182,1
-3.2100387,13.927503,0
10.397747,-4.5397305,0
9.191273,9.988794,1
-4.4140663,3.786622,1
13.721441,7.0640993,1
15.839214,6.425301,0
17.512787,1.4120979,0
-1.1857318,-4.2077956,0
5.7863374,1.3570201,1
11.232293,0.6412915,1
3.0610423,1.0407395,1
13.754435,-5.278785,1
13.484961,-3.840487,1
13.760324,-5.559567,1
4.1016684,1.4987913,1
13.451854,-5.1306224,1
10.335717,14.071164,1
13.165544,-6.286986,0
17.952953,1.1306342,0
6.7777247,4.8663974,1
15.8990555,6.577617,0
10.116193,11.644422,0
8.413169,-4.4963636,0
8.910721,9.473084,1
13.652839,-0.39152676,0
-3.70486,13.755538,1
8.6985235,-4.1427994,0
14.030274,3.9663146,1
18.453648,3.681918,0
11.430095,-3.769229,0
12.24245,-3.6113496,1
6.273422,2.5444236,1
1.6957688,15.373582,1
-2.159381,3.4177868,1
4.023307,3.6656215,1
11.6724,6.8546033,0
10.65621,11.407803,1
13.500791,-5.083544,1
11.2355995,-6.410378,0
12.404599,2.5483103,0
10.981312,11.682092,0
-2.1793673,7.088498,0
11.013689,-5.132229,0
10.342045,14.458837,1
11.741522,-5.9881144,0
11.272999,-4.096247,0
18.13407,1.3160275,1
10.997056,11.977889,1
2.7192047,15.838331,1
