model,cv_acc_mean,cv_f1_mean,cv_auc_mean,test_acc,test_f1,test_auc
logistic_regression,0.7286201421457652,0.7111723027311461,0.7917017119877843,0.7224528439297939,0.7028460038986355,0.7884036680460195
