model,cv_acc_mean,cv_f1_mean,cv_auc_mean,test_acc,test_f1,test_auc
mlp,0.7323526569535828,0.7187747814905234,0.7983629326352537,0.732721578909038,0.7154156327543424,0.7973832668283958
