model,cv_acc_mean,cv_f1_mean,cv_auc_mean,test_acc,test_f1,test_auc
hist_gradient_boosting,0.7360486805652016,0.721075820387094,0.8017390103021096,0.7303910858641032,0.7132011155872328,0.7989789652134145
