model,round,cv_acc_mean,cv_f1_mean,cv_auc_mean,test_acc,test_f1,test_auc
hist_gradient_boosting,round_2_tuned,,,0.800946126123423,0.7301726021411404,0.713213096988931,0.7993182195379682
random_forest,round_2_tuned,,,0.8003022572962024,0.7300997742334863,0.7142196175200494,0.7979382019465633
mlp,round_2_tuned,,,0.7989510900408123,0.7305367416794115,0.7213435758397349,0.7971653793645868
logistic_regression,round_2_tuned,,,0.7915023599928516,0.7223071881144855,0.7026900584795321,0.7884263076335045
